data;horario;n_da_ocorrencia;tipo_de_ocorrencia;km;trecho;sentido;tipo_de_acidente;automovel;bicicleta;caminhao;moto;onibus;outros;tracao_animal;transporte_de_cargas_especiais;trator_maquinas;utilitarios;ilesos;levemente_feridos;moderadamente_feridos;gravemente_feridos;mortos
"06/05/2024";"20:14:04";"171";"Sem vítima";"311,200";"151/PR";"Crescente";"Colisão traseira";1;0;0;1;0;0;0;0;0;0;1;0;0;0;0
"06/05/2024";"22:47:00";"178";"Com vítima";"83,200";"BR-277/PR";"Crescente";"Colisão lateral no mesmo sentido";1;0;0;1;0;0;0;0;0;0;1;0;1;0;0
"07/05/2024";"12:39:10";"111";"Sem vítima";"4,350";"239/PR";"Decrescente";"Tombamento";0;0;1;0;0;0;0;0;0;0;1;0;0;0;0
"07/05/2024";"16:49:21";"147";"Sem vítima";"31,800";"BR-369/PR";"Crescente";"Colisão traseira";1;0;0;0;0;0;0;0;0;0;1;0;0;0;0
"08/05/2024";"18:17:00";"172";"Com vítima";"70,950";"BR-277/PR";"Decrescente";"Atropelamento de pedestre";0;0;0;1;0;0;0;0;0;0;0;1;0;0;0
"08/05/2024";"18:37:25";"177";"Sem vítima";"14,010";"BR-277/PR";"Crescente";"Saída de pista";1;0;0;0;0;0;0;0;0;0;1;0;0;0;0
"08/05/2024";"21:45:55";"194";"Sem vítima";"3,110";"BR-277/PR";"Decrescente";"Choque";1;0;0;0;0;0;0;0;0;0;1;0;0;0;0
"09/05/2024";"06:48:00";"31";"Sem vítima";"63,264";"BR-369/PR";"Crescente";"Colisão traseira";1;0;0;0;0;0;0;0;0;0;1;0;0;0;0
"09/05/2024";"07:40:48";"58";"Com vítima";"75,510";"BR-277/PR";"Crescente";"Colisão traseira";1;0;0;1;0;0;0;0;0;0;2;0;0;1;0
"09/05/2024";"08:35:49";"81";"Sem vítima";"5,300";"BR-277/PR";"Decrescente";"Colisão lateral no mesmo sentido";2;0;1;0;0;0;0;0;0;0;5;0;0;0;0
"09/05/2024";"09:09:51";"98";"Sem vítima";"42,300";"BR-277/PR";"Crescente";"Colisão traseira";1;0;0;0;0;0;0;0;0;0;1;0;0;0;0
"09/05/2024";"14:10:46";"155";"Sem vítima";"75,500";"BR-277/PR";"Decrescente";"Choque";0;0;0;0;0;0;0;0;0;1;1;0;0;0;0
"09/05/2024";"15:18:17";"165";"Com vítima";"70,740";"BR-277/PR";"Decrescente";"Choque";1;0;0;0;0;0;0;0;0;0;0;1;1;0;0
"09/05/2024";"18:12:42";"187";"Com vítima";"18,100";"407/PR";"Decrescente";"Queda de moto";0;0;0;1;0;0;0;0;0;0;0;1;0;0;0
"09/05/2024";"19:32:00";"200";"Sem vítima";"39,200";"BR-277/PR";"Crescente";"Saída de pista";0;0;1;0;0;0;0;0;0;0;1;0;0;0;0
"10/05/2024";"13:02:55";"126";"Sem vítima";"80,360";"BR-277/PR";"Decrescente";"Colisão traseira";2;0;0;0;0;0;0;0;0;0;2;0;0;0;0
"10/05/2024";"14:38:07";"144";"Sem vítima";"7,670";"239/PR";"Decrescente";"Queda de moto";0;0;0;1;0;0;0;0;0;0;1;0;0;0;0
"10/05/2024";"15:27:23";"159";"Sem vítima";"251,200";"151/PR";"Crescente";"Tombamento";0;0;1;0;0;0;0;0;0;0;1;0;0;0;0
"10/05/2024";"16:09:17";"167";"Com vítima";"80,300";"BR-277/PR";"Decrescente";"Colisão traseira";0;0;0;1;0;0;0;0;0;0;0;1;0;0;0
"10/05/2024";"19:12:59";"193";"Com vítima";"81,500";"BR-277/PR";"Decrescente";"Colisão lateral no mesmo sentido";1;0;0;1;0;0;0;0;0;0;1;0;1;0;0
"10/05/2024";"19:42:35";"200";"Sem vítima";"64,100";"BR-277/PR";"Crescente";"Queda de moto";0;0;0;1;0;0;0;0;0;0;1;0;0;0;0
"10/05/2024";"23:21:00";"222";"Sem vítima";"25,235";"BR-277/PR";"Crescente";"Choque";1;0;0;0;0;0;0;0;0;0;0;0;0;0;0
"11/05/2024";"00:44:29";"10";"Sem vítima";"45,494";"BR-153/PR";"Crescente";"Choque";1;0;0;0;0;0;0;0;0;0;2;0;0;0;0
"11/05/2024";"05:16:27";"24";"Sem vítima";"249,110";"151/PR";"Decrescente";"Choque";1;0;0;0;0;0;0;0;0;0;1;0;0;0;0
"11/05/2024";"06:31:00";"28";"Com vítima";"1,850";"BR-153/PR";"Crescente";"Choque";0;0;0;1;0;0;0;0;0;0;0;0;1;0;0
"11/05/2024";"11:53:00";"114";"Sem vítima";"307,050";"151/PR";"Decrescente";"Queda de moto";0;0;0;1;0;0;0;0;0;0;2;0;0;0;0
"11/05/2024";"11:53:58";"131";"Com vítima";"307,050";"151/PR";"Decrescente";"Queda de moto";0;0;0;1;0;0;0;0;0;0;0;2;0;0;0
"11/05/2024";"12:02:16";"119";"Sem vítima";"21,120";"BR-369/PR";"Crescente";"Colisão traseira";2;0;0;0;0;0;0;0;0;0;3;0;0;0;0
"11/05/2024";"18:47:00";"187";"Sem vítima";"0,050";"407/PR";"Decrescente";"Choque";1;0;0;0;0;0;0;0;0;0;3;0;0;0;0
"11/05/2024";"19:32:14";"196";"Com vítima";"48,100";"BR-153/PR";"Crescente";"Colisão lateral no mesmo sentido";1;1;0;0;0;0;0;0;0;0;2;0;1;0;0
"12/05/2024";"00:57:00";"12";"Sem vítima";"4,500";"508/PR";"Crescente";"Choque";1;0;0;0;0;0;0;0;0;0;1;0;0;0;0
"12/05/2024";"01:28:08";"14";"Sem vítima";"77,815";"BR-277/PR";"Crescente";"Colisão lateral no mesmo sentido";2;0;0;0;0;0;0;0;0;0;4;0;0;0;0
"12/05/2024";"05:22:04";"25";"Sem vítima";"4,863";"BR-277/PR";"Crescente";"Tombamento";0;0;1;0;0;0;0;0;0;0;2;0;0;0;0
"12/05/2024";"06:09:51";"27";"Sem vítima";"314,010";"151/PR";"Decrescente";"Capotamento";1;0;0;0;0;0;0;0;0;0;1;0;0;0;0
"12/05/2024";"07:18:10";"32";"Sem vítima";"16,120";"508/PR";"Crescente";"Capotamento";1;0;0;0;0;0;0;0;0;0;2;0;0;0;0
"12/05/2024";"08:06:42";"39";"Com vítima";"72,120";"BR-277/PR";"Decrescente";"Queda de moto";0;0;0;1;0;0;0;0;0;0;0;2;0;0;0
"12/05/2024";"08:50:54";"49";"Com vítima";"40,072";"BR-277/PR";"Crescente";"Queda de moto";0;0;0;1;0;0;0;0;0;0;0;0;1;0;0
"12/05/2024";"14:48:59";"103";"Com vítima";"241,100";"151/PR";"Crescente";"Capotamento";1;0;0;0;0;0;0;0;0;0;0;2;2;1;0
"12/05/2024";"17:38:47";"130";"Com vítima";"19,100";"BR-369/PR";"Decrescente";"Queda de moto";0;0;0;1;0;0;0;0;0;0;0;0;1;0;0
"12/05/2024";"18:51:30";"140";"Sem vítima";"73,800";"BR-277/PR";"Crescente";"Colisão traseira";2;0;0;0;0;0;0;0;0;0;3;0;0;0;0
"12/05/2024";"19:53:14";"149";"Sem vítima";"36,800";"BR-277/PR";"Decrescente";"Saída de pista";1;0;0;0;0;0;0;0;0;0;1;0;0;0;0
"12/05/2024";"21:29:11";"165";"Sem vítima";"12,080";"BR-277/PR";"Crescente";"Colisão traseira";0;0;0;0;0;0;0;0;0;1;3;0;0;0;0
"13/05/2024";"01:24:42";"16";"Sem vítima";"36,300";"BR-277/PR";"Decrescente";"Choque";1;0;0;0;0;0;0;0;0;0;1;0;0;0;0
"13/05/2024";"08:28:08";"67";"Sem vítima";"38,100";"BR-277/PR";"Decrescente";"Tombamento";0;0;1;0;0;0;0;0;0;0;0;0;0;0;0
"13/05/2024";"08:41:55";"70";"Com vítima";"33,620";"BR-277/PR";"Decrescente";"Tombamento";0;0;1;0;0;0;0;0;0;0;0;1;0;0;0
"13/05/2024";"12:24:37";"123";"Sem vítima";"215,750";"151/PR";"Decrescente";"Colisão transversal";1;0;1;0;0;0;0;0;0;0;2;0;0;0;0
"13/05/2024";"12:43:00";"131";"Com vítima";"1,010";"BR-277/PR";"Decrescente";"Queda de moto";0;0;0;1;0;0;0;0;0;0;0;1;0;0;0
"13/05/2024";"12:43:00";"135";"Com vítima";"1,010";"BR-277/PR";"Decrescente";"Queda de moto";0;0;0;1;0;0;0;0;0;0;0;1;0;0;0
"13/05/2024";"18:31:21";"172";"Com vítima";"2,350";"BR-277/PR";"Decrescente";"Colisão lateral no mesmo sentido";0;1;0;0;0;0;0;0;0;0;0;0;0;1;0
"13/05/2024";"18:35:47";"173";"Sem vítima";"224,800";"151/PR";"Decrescente";"Colisão lateral no mesmo sentido";0;0;1;0;0;0;0;0;0;0;1;0;0;0;0
"14/05/2024";"06:07:00";"25";"Sem vítima";"1,650";"BR-153/PR";"Crescente";"Tombamento";0;0;1;0;0;0;0;0;0;0;1;0;0;0;0
"14/05/2024";"08:36:24";"70";"Com vítima";"33,220";"BR-277/PR";"Crescente";"Choque";1;0;0;0;0;0;0;0;0;0;0;2;0;0;0
"14/05/2024";"08:38:08";"71";"Sem vítima";"32,556";"BR-277/PR";"Crescente";"Saída de pista";0;0;0;0;0;0;0;0;0;1;1;0;0;0;0
"14/05/2024";"11:54:37";"133";"Com vítima";"32,230";"BR-277/PR";"Crescente";"Tombamento";0;0;1;0;0;0;0;0;0;0;0;0;1;0;0
"14/05/2024";"16:00:00";"167";"Sem vítima";"1,010";"408/PR";"Decrescente";"Capotamento";0;0;0;0;0;0;0;0;0;1;1;0;0;0;0
"14/05/2024";"17:03:55";"178";"Sem vítima";"315,180";"151/PR";"Decrescente";"Colisão traseira";1;0;0;0;0;0;0;0;0;1;2;0;0;0;0
"14/05/2024";"17:14:43";"183";"Sem vítima";"315,180";"151/PR";"Crescente";"Colisão traseira";2;0;0;0;0;0;0;0;0;0;2;0;0;0;0
"14/05/2024";"18:28:29";"189";"Sem vítima";"73,100";"BR-277/PR";"Crescente";"Saída de pista";1;0;0;0;0;0;0;0;0;0;1;0;0;0;0
"14/05/2024";"18:31:29";"190";"Com vítima";"36,100";"BR-277/PR";"Decrescente";"Capotamento";1;0;0;0;0;0;0;0;0;0;0;2;0;0;0
"14/05/2024";"19:47:00";"199";"Sem vítima";"30,900";"BR-277/PR";"Decrescente";"Choque";1;0;0;0;0;0;0;0;0;0;1;0;0;0;0
"14/05/2024";"22:12:30";"214";"Sem vítima";"10,800";"BR-277/PR";"Decrescente";"Tombamento";0;0;1;0;0;0;0;0;0;0;1;0;0;0;0
"14/05/2024";"23:30:00";"219";"Sem vítima";"78,100";"BR-277/PR";"Decrescente";"Colisão traseira";1;0;1;0;0;0;0;0;0;0;2;0;0;0;0
"15/05/2024";"08:14:00";"68";"Com vítima";"305,400";"151/PR";"Crescente";"Capotamento";1;0;0;0;0;0;0;0;0;0;0;2;0;0;0
"15/05/2024";"09:20:51";"82";"Sem vítima";"81,500";"BR-277/PR";"Crescente";"Colisão lateral no mesmo sentido";1;0;0;1;0;0;0;0;0;0;1;0;0;0;0
"15/05/2024";"09:54:43";"92";"Sem vítima";"40,860";"BR-277/PR";"Decrescente";"Choque";0;0;1;0;0;0;0;0;0;0;1;0;0;0;0
"15/05/2024";"10:20:55";"97";"Sem vítima";"22,700";"BR-277/PR";"Crescente";"Colisão lateral no mesmo sentido";1;0;1;0;0;0;0;0;0;0;6;0;0;0;0
"15/05/2024";"12:55:36";"119";"Com vítima";"196,120";"151/PR";"Decrescente";"Capotamento";1;0;0;0;0;0;0;0;0;0;0;2;0;0;0
"15/05/2024";"13:19:50";"122";"Sem vítima";"31,100";"BR-153/PR";"Crescente";"Colisão lateral no mesmo sentido";0;0;3;0;0;0;0;0;0;0;3;0;0;0;0
"15/05/2024";"14:22:08";"126";"Com vítima";"282,200";"151/PR";"Crescente";"Capotamento";1;0;0;0;0;0;0;0;0;0;0;3;0;0;0
"15/05/2024";"15:25:46";"131";"Sem vítima";"180,830";"151/PR";"Decrescente";"Choque";1;0;0;0;0;0;0;0;0;0;0;0;0;0;0
"15/05/2024";"18:01:31";"148";"Com vítima";"83,500";"BR-277/PR";"Decrescente";"Colisão lateral no mesmo sentido";1;0;0;1;0;0;0;0;0;0;1;0;1;0;0
"16/05/2024";"01:52:00";"26";"Com vítima";"6,801";"239/PR";"Decrescente";"Tombamento";0;0;1;0;0;0;0;0;0;0;0;0;1;0;0
"16/05/2024";"10:44:26";"125";"Sem vítima";"5,143";"BR-277/PR";"Crescente";"Engavetamento";0;0;3;0;0;0;0;0;0;0;3;0;0;0;0
"16/05/2024";"10:58:00";"128";"Com vítima";"19,120";"BR-153/PR";"Decrescente";"Engavetamento";0;0;0;1;0;0;0;0;0;2;0;5;0;0;0
"16/05/2024";"13:14:48";"137";"Sem vítima";"259,260";"151/PR";"Crescente";"Tombamento";0;0;1;0;0;0;0;0;0;0;1;0;0;0;0
"16/05/2024";"14:09:00";"144";"Com vítima";"297,126";"151/PR";"Decrescente";"Colisão transversal";2;0;0;0;0;0;0;0;0;0;2;1;0;0;0
"16/05/2024";"16:45:07";"161";"Com vítima";"9,100";"411/PR";"Decrescente";"Atropelamento de animal";0;0;0;1;0;0;0;0;0;0;0;1;0;0;0
"16/05/2024";"18:51:13";"177";"Com vítima";"86,730";"BR-369/PR";"Decrescente";"Colisão lateral no mesmo sentido";2;0;0;0;0;0;0;0;0;0;1;1;0;0;0
"17/05/2024";"07:28:57";"55";"Sem vítima";"79,040";"BR-369/PR";"Crescente";"Colisão lateral no mesmo sentido";2;0;0;0;0;0;0;0;0;0;2;0;0;0;0
"17/05/2024";"08:30:26";"80";"Com vítima";"81,080";"BR-277/PR";"Crescente";"Engavetamento";3;0;0;1;0;0;0;0;0;0;0;2;1;0;0
"17/05/2024";"10:01:59";"113";"Sem vítima";"11,080";"239/PR";"Decrescente";"Tombamento";0;0;1;0;0;0;0;0;0;0;1;0;0;0;0
"17/05/2024";"13:13:49";"145";"Com vítima";"317,400";"151/PR";"Decrescente";"Atropelamento de pedestre";1;0;1;0;0;0;0;0;0;0;1;0;0;0;1
"17/05/2024";"18:43:00";"176";"Sem vítima";"12,280";"239/PR";"Crescente";"Colisão transversal";2;0;0;0;0;0;0;0;0;0;2;0;0;0;0
"17/05/2024";"19:17:21";"183";"Sem vítima";"66,458";"BR-277/PR";"Crescente";"Choque";1;0;0;0;0;0;0;0;0;0;2;0;0;0;0
"17/05/2024";"19:20:00";"184";"Com vítima";"260,080";"151/PR";"Crescente";"Tombamento";1;0;1;0;0;0;0;0;0;0;1;0;0;0;1
"17/05/2024";"19:28:00";"185";"Com vítima";"83,900";"BR-277/PR";"Decrescente";"Colisão traseira";1;0;0;1;0;0;0;0;0;0;1;1;0;0;0
"17/05/2024";"19:58:00";"188";"Sem vítima";"36,800";"BR-277/PR";"Decrescente";"Choque";1;0;0;0;0;0;0;0;0;0;1;0;0;0;0
"17/05/2024";"20:27:35";"189";"Com vítima";"188,900";"151/PR";"Decrescente";"Colisão transversal";2;0;0;0;0;0;0;0;0;0;5;1;0;0;0
"17/05/2024";"20:50:20";"190";"Sem vítima";"1,746";"855/PR";"Decrescente";"Tombamento";0;0;1;0;0;0;0;0;0;0;1;0;0;0;0
"17/05/2024";"22:39:00";"197";"Sem vítima";"25,200";"BR-277/PR";"Crescente";"Saída de pista";0;0;1;0;0;0;0;0;0;0;1;0;0;0;0
"18/05/2024";"00:05:34";"2";"Sem vítima";"318,010";"151/PR";"Decrescente";"Choque";1;0;0;0;0;0;0;0;0;0;1;0;0;0;0
"18/05/2024";"03:14:37";"21";"Sem vítima";"294,600";"151/PR";"Crescente";"Colisão traseira";2;0;0;0;0;0;0;0;0;0;2;0;0;0;0
"18/05/2024";"05:17:27";"27";"Com vítima";"81,010";"BR-277/PR";"Decrescente";"Capotamento";1;0;0;0;0;0;0;0;0;0;0;0;2;0;0
"18/05/2024";"05:47:44";"31";"Sem vítima";"295,870";"151/PR";"Decrescente";"Choque";1;0;0;0;0;0;0;0;0;0;1;0;0;0;0
"18/05/2024";"05:49:00";"32";"Sem vítima";"58,100";"BR-277/PR";"Decrescente";"Choque";1;0;0;0;0;0;0;0;0;0;2;0;0;0;0
"18/05/2024";"06:27:33";"36";"Sem vítima";"8,980";"BR-277/PR";"Decrescente";"Tombamento";0;0;1;0;0;0;0;0;0;0;1;0;0;0;0
"18/05/2024";"07:09:00";"39";"Sem vítima";"316,482";"151/PR";"Decrescente";"Capotamento";1;0;0;0;0;0;0;0;0;0;1;0;0;0;0
"18/05/2024";"08:03:19";"52";"Sem vítima";"67,450";"BR-277/PR";"Crescente";"Colisão traseira";2;0;0;0;0;0;0;0;0;0;2;0;0;0;0
"18/05/2024";"08:22:24";"56";"Sem vítima";"67,422";"BR-277/PR";"Crescente";"Choque";0;0;1;0;0;0;0;0;0;0;1;0;0;0;0
"18/05/2024";"10:51:51";"77";"Sem vítima";"44,200";"BR-277/PR";"Decrescente";"Choque";1;0;0;0;0;0;0;0;0;0;3;0;0;0;0
"18/05/2024";"12:40:19";"94";"Com vítima";"73,849";"BR-369/PR";"Crescente";"Colisão transversal";0;0;0;1;0;0;0;0;0;0;0;1;0;0;0
"18/05/2024";"15:57:33";"116";"Sem vítima";"61,850";"BR-277/PR";"Crescente";"Saída de pista";1;0;0;0;0;0;0;0;0;0;1;0;0;0;0
"18/05/2024";"18:20:00";"126";"Com vítima";"33,500";"BR-277/PR";"Decrescente";"Queda de moto";0;0;0;1;0;0;0;0;0;0;1;0;1;0;0
"18/05/2024";"18:43:47";"132";"Com vítima";"3,100";"BR-277/PR";"Crescente";"Colisão traseira";1;0;0;1;0;0;0;0;0;0;1;1;0;0;0
"18/05/2024";"23:55:06";"153";"Com vítima";"61,010";"BR-277/PR";"Decrescente";"Atropelamento de pedestre";0;0;0;0;0;0;0;0;0;0;0;1;0;0;0
"19/05/2024";"01:02:26";"14";"Com vítima";"226,900";"151/PR";"Decrescente";"Atropelamento de pedestre";0;0;1;0;0;0;0;0;0;0;1;0;0;0;1
"19/05/2024";"02:38:56";"22";"Sem vítima";"289,500";"151/PR";"Decrescente";"Choque";1;0;0;0;0;0;0;0;0;0;1;0;0;0;0
"19/05/2024";"05:06:00";"29";"Sem vítima";"8,200";"BR-277/PR";"Crescente";"Choque";1;0;0;0;0;0;0;0;0;0;1;0;0;0;0
"19/05/2024";"10:11:11";"48";"Sem vítima";"19,459";"BR-153/PR";"Crescente";"Tombamento";0;0;1;0;0;0;0;0;0;0;1;0;0;0;0
"19/05/2024";"13:21:00";"65";"Sem vítima";"256,500";"151/PR";"Crescente";"Choque";1;0;0;0;0;0;0;0;0;0;1;0;0;0;0
"19/05/2024";"18:23:25";"105";"Com vítima";"86,183";"BR-369/PR";"Decrescente";"Colisão transversal";1;0;0;0;0;0;0;0;0;1;2;1;0;0;0
"20/05/2024";"01:39:25";"18";"Sem vítima";"257,100";"151/PR";"Crescente";"Choque";1;0;0;0;0;0;0;0;0;0;2;0;0;0;0
"20/05/2024";"07:04:00";"35";"Com vítima";"11,200";"407/PR";"Decrescente";"Colisão lateral no mesmo sentido";1;0;0;1;0;0;0;0;0;0;1;0;1;0;0
"20/05/2024";"15:37:04";"155";"Sem vítima";"277,400";"151/PR";"Decrescente";"Choque";1;0;0;0;0;0;0;0;0;0;4;0;0;0;0
"20/05/2024";"16:10:54";"163";"Com vítima";"275,700";"151/PR";"Crescente";"Saída de pista";0;0;1;0;0;0;0;0;0;0;0;1;0;0;0
"21/05/2024";"06:47:00";"28";"Sem vítima";"43,980";"BR-277/PR";"Crescente";"Saída de pista";0;0;1;0;0;0;0;0;0;0;1;0;0;0;0
"21/05/2024";"08:54:11";"75";"Sem vítima";"185,400";"151/PR";"Decrescente";"Saída de pista";0;0;1;0;0;0;0;0;0;0;1;0;0;0;0
"21/05/2024";"10:05:44";"93";"Sem vítima";"4,600";"855/PR";"Crescente";"Colisão transversal";0;0;0;0;0;0;0;0;0;2;3;0;0;0;0
"21/05/2024";"14:13:23";"143";"Sem vítima";"80,400";"BR-277/PR";"Crescente";"Colisão traseira";2;0;0;0;0;0;0;0;0;0;2;0;0;0;0
"21/05/2024";"16:20:00";"165";"Com vítima";"1,744";"411/PR";"Decrescente";"Colisão transversal";1;0;0;1;0;0;0;0;0;0;1;0;1;1;0
"21/05/2024";"19:27:06";"192";"Com vítima";"19,610";"BR-277/PR";"Crescente";"Colisão traseira";0;0;2;0;0;0;0;0;0;0;1;0;1;0;0
"21/05/2024";"23:51:25";"216";"Sem vítima";"37,050";"BR-153/PR";"Crescente";"Atropelamento de animal";0;0;0;0;1;0;0;0;0;0;1;0;0;0;0
"22/05/2024";"06:28:44";"30";"Sem vítima";"43,200";"BR-277/PR";"Decrescente";"Choque";0;0;1;0;0;0;0;0;0;0;2;0;0;0;0
"22/05/2024";"08:24:00";"65";"Com vítima";"80,223";"BR-277/PR";"Crescente";"Colisão lateral no mesmo sentido";1;0;0;2;0;0;0;0;0;0;2;1;1;0;0
"22/05/2024";"08:28:00";"67";"Com vítima";"81,211";"BR-277/PR";"Crescente";"Colisão traseira";1;0;0;2;0;0;0;0;0;0;1;1;1;0;0
"22/05/2024";"11:23:09";"130";"Sem vítima";"60,250";"BR-277/PR";"Crescente";"Colisão traseira";1;0;1;0;0;0;0;0;0;0;2;0;0;0;0
"22/05/2024";"14:41:42";"158";"Sem vítima";"271,100";"151/PR";"Crescente";"Saída de pista";1;0;0;0;0;0;0;0;0;0;1;0;0;0;0
"22/05/2024";"17:25:49";"187";"Com vítima";"0,100";"508/PR";"Decrescente";"Colisão traseira";0;0;0;1;0;0;0;0;0;0;0;1;0;0;0
"22/05/2024";"18:20:30";"197";"Com vítima";"74,900";"BR-277/PR";"Decrescente";"Colisão traseira";1;0;0;1;0;0;0;0;0;0;1;1;0;0;0
"22/05/2024";"19:35:00";"211";"Com vítima";"65,800";"BR-277/PR";"Decrescente";"Choque";1;0;0;0;0;0;0;0;0;0;0;1;0;0;0
"23/05/2024";"02:04:00";"18";"Com vítima";"20,228";"BR-153/PR";"Decrescente";"Colisão traseira";1;0;0;1;0;0;0;0;0;0;1;1;0;0;0
"23/05/2024";"15:15:30";"161";"Com vítima";"63,119";"BR-277/PR";"Decrescente";"Capotamento";1;0;0;0;0;0;0;0;0;0;0;4;0;0;0
"23/05/2024";"18:46:00";"188";"Com vítima";"69,500";"BR-277/PR";"Crescente";"Engavetamento";3;0;0;0;0;0;0;0;0;0;3;1;0;0;0
"23/05/2024";"19:56:15";"197";"Com vítima";"71,720";"BR-277/PR";"Decrescente";"Colisão traseira";2;0;0;0;0;0;0;0;0;0;0;2;0;0;0
"23/05/2024";"20:10:44";"198";"Com vítima";"31,620";"BR-153/PR";"Crescente";"Colisão transversal";1;0;1;0;0;0;0;0;0;0;1;0;0;1;0
"24/05/2024";"07:03:52";"26";"Sem vítima";"281,900";"151/PR";"Crescente";"Saída de pista";1;0;0;0;0;0;0;0;0;0;1;0;0;0;0
"24/05/2024";"07:28:00";"41";"Com vítima";"76,800";"BR-277/PR";"Crescente";"Colisão lateral no mesmo sentido";1;0;0;1;0;0;0;0;0;0;3;1;0;0;0
"24/05/2024";"07:37:15";"50";"Sem vítima";"285,050";"151/PR";"Crescente";"Colisão transversal";1;0;0;0;0;0;0;0;0;1;3;0;0;0;0
"24/05/2024";"08:19:04";"64";"Com vítima";"78,050";"BR-277/PR";"Crescente";"Colisão lateral no mesmo sentido";0;0;0;2;0;0;0;0;0;0;0;2;0;0;0
"24/05/2024";"09:00:00";"72";"Com vítima";"23,700";"BR-153/PR";"Decrescente";"Colisão traseira";2;0;0;0;0;0;0;0;0;0;1;1;0;0;0
"24/05/2024";"10:21:17";"84";"Sem vítima";"41,990";"BR-277/PR";"Decrescente";"Colisão traseira";0;0;2;0;0;0;0;0;0;1;5;0;0;0;0
"24/05/2024";"15:22:00";"133";"Com vítima";"81,527";"BR-277/PR";"Decrescente";"Queda de moto";0;0;0;1;0;1;0;0;0;0;0;0;1;0;0
"24/05/2024";"16:54:49";"141";"Sem vítima";"81,530";"BR-277/PR";"Decrescente";"Colisão traseira";1;0;0;1;0;0;0;0;0;0;3;0;0;0;0
"24/05/2024";"18:58:01";"155";"Sem vítima";"39,100";"BR-277/PR";"Crescente";"Colisão traseira";1;0;0;0;0;0;0;0;0;0;1;0;0;0;0
"24/05/2024";"20:14:00";"167";"Sem vítima";"29,300";"BR-277/PR";"Decrescente";"Saída de pista";1;0;0;0;0;0;0;0;0;0;1;0;0;0;0
"25/05/2024";"05:58:00";"21";"Sem vítima";"5,009";"407/PR";"Crescente";"Saída de pista";1;0;0;0;0;0;0;0;0;0;3;0;0;0;0
"25/05/2024";"08:59:00";"50";"Sem vítima";"65,120";"BR-277/PR";"Crescente";"Colisão traseira";2;0;0;0;0;0;0;0;0;0;2;0;0;0;0
"25/05/2024";"13:26:50";"91";"Sem vítima";"51,900";"BR-277/PR";"Crescente";"Colisão lateral no mesmo sentido";1;0;1;0;0;0;0;0;0;0;4;0;0;0;0
"25/05/2024";"17:40:55";"120";"Com vítima";"11,120";"407/PR";"Decrescente";"Colisão traseira";0;0;0;1;0;0;0;0;0;1;1;1;0;1;0
"25/05/2024";"20:55:55";"143";"Sem vítima";"3,500";"BR-277/PR";"Decrescente";"Colisão lateral no mesmo sentido";1;0;1;0;0;0;0;0;0;0;2;0;0;0;0
"25/05/2024";"21:43:57";"146";"Sem vítima";"61,220";"BR-277/PR";"Decrescente";"Saída de pista";1;0;0;0;0;0;0;0;0;0;1;0;0;0;0
"25/05/2024";"21:50:01";"147";"Com vítima";"71,950";"BR-277/PR";"Crescente";"Colisão lateral no mesmo sentido";2;0;0;0;0;0;0;0;0;0;3;4;0;0;0
"26/05/2024";"03:38:00";"23";"Com vítima";"75,119";"BR-277/PR";"Crescente";"Choque";1;0;0;1;0;0;0;0;0;0;1;1;0;0;0
"26/05/2024";"03:38:28";"25";"Com vítima";"75,120";"BR-277/PR";"Crescente";"Queda de moto";0;0;0;1;0;0;0;0;0;0;0;1;0;0;0
"26/05/2024";"04:54:00";"26";"Sem vítima";"76,800";"BR-277/PR";"Crescente";"Choque";1;0;0;0;0;0;0;0;0;0;1;0;0;0;0
"26/05/2024";"06:40:19";"32";"Sem vítima";"42,980";"BR-277/PR";"Crescente";"Choque";0;0;0;0;0;0;0;0;0;1;2;0;0;0;0
"26/05/2024";"07:15:00";"35";"Sem vítima";"301,070";"151/PR";"Decrescente";"Choque";1;0;0;0;0;0;0;0;0;0;1;0;0;0;0
"26/05/2024";"08:51:55";"45";"Sem vítima";"36,400";"BR-277/PR";"Decrescente";"Choque";1;0;0;0;0;0;0;0;0;0;5;0;0;0;0
"26/05/2024";"13:27:38";"100";"Com vítima";"22,092";"BR-153/PR";"Decrescente";"Tombamento";0;0;1;0;0;0;0;0;0;0;0;0;1;0;0
"26/05/2024";"14:49:43";"108";"Com vítima";"306,900";"151/PR";"Crescente";"Capotamento";1;0;0;0;0;0;0;0;0;0;0;3;0;0;0
"26/05/2024";"18:19:25";"128";"Com vítima";"83,590";"BR-277/PR";"Crescente";"Choque";1;0;0;0;0;0;0;0;0;0;0;1;0;0;0
"26/05/2024";"18:20:00";"129";"Sem vítima";"294,840";"151/PR";"Crescente";"Saída de pista";1;0;0;0;0;0;0;0;0;0;1;0;0;0;0