data;horario;n_da_ocorrencia;tipo_de_ocorrencia;km;trecho;sentido;tipo_de_acidente;automovel;bicicleta;caminhao;moto;onibus;outros;tracao_animal;transporte_de_cargas_especiais;trator_maquinas;utilitarios;ilesos;levemente_feridos;moderadamente_feridos;gravemente_feridos;mortos
"16/07/2024";"14:00:57";"154";"Com vítima";"81,647";"BR-277/PR";"Decrescente";"Choque";1;0;0;0;0;0;0;0;0;0;0;1;0;0;0
"16/07/2024";"21:03:00";"207";"Sem vítima";"29,490";"BR-277/PR";"Decrescente";"Choque";1;0;0;0;0;0;0;0;0;0;1;0;0;0;0
"17/07/2024";"08:04:00";"73";"Sem vítima";"213,610";"151/PR";"Decrescente";"Colisão transversal";2;0;0;0;0;0;0;0;0;0;2;0;0;0;0
"17/07/2024";"08:35:07";"95";"Sem vítima";"36,530";"BR-277/PR";"Decrescente";"Colisão traseira";0;0;1;0;0;0;0;0;0;0;1;0;0;0;0
"17/07/2024";"10:59:29";"126";"Sem vítima";"82,701";"BR-277/PR";"Decrescente";"Colisão traseira";2;0;0;0;0;0;0;0;0;0;2;0;0;0;0
"17/07/2024";"13:36:23";"138";"Sem vítima";"60,250";"BR-277/PR";"Crescente";"Colisão traseira";2;0;0;0;0;0;0;0;0;0;2;0;0;0;0
"17/07/2024";"15:27:15";"160";"Sem vítima";"316,780";"151/PR";"Decrescente";"Saída de pista";0;0;1;0;0;0;0;0;0;0;2;0;0;0;0
"17/07/2024";"17:37:48";"183";"Com vítima";"312,187";"151/PR";"Crescente";"Colisão traseira";1;0;0;0;0;0;0;0;0;1;0;3;0;0;0
"17/07/2024";"18:39:59";"192";"Sem vítima";"77,200";"BR-277/PR";"Crescente";"Colisão traseira";2;0;0;0;0;0;0;0;0;0;2;0;0;0;0
"17/07/2024";"18:58:08";"194";"Com vítima";"70,060";"BR-277/PR";"Crescente";"Engavetamento";2;0;0;0;0;0;0;0;0;1;0;10;1;0;0
"18/07/2024";"06:56:18";"25";"Sem vítima";"281,593";"151/PR";"Decrescente";"Choque";1;0;0;0;0;0;0;0;0;0;1;0;0;0;0
"18/07/2024";"08:25:01";"69";"Com vítima";"79,970";"BR-277/PR";"Crescente";"Queda de moto";0;0;0;1;0;0;0;0;0;1;2;1;1;0;0
"18/07/2024";"11:37:42";"123";"Com vítima";"3,587";"BR-277/PR";"Decrescente";"Colisão transversal";0;0;2;0;0;0;0;0;0;0;0;2;0;0;0
"18/07/2024";"14:17:49";"151";"Sem vítima";"22,769";"BR-153/PR";"Crescente";"Saída de pista";0;0;1;0;0;0;0;0;0;0;1;0;0;0;0
"18/07/2024";"14:27:34";"153";"Com vítima";"85,103";"BR-369/PR";"Decrescente";"Colisão traseira";2;0;0;0;0;0;0;0;0;0;0;5;0;0;0
"18/07/2024";"18:30:00";"183";"Com vítima";"310,530";"151/PR";"Crescente";"Engavetamento";3;0;0;1;0;0;0;0;0;0;3;2;1;0;0
"19/07/2024";"02:58:00";"22";"Sem vítima";"11,950";"407/PR";"Crescente";"Saída de pista";1;0;0;0;0;0;0;0;0;0;1;0;0;0;0
"19/07/2024";"03:04:55";"23";"Sem vítima";"310,500";"151/PR";"Decrescente";"Colisão traseira";1;0;0;0;0;0;0;0;0;0;2;0;0;0;0
"19/07/2024";"09:04:56";"100";"Com vítima";"219,549";"151/PR";"Crescente";"Colisão traseira";1;0;0;0;0;0;0;0;0;0;0;1;0;0;0
"19/07/2024";"13:23:57";"157";"Com vítima";"12,400";"BR-277/PR";"Decrescente";"Colisão lateral no mesmo sentido";1;0;1;0;0;0;0;0;0;0;2;1;0;0;0
"19/07/2024";"15:30:58";"184";"Com vítima";"9,730";"407/PR";"Decrescente";"Atropelamento de animal";0;0;0;1;0;0;0;0;0;0;0;1;0;0;0
"19/07/2024";"17:23:30";"198";"Com vítima";"60,300";"BR-277/PR";"Crescente";"Queda de moto";0;0;0;1;0;0;0;0;0;0;0;1;0;0;0
"19/07/2024";"17:29:02";"199";"Sem vítima";"76,010";"BR-277/PR";"Crescente";"Colisão traseira";1;0;0;0;0;0;0;0;0;0;1;0;0;0;0
"19/07/2024";"17:51:20";"203";"Com vítima";"74,010";"BR-277/PR";"Crescente";"Colisão traseira";0;0;0;1;0;0;0;0;0;1;1;0;0;1;0
"19/07/2024";"18:50:09";"209";"Sem vítima";"75,010";"BR-277/PR";"Crescente";"Colisão traseira";0;0;0;1;0;0;0;0;0;1;2;0;0;0;0
"19/07/2024";"22:05:45";"232";"Com vítima";"76,560";"BR-277/PR";"Crescente";"Atropelamento de pedestre";2;0;0;0;0;0;0;0;0;0;2;0;0;0;1
"20/07/2024";"10:41:46";"74";"Sem vítima";"306,856";"151/PR";"Decrescente";"Capotamento";1;0;0;0;0;0;0;0;0;0;1;0;0;0;0
"20/07/2024";"11:31:00";"84";"Com vítima";"47,651";"BR-277/PR";"Decrescente";"Colisão lateral no mesmo sentido";1;0;0;1;0;0;0;0;0;0;4;1;0;0;0
"20/07/2024";"12:30:22";"91";"Com vítima";"28,700";"BR-153/PR";"Decrescente";"Queda de moto";0;0;0;1;0;0;0;0;0;0;0;1;0;0;0
"20/07/2024";"15:18:00";"124";"Com vítima";"238,449";"151/PR";"Decrescente";"Colisão lateral no mesmo sentido";0;0;1;0;0;0;0;0;0;1;1;1;0;0;0
"20/07/2024";"15:32:38";"126";"Sem vítima";"305,600";"151/PR";"Decrescente";"Colisão traseira";1;0;1;0;0;0;0;0;0;0;3;0;0;0;0
"20/07/2024";"16:06:03";"132";"Sem vítima";"0,760";"407/PR";"Decrescente";"Saída de pista";0;0;0;1;0;0;0;0;0;0;1;0;0;0;0
"20/07/2024";"18:49:54";"156";"Sem vítima";"0,310";"BR-277/PR";"Decrescente";"Colisão transversal";2;0;0;0;0;0;0;0;0;0;2;0;0;0;0
"20/07/2024";"20:25:25";"170";"Sem vítima";"72,519";"BR-277/PR";"Crescente";"Colisão lateral no mesmo sentido";2;0;0;0;0;0;0;0;0;0;2;0;0;0;0
"20/07/2024";"21:56:07";"180";"Sem vítima";"302,025";"151/PR";"Crescente";"Colisão lateral no mesmo sentido";1;0;0;0;0;0;0;0;0;1;2;0;0;0;0
"21/07/2024";"04:18:30";"26";"Com vítima";"25,300";"BR-369/PR";"Crescente";"Choque";1;0;0;0;0;0;0;0;0;0;0;2;0;0;0
"21/07/2024";"05:02:00";"28";"Com vítima";"0,410";"BR-277/PR";"Decrescente";"Choque";0;0;0;0;0;0;0;0;0;1;0;0;1;0;0
"21/07/2024";"07:59:50";"39";"Com vítima";"293,451";"151/PR";"Crescente";"Colisão traseira";1;0;2;0;0;0;0;0;0;0;2;0;1;0;0
"21/07/2024";"08:25:14";"44";"Com vítima";"180,400";"151/PR";"Decrescente";"Colisão lateral no mesmo sentido";0;0;0;0;0;0;0;0;0;2;1;2;0;0;0
"21/07/2024";"19:49:48";"156";"Sem vítima";"66,580";"BR-277/PR";"Crescente";"Colisão traseira";1;0;0;0;0;0;0;0;0;0;2;0;0;0;0
"21/07/2024";"23:39:08";"187";"Com vítima";"0,200";"407/PR";"Decrescente";"Choque";1;0;0;0;0;0;0;0;0;0;0;2;1;0;0
"22/07/2024";"03:56:36";"20";"Com vítima";"7,352";"BR-277/PR";"Crescente";"Colisão lateral no mesmo sentido";1;0;0;1;0;0;0;0;0;0;3;0;0;1;0
"22/07/2024";"06:55:53";"26";"Sem vítima";"4,460";"BR-369/PR";"Crescente";"Choque";1;0;0;0;0;0;0;0;0;0;1;0;0;0;0
"22/07/2024";"12:04:43";"110";"Com vítima";"286,030";"151/PR";"Decrescente";"Capotamento";1;0;0;0;0;0;0;0;0;0;0;1;0;0;0
"22/07/2024";"17:39:00";"173";"Com vítima";"19,500";"408/PR";"Crescente";"Choque";1;0;0;0;0;0;0;0;0;0;0;0;1;0;0
"23/07/2024";"03:27:37";"21";"Sem vítima";"247,800";"151/PR";"Decrescente";"Atropelamento de animal";1;0;0;0;0;0;0;0;0;0;1;0;0;0;0
"23/07/2024";"07:28:11";"49";"Com vítima";"306,480";"151/PR";"Decrescente";"Engavetamento";1;0;4;0;0;0;0;0;0;1;4;4;0;0;0
"23/07/2024";"12:59:00";"148";"Com vítima";"269,098";"151/PR";"Crescente";"Choque";0;0;0;0;0;0;0;0;0;1;0;4;0;0;0
"23/07/2024";"18:57:00";"207";"Com vítima";"76,500";"BR-277/PR";"Crescente";"Colisão traseira";1;0;0;1;0;0;0;0;0;0;1;0;1;0;0
"24/07/2024";"00:14:01";"4";"Sem vítima";"70,500";"BR-277/PR";"Decrescente";"Capotamento";1;0;0;0;0;0;0;0;0;0;0;0;0;0;0
"24/07/2024";"06:34:05";"35";"Com vítima";"79,900";"BR-369/PR";"Decrescente";"Colisão lateral no mesmo sentido";1;0;0;1;0;0;0;0;0;0;2;1;0;0;0
"24/07/2024";"15:15:12";"171";"Sem vítima";"239,652";"151/PR";"Crescente";"Colisão lateral no mesmo sentido";2;0;0;0;0;0;0;0;0;0;2;0;0;0;0
"24/07/2024";"20:14:31";"216";"Com vítima";"209,112";"151/PR";"Crescente";"Colisão traseira";1;0;1;0;0;0;0;0;0;0;1;3;0;0;0
"24/07/2024";"21:38:16";"226";"Com vítima";"29,030";"BR-153/PR";"Decrescente";"Colisão lateral no mesmo sentido";1;0;1;0;0;0;0;0;0;0;1;0;1;0;0
"25/07/2024";"02:51:03";"28";"Sem vítima";"40,690";"BR-277/PR";"Decrescente";"Choque";0;0;1;0;0;0;0;0;0;0;1;0;0;0;0
"25/07/2024";"08:13:00";"94";"Sem vítima";"69,360";"BR-369/PR";"Crescente";"Choque";1;0;0;0;0;0;0;0;0;0;2;0;0;0;0
"25/07/2024";"09:03:16";"110";"Com vítima";"82,405";"BR-277/PR";"Crescente";"Colisão lateral no mesmo sentido";1;0;0;1;0;0;0;0;0;0;2;0;2;0;0
"25/07/2024";"15:34:54";"187";"Com vítima";"12,200";"411/PR";"Crescente";"Capotamento";0;0;0;0;0;0;0;0;0;1;0;1;1;0;0
"25/07/2024";"18:14:24";"213";"Com vítima";"74,095";"BR-277/PR";"Crescente";"Colisão lateral no mesmo sentido";1;0;0;1;0;0;0;0;0;0;3;0;1;0;0
"25/07/2024";"18:43:50";"222";"Sem vítima";"74,080";"BR-277/PR";"Crescente";"Engavetamento";3;0;0;0;0;1;0;0;0;0;6;0;0;0;0
"26/07/2024";"05:16:44";"49";"Sem vítima";"60,780";"BR-277/PR";"Decrescente";"Colisão lateral no mesmo sentido";0;0;1;0;0;0;0;0;0;0;1;0;0;0;0
"26/07/2024";"14:19:00";"168";"Com vítima";"0,890";"407/PR";"Decrescente";"Queda de moto";0;0;0;1;0;0;0;0;0;0;0;1;0;0;0
"26/07/2024";"17:16:29";"205";"Com vítima";"71,920";"BR-277/PR";"Crescente";"Capotamento";1;0;0;0;0;0;0;0;0;0;0;1;0;0;0
"26/07/2024";"18:28:40";"208";"Com vítima";"293,200";"151/PR";"Crescente";"Colisão traseira";1;0;0;1;0;0;0;0;0;0;1;0;0;2;0
"27/07/2024";"02:47:23";"18";"Com vítima";"67,350";"BR-277/PR";"Crescente";"Capotamento";1;0;0;0;0;0;0;0;0;0;0;0;1;0;1
"27/07/2024";"06:54:00";"28";"Sem vítima";"73,149";"BR-277/PR";"Crescente";"Capotamento";1;0;0;0;0;0;0;0;0;0;1;0;0;0;0
"27/07/2024";"10:32:39";"83";"Sem vítima";"4,320";"BR-369/PR";"Decrescente";"Capotamento";0;0;0;0;0;0;0;0;0;1;2;0;0;0;0
"27/07/2024";"12:52:00";"118";"Com vítima";"75,135";"BR-277/PR";"Crescente";"Choque";1;0;0;0;0;0;0;0;0;0;1;1;0;0;0
"27/07/2024";"17:37:18";"170";"Sem vítima";"36,800";"BR-277/PR";"Decrescente";"Saída de pista";0;0;1;0;0;0;0;0;0;0;1;0;0;0;0
"27/07/2024";"18:36:13";"176";"Com vítima";"75,519";"BR-277/PR";"Crescente";"Capotamento";1;0;0;0;0;0;0;0;0;0;0;2;0;0;0
"27/07/2024";"20:04:49";"189";"Com vítima";"12,100";"BR-277/PR";"Crescente";"Queda de bicicleta";0;1;0;0;0;0;0;0;0;0;0;1;0;0;0
"27/07/2024";"21:55:24";"197";"Com vítima";"56,060";"BR-277/PR";"Crescente";"Colisão transversal";2;0;0;0;0;0;0;0;0;0;0;0;3;2;0
"27/07/2024";"23:23:44";"205";"Sem vítima";"294,150";"151/PR";"Decrescente";"Choque";1;0;0;0;0;0;0;0;0;0;1;0;0;0;0
"28/07/2024";"00:56:20";"11";"Com vítima";"312,200";"151/PR";"Decrescente";"Saída de pista";1;0;0;0;0;0;0;0;0;0;0;2;0;0;0
"28/07/2024";"01:04:29";"14";"Com vítima";"78,150";"BR-277/PR";"Crescente";"Queda de moto";0;0;0;1;0;0;0;0;0;0;0;0;1;0;0
"28/07/2024";"02:00:48";"22";"Com vítima";"3,500";"407/PR";"Crescente";"Colisão transversal";1;1;0;0;0;0;0;0;0;0;1;1;0;0;0
"28/07/2024";"03:19:41";"28";"Sem vítima";"291,900";"151/PR";"Decrescente";"Atropelamento de animal";1;0;0;0;0;0;0;0;0;0;1;0;0;0;0
"28/07/2024";"07:41:53";"46";"Sem vítima";"13,450";"408/PR";"Crescente";"Choque";0;0;1;0;0;0;0;0;0;0;0;0;0;0;0
"28/07/2024";"08:50:34";"60";"Com vítima";"12,173";"BR-277/PR";"Decrescente";"Choque";1;0;0;0;0;0;0;0;0;0;0;2;0;0;0
"28/07/2024";"17:37:32";"178";"Com vítima";"20,200";"508/PR";"Decrescente";"Queda de moto";0;0;0;1;0;0;0;0;0;0;0;2;0;0;0
"28/07/2024";"18:03:49";"183";"Com vítima";"0,300";"508/PR";"Crescente";"Colisão frontal";1;0;0;1;0;0;0;0;0;0;3;1;2;0;0
"28/07/2024";"19:00:44";"200";"Sem vítima";"60,300";"BR-277/PR";"Decrescente";"Colisão transversal";1;0;0;0;0;0;0;0;0;1;3;0;0;0;0
"28/07/2024";"20:09:00";"211";"Com vítima";"71,100";"BR-277/PR";"Decrescente";"Queda de moto";0;0;0;1;0;0;0;0;0;0;0;2;0;0;0
"28/07/2024";"22:29:00";"221";"Com vítima";"294,600";"151/PR";"Crescente";"Capotamento";1;0;0;0;0;0;0;0;0;0;0;4;0;0;0
"29/07/2024";"02:16:04";"14";"Sem vítima";"67,480";"BR-277/PR";"Crescente";"Colisão traseira";1;0;0;0;0;0;0;0;0;1;1;0;0;0;0
"29/07/2024";"07:59:10";"86";"Com vítima";"29,427";"BR-369/PR";"Crescente";"Queda de moto";0;0;0;1;0;0;0;0;0;0;0;1;0;0;0
"29/07/2024";"08:17:00";"97";"Com vítima";"283,080";"151/PR";"Decrescente";"Capotamento";1;0;0;0;0;0;0;0;0;0;0;0;0;1;0
"29/07/2024";"10:20:18";"121";"Sem vítima";"32,500";"BR-277/PR";"Crescente";"Saída de pista";1;0;0;0;0;0;0;0;0;0;3;0;0;0;0
"29/07/2024";"11:04:43";"126";"Sem vítima";"32,500";"BR-277/PR";"Decrescente";"Saída de pista";1;0;0;0;0;0;0;0;0;0;1;0;0;0;0
"29/07/2024";"11:37:39";"128";"Com vítima";"33,100";"BR-277/PR";"Decrescente";"Queda de moto";0;0;0;1;0;0;0;0;0;0;0;1;0;0;0
"29/07/2024";"11:41:55";"129";"Sem vítima";"60,250";"BR-277/PR";"Crescente";"Colisão lateral no mesmo sentido";1;0;1;0;0;0;0;0;0;0;2;0;0;0;0
"29/07/2024";"12:58:00";"142";"Com vítima";"311,800";"151/PR";"Crescente";"Colisão traseira";0;0;0;0;0;0;0;0;0;1;0;1;0;0;0
"29/07/2024";"12:59:10";"143";"Sem vítima";"33,266";"BR-277/PR";"Crescente";"Choque";1;0;0;0;0;0;0;0;0;0;1;0;0;0;0
"29/07/2024";"12:59:10";"175";"Com vítima";"33,270";"BR-277/PR";"Crescente";"Colisão traseira";1;0;0;0;0;0;0;0;0;0;0;2;1;0;0
"29/07/2024";"14:06:17";"155";"Com vítima";"33,196";"BR-277/PR";"Crescente";"Capotamento";1;0;0;0;0;0;0;0;0;0;0;1;1;0;0
"29/07/2024";"14:16:06";"158";"Sem vítima";"32,500";"BR-277/PR";"Crescente";"Choque";0;0;1;0;0;0;0;0;0;0;1;0;0;0;0
"29/07/2024";"15:24:32";"165";"Sem vítima";"33,130";"BR-277/PR";"Crescente";"Choque";0;0;0;0;0;0;0;0;0;1;2;0;0;0;0
"29/07/2024";"15:27:28";"166";"Com vítima";"32,200";"BR-277/PR";"Decrescente";"Choque";1;0;0;0;0;0;0;0;0;0;4;0;1;0;0
"29/07/2024";"18:42:00";"183";"Sem vítima";"0,800";"804/PR";"Crescente";"Choque";1;0;0;0;0;0;0;0;0;0;1;0;0;0;0
"29/07/2024";"18:52:10";"184";"Sem vítima";"20,510";"BR-153/PR";"Decrescente";"Atropelamento de animal";0;0;1;0;0;0;0;0;0;0;1;0;0;0;0
"29/07/2024";"19:24:01";"188";"Sem vítima";"51,798";"BR-369/PR";"Decrescente";"Choque";1;0;0;0;0;0;0;0;0;0;1;0;0;0;0
"30/07/2024";"08:13:56";"78";"Com vítima";"81,120";"BR-277/PR";"Crescente";"Colisão traseira";1;0;0;1;0;0;0;0;0;0;0;1;0;0;0
"30/07/2024";"17:52:40";"174";"Com vítima";"36,400";"BR-277/PR";"Decrescente";"Choque";0;0;0;0;0;0;0;0;0;1;0;2;1;0;0
"31/07/2024";"07:04:27";"37";"Sem vítima";"36,335";"BR-277/PR";"Decrescente";"Colisão traseira";0;0;2;0;0;0;0;0;0;0;2;0;0;0;0
"31/07/2024";"17:47:29";"197";"Com vítima";"83,900";"BR-277/PR";"Decrescente";"Colisão traseira";1;0;0;1;0;0;0;0;0;0;1;1;0;0;0
"31/07/2024";"18:12:41";"199";"Com vítima";"315,300";"151/PR";"Decrescente";"Colisão lateral no mesmo sentido";1;0;2;0;0;0;0;0;0;0;2;1;0;0;0
"31/07/2024";"19:34:07";"208";"Com vítima";"10,900";"239/PR";"Decrescente";"Choque";1;0;0;0;0;0;0;0;0;0;0;2;0;0;0
"31/07/2024";"20:41:42";"215";"Sem vítima";"5,996";"BR-277/PR";"Decrescente";"Colisão lateral no mesmo sentido";0;0;2;0;0;0;0;0;0;0;2;0;0;0;0
"31/07/2024";"22:53:00";"224";"Com vítima";"74,100";"BR-277/PR";"Decrescente";"Colisão traseira";1;0;0;1;0;0;0;0;0;0;1;0;1;0;0
"01/08/2024";"08:09:00";"86";"Com vítima";"280,230";"151/PR";"Crescente";"Colisão frontal";2;0;0;0;0;0;0;0;0;0;0;3;0;0;0
"01/08/2024";"10:48:57";"123";"Sem vítima";"304,250";"151/PR";"Crescente";"Colisão traseira";1;0;1;0;0;0;0;0;0;0;3;0;0;0;0
"01/08/2024";"11:47:50";"138";"Sem vítima";"288,440";"151/PR";"Crescente";"Choque";1;0;0;0;0;0;0;0;0;0;1;0;0;0;0
"01/08/2024";"13:33:00";"160";"Com vítima";"7,775";"BR-277/PR";"Decrescente";"Queda de moto";0;0;0;1;0;0;0;0;0;0;0;0;1;0;0
"01/08/2024";"22:32:57";"221";"Sem vítima";"4,100";"407/PR";"Crescente";"Choque";1;0;0;0;0;0;0;0;0;0;1;0;0;0;0
"02/08/2024";"00:34:21";"6";"Sem vítima";"279,221";"151/PR";"Decrescente";"Colisão transversal";1;0;1;0;0;0;0;0;0;0;5;0;0;0;0
"02/08/2024";"07:09:35";"64";"Com vítima";"1,253";"BR-277/PR";"Decrescente";"Queda de moto";0;0;0;1;0;0;0;0;0;0;0;1;0;0;0
"02/08/2024";"07:52:44";"91";"Com vítima";"81,100";"BR-277/PR";"Crescente";"Queda de moto";0;0;0;1;0;0;0;0;0;0;0;0;1;0;0
"02/08/2024";"14:53:02";"171";"Sem vítima";"3,010";"407/PR";"Decrescente";"Colisão lateral no mesmo sentido";1;0;0;0;0;0;0;0;0;1;4;0;0;0;0
"02/08/2024";"18:35:43";"205";"Sem vítima";"242,840";"151/PR";"Crescente";"Choque";1;0;0;0;0;0;0;0;0;0;1;0;0;0;0
"03/08/2024";"03:55:05";"40";"Com vítima";"292,105";"151/PR";"Decrescente";"Colisão frontal";1;0;1;0;0;0;0;0;0;0;0;1;0;0;3
"03/08/2024";"09:55:39";"92";"Com vítima";"73,268";"BR-277/PR";"Crescente";"Colisão lateral no mesmo sentido";0;1;0;0;0;0;0;0;0;0;0;2;0;0;0
"03/08/2024";"15:17:42";"139";"Com vítima";"176,690";"151/PR";"Crescente";"Atropelamento de pedestre";0;0;0;1;0;0;0;0;0;0;1;0;0;1;0
"03/08/2024";"21:05:41";"189";"Com vítima";"6,519";"239/PR";"Crescente";"Choque";1;0;0;0;0;0;0;0;0;0;0;1;0;0;0
"03/08/2024";"21:48:23";"194";"Com vítima";"7,380";"408/PR";"Crescente";"Colisão frontal";2;0;0;0;0;0;0;0;0;0;0;1;1;2;0
"04/08/2024";"01:03:48";"23";"Com vítima";"317,035";"151/PR";"Decrescente";"Capotamento";1;0;0;0;0;0;0;0;0;0;1;1;0;0;0
"04/08/2024";"07:16:08";"49";"Com vítima";"47,090";"BR-277/PR";"Crescente";"Capotamento";1;0;0;0;0;0;0;0;0;0;0;1;0;0;0
"04/08/2024";"14:17:37";"104";"Sem vítima";"304,300";"151/PR";"Decrescente";"Choque";0;0;0;1;0;0;0;0;0;0;1;0;0;0;0
"04/08/2024";"16:01:57";"117";"Com vítima";"33,164";"BR-277/PR";"Crescente";"Queda de moto";0;0;0;1;0;0;0;0;0;0;0;0;1;0;0
"04/08/2024";"18:15:16";"149";"Com vítima";"5,500";"BR-277/PR";"Crescente";"Colisão traseira";0;0;0;1;0;0;0;0;0;0;0;1;0;0;0
"06/08/2024";"08:16:26";"90";"Com vítima";"70,529";"BR-369/PR";"Crescente";"Colisão transversal";1;0;1;0;0;0;0;0;0;0;1;0;1;0;2
"06/08/2024";"16:15:16";"167";"Sem vítima";"258,110";"151/PR";"Decrescente";"Colisão lateral no mesmo sentido";0;0;0;0;0;0;0;0;0;1;2;0;0;0;0
"06/08/2024";"17:08:48";"176";"Sem vítima";"60,250";"BR-277/PR";"Decrescente";"Colisão traseira";0;0;1;0;0;0;0;0;0;1;2;0;0;0;0
"06/08/2024";"17:54:47";"181";"Sem vítima";"74,400";"BR-277/PR";"Crescente";"Engavetamento";4;0;0;0;0;0;0;0;0;0;4;0;0;0;0
"06/08/2024";"18:43:23";"183";"Com vítima";"5,500";"BR-277/PR";"Crescente";"Engavetamento";2;0;1;0;0;0;0;0;0;0;2;2;0;0;0
"06/08/2024";"20:54:51";"196";"Com vítima";"87,120";"BR-369/PR";"Crescente";"Choque";0;0;1;0;0;0;0;0;0;0;0;1;0;0;0
"07/08/2024";"17:03:19";"227";"Com vítima";"291,411";"151/PR";"Decrescente";"Capotamento";1;0;0;0;0;0;0;0;0;0;0;1;0;0;0
"07/08/2024";"17:36:49";"236";"Com vítima";"82,245";"BR-277/PR";"Crescente";"Colisão lateral no mesmo sentido";1;0;0;1;0;0;0;0;0;0;4;1;0;0;0
"07/08/2024";"18:37:21";"243";"Sem vítima";"74,208";"BR-277/PR";"Crescente";"Engavetamento";4;0;0;0;0;0;0;0;0;0;7;0;0;0;0
"08/08/2024";"00:11:27";"5";"Sem vítima";"20,490";"BR-277/PR";"Crescente";"Choque";0;0;1;0;0;0;0;0;0;0;1;0;0;0;0
"08/08/2024";"07:57:07";"90";"Sem vítima";"74,215";"BR-277/PR";"Crescente";"Colisão traseira";0;0;1;1;0;0;0;0;0;0;2;0;0;0;0
"08/08/2024";"07:57:45";"91";"Com vítima";"79,430";"BR-277/PR";"Crescente";"Engavetamento";2;0;0;2;0;0;0;0;0;0;0;6;2;0;0
"08/08/2024";"13:54:46";"172";"Sem vítima";"291,940";"151/PR";"Decrescente";"Colisão traseira";0;0;0;0;0;0;0;0;0;1;2;0;0;0;0
"09/08/2024";"04:46:01";"23";"Sem vítima";"29,150";"BR-277/PR";"Crescente";"Choque";1;0;0;0;0;0;0;0;0;0;1;0;0;0;0
"09/08/2024";"07:43:14";"50";"Com vítima";"81,990";"BR-277/PR";"Crescente";"Colisão lateral no mesmo sentido";1;0;0;1;0;0;0;0;0;0;1;1;0;0;0
"09/08/2024";"08:04:41";"65";"Sem vítima";"61,669";"BR-277/PR";"Crescente";"Saída de pista";1;0;0;0;0;0;0;0;0;0;1;0;0;0;0
"09/08/2024";"11:20:06";"102";"Com vítima";"306,890";"151/PR";"Crescente";"Saída de pista";1;0;0;0;0;0;0;0;0;0;0;2;0;0;0
"09/08/2024";"14:37:02";"132";"Com vítima";"33,195";"BR-277/PR";"Crescente";"Choque";1;0;0;0;0;0;0;0;0;0;1;1;0;0;0
"09/08/2024";"15:21:27";"139";"Com vítima";"219,350";"151/PR";"Decrescente";"Choque";0;0;0;0;0;0;0;0;0;1;0;1;0;0;0
"09/08/2024";"15:29:07";"141";"Com vítima";"41,059";"BR-277/PR";"Decrescente";"Colisão traseira";2;0;0;0;0;0;0;0;0;0;0;2;0;0;0
"09/08/2024";"16:44:28";"150";"Sem vítima";"71,200";"BR-277/PR";"Crescente";"Saída de pista";1;0;0;0;0;0;0;0;0;0;1;0;0;0;0
"09/08/2024";"17:07:32";"154";"Sem vítima";"34,200";"BR-277/PR";"Decrescente";"Choque";1;0;0;0;0;0;0;0;0;0;1;0;0;0;0
"09/08/2024";"19:04:59";"167";"Com vítima";"304,500";"151/PR";"Decrescente";"Capotamento";1;0;0;0;0;0;0;0;0;0;0;3;0;0;0
"09/08/2024";"19:20:32";"169";"Com vítima";"80,100";"BR-277/PR";"Decrescente";"Colisão traseira";1;0;0;1;0;0;0;0;0;0;1;1;0;0;0
"09/08/2024";"19:48:29";"173";"Sem vítima";"12,010";"BR-277/PR";"Crescente";"Saída de pista";1;0;0;0;0;0;0;0;0;0;1;0;0;0;0
"09/08/2024";"20:11:08";"176";"Sem vítima";"83,500";"BR-277/PR";"Decrescente";"Engavetamento";3;0;0;0;0;0;0;0;0;0;2;0;0;0;0
"09/08/2024";"20:37:03";"180";"Sem vítima";"36,800";"BR-277/PR";"Decrescente";"Saída de pista";1;0;0;0;0;0;0;0;0;0;1;0;0;0;0
"09/08/2024";"21:11:52";"185";"Com vítima";"4,500";"407/PR";"Crescente";"Colisão traseira";0;0;0;0;0;0;0;0;1;1;0;2;0;0;0
"09/08/2024";"21:29:11";"186";"Sem vítima";"64,450";"BR-277/PR";"Decrescente";"Saída de pista";1;0;0;0;0;0;0;0;0;0;1;0;0;0;0
"10/08/2024";"00:28:36";"7";"Com vítima";"180,200";"151/PR";"Crescente";"Capotamento";1;0;0;0;0;0;0;0;0;0;0;1;0;0;0
"10/08/2024";"04:58:15";"29";"Com vítima";"283,500";"151/PR";"Crescente";"Choque";1;0;0;0;0;0;0;0;0;0;0;1;0;0;0
"10/08/2024";"05:48:42";"32";"Sem vítima";"10,450";"BR-277/PR";"Decrescente";"Choque";1;0;0;0;0;0;0;0;0;0;1;0;0;0;0
"10/08/2024";"08:19:19";"52";"Com vítima";"288,010";"151/PR";"Decrescente";"Colisão traseira";2;0;0;0;0;0;0;0;0;0;1;1;0;0;0
"10/08/2024";"10:27:35";"62";"Com vítima";"6,889";"BR-277/PR";"Decrescente";"Choque";0;0;0;1;0;0;0;0;0;0;0;0;1;0;0