data;horario;n_da_ocorrencia;tipo_de_ocorrencia;km;trecho;sentido;tipo_de_acidente;automovel;bicicleta;caminhao;moto;onibus;outros;tracao_animal;transporte_de_cargas_especiais;trator_maquinas;utilitarios;ilesos;levemente_feridos;moderadamente_feridos;gravemente_feridos;mortos
"10/08/2024";"17:09:14";"124";"Sem vítima";"1,460";"BR-277/PR";"Crescente";"Colisão lateral no mesmo sentido";1;0;1;0;0;0;0;0;0;0;5;0;0;0;0
"10/08/2024";"19:39:48";"142";"Sem vítima";"36,800";"BR-277/PR";"Decrescente";"Saída de pista";1;0;0;0;0;0;0;0;0;0;1;0;0;0;0
"10/08/2024";"22:36:57";"161";"Com vítima";"310,100";"151/PR";"Crescente";"Engavetamento";3;0;0;0;0;0;0;0;0;0;0;9;0;0;0
"11/08/2024";"00:54:49";"13";"Com vítima";"3,500";"407/PR";"Crescente";"Choque";1;0;0;0;0;0;0;0;0;0;0;1;0;0;0
"11/08/2024";"01:41:47";"18";"Com vítima";"10,720";"239/PR";"Crescente";"Colisão transversal";2;0;0;0;0;0;0;0;0;0;1;1;0;0;0
"11/08/2024";"03:11:08";"20";"Sem vítima";"70,010";"BR-277/PR";"Decrescente";"Choque";1;0;0;0;0;0;0;0;0;0;1;0;0;0;0
"11/08/2024";"10:07:04";"51";"Sem vítima";"25,295";"BR-153/PR";"Decrescente";"Queda de moto";0;0;0;1;0;0;0;0;0;0;1;0;0;0;0
"11/08/2024";"12:20:00";"69";"Sem vítima";"18,990";"BR-277/PR";"Decrescente";"Choque";1;0;0;0;0;0;0;0;0;0;3;0;0;0;0
"11/08/2024";"16:25:00";"108";"Com vítima";"12,076";"508/PR";"Decrescente";"Colisão transversal";2;0;0;0;0;0;0;0;0;0;2;2;0;0;0
"11/08/2024";"16:46:01";"111";"Com vítima";"11,540";"BR-277/PR";"Crescente";"Engavetamento";2;0;0;1;0;0;0;0;0;0;5;2;0;0;0
"12/08/2024";"16:50:06";"193";"Sem vítima";"49,896";"BR-277/PR";"Decrescente";"Choque";1;0;0;0;0;0;0;0;0;0;2;0;0;0;0
"12/08/2024";"17:56:18";"205";"Com vítima";"83,420";"BR-277/PR";"Decrescente";"Colisão lateral no mesmo sentido";1;0;0;1;0;0;0;0;0;0;1;2;0;0;0
"12/08/2024";"21:24:09";"224";"Sem vítima";"280,995";"151/PR";"Crescente";"Choque";0;0;1;0;0;0;0;0;0;0;1;0;0;0;0
"13/08/2024";"06:14:04";"35";"Sem vítima";"279,768";"151/PR";"Decrescente";"Choque";1;0;0;0;0;0;0;0;0;0;1;0;0;0;0
"13/08/2024";"07:34:34";"74";"Com vítima";"195,801";"151/PR";"Decrescente";"Tombamento";0;0;2;0;0;0;0;0;0;0;0;1;0;0;1
"13/08/2024";"10:39:52";"123";"Com vítima";"306,050";"151/PR";"Decrescente";"Colisão traseira";1;0;1;0;0;0;0;0;0;0;0;2;0;0;0
"13/08/2024";"17:54:12";"228";"Com vítima";"212,120";"151/PR";"Crescente";"Queda de moto";0;0;0;1;0;0;0;0;0;0;0;1;0;0;0
"14/08/2024";"06:21:52";"46";"Sem vítima";"36,262";"BR-277/PR";"Decrescente";"Choque";0;0;1;0;0;0;0;0;0;0;1;0;0;0;0
"14/08/2024";"07:17:41";"70";"Com vítima";"79,837";"BR-277/PR";"Crescente";"Colisão traseira";1;0;0;1;0;0;0;0;0;0;1;0;1;0;0
"14/08/2024";"07:57:52";"100";"Com vítima";"10,810";"BR-153/PR";"Decrescente";"Engavetamento";0;0;2;1;0;0;0;0;0;1;0;6;0;0;0
"14/08/2024";"09:04:50";"112";"Sem vítima";"8,212";"BR-277/PR";"Decrescente";"Colisão traseira";0;0;2;0;0;0;0;0;0;0;2;0;0;0;0
"14/08/2024";"12:36:16";"146";"Com vítima";"85,534";"BR-369/PR";"Crescente";"Colisão lateral no mesmo sentido";2;0;0;0;0;0;0;0;0;0;0;3;0;0;0
"14/08/2024";"13:32:45";"156";"Com vítima";"75,110";"BR-369/PR";"Crescente";"Colisão lateral no mesmo sentido";0;0;1;1;0;0;0;0;0;0;1;0;0;0;1
"14/08/2024";"17:58:03";"189";"Com vítima";"24,265";"BR-153/PR";"Decrescente";"Colisão traseira";2;0;0;0;0;0;0;0;0;0;3;1;0;0;0
"14/08/2024";"19:14:45";"199";"Com vítima";"42,542";"BR-153/PR";"Decrescente";"Colisão traseira";0;0;0;2;0;0;0;0;0;0;1;1;0;0;0
"15/08/2024";"05:14:14";"37";"Sem vítima";"282,378";"151/PR";"Decrescente";"Colisão traseira";0;0;4;0;0;0;0;0;0;0;4;0;0;0;0
"15/08/2024";"09:04:46";"107";"Sem vítima";"7,970";"508/PR";"Crescente";"Saída de pista";2;0;0;0;0;0;0;0;0;0;2;0;0;0;0
"15/08/2024";"10:27:26";"125";"Sem vítima";"60,250";"BR-277/PR";"Decrescente";"Colisão traseira";4;0;0;0;0;0;0;0;0;0;4;0;0;0;0
"15/08/2024";"12:20:50";"147";"Com vítima";"70,674";"BR-277/PR";"Crescente";"Queda de moto";0;0;0;2;0;0;0;0;0;0;0;0;2;0;0
"15/08/2024";"13:19:01";"162";"Com vítima";"0,610";"407/PR";"Decrescente";"Colisão lateral no mesmo sentido";2;0;0;2;0;0;0;0;0;0;6;0;2;0;0
"15/08/2024";"17:03:59";"196";"Com vítima";"32,114";"BR-277/PR";"Crescente";"Tombamento";0;0;2;0;0;0;0;0;0;0;0;2;0;0;0
"15/08/2024";"20:31:10";"227";"Com vítima";"2,800";"407/PR";"Crescente";"Colisão transversal";2;1;0;0;0;0;0;0;0;0;4;2;0;0;0
"15/08/2024";"21:57:08";"234";"Sem vítima";"12,400";"BR-277/PR";"Decrescente";"Saída de pista";2;0;0;0;0;0;0;0;0;0;2;0;0;0;0
"16/08/2024";"05:11:39";"27";"Com vítima";"76,100";"BR-277/PR";"Decrescente";"Capotamento";1;0;0;0;0;0;0;0;0;0;0;1;0;0;0
"16/08/2024";"07:16:26";"59";"Sem vítima";"20,660";"BR-277/PR";"Decrescente";"Choque";1;0;0;0;0;0;0;0;0;0;1;0;0;0;0
"16/08/2024";"08:21:01";"93";"Com vítima";"79,480";"BR-277/PR";"Crescente";"Colisão lateral no mesmo sentido";1;0;0;1;0;0;0;0;0;0;1;1;0;0;0
"16/08/2024";"12:10:05";"151";"Com vítima";"310,650";"151/PR";"Decrescente";"Choque";1;0;0;0;0;0;0;0;0;0;0;1;0;0;0
"16/08/2024";"18:14:03";"246";"Com vítima";"2,170";"804/PR";"Crescente";"Queda de moto";0;0;0;1;0;0;0;0;0;0;0;2;0;0;0
"16/08/2024";"18:23:54";"250";"Sem vítima";"37,190";"BR-369/PR";"Crescente";"Tombamento";0;0;1;0;0;0;0;0;0;0;1;0;0;0;0
"16/08/2024";"18:59:50";"257";"Com vítima";"10,400";"407/PR";"Decrescente";"Colisão traseira";0;0;0;0;0;0;0;0;0;0;0;0;0;0;0
"17/08/2024";"02:41:20";"22";"Sem vítima";"1,505";"407/PR";"Decrescente";"Choque";1;0;0;0;0;0;0;0;0;0;0;0;0;0;0
"17/08/2024";"04:14:09";"27";"Sem vítima";"3,400";"407/PR";"Decrescente";"Colisão frontal";2;0;0;0;0;0;0;0;0;0;2;0;0;0;0
"17/08/2024";"05:03:40";"31";"Com vítima";"3,680";"407/PR";"Decrescente";"Colisão traseira";2;0;0;0;0;0;0;0;0;0;0;4;3;2;0
"17/08/2024";"09:33:52";"84";"Sem vítima";"10,200";"411/PR";"Crescente";"Queda de moto";0;0;0;1;0;0;0;0;0;0;1;0;0;0;0
"17/08/2024";"10:25:10";"91";"Com vítima";"0,100";"407/PR";"Crescente";"Colisão lateral no mesmo sentido";1;1;0;0;0;0;0;0;0;0;3;1;0;0;0
"17/08/2024";"16:50:47";"182";"Com vítima";"87,700";"BR-369/PR";"Crescente";"Queda de bicicleta";0;1;0;0;0;0;0;0;0;0;0;0;1;0;0
"18/08/2024";"00:43:12";"13";"Com vítima";"79,031";"BR-369/PR";"Crescente";"Colisão lateral no mesmo sentido";1;0;1;0;0;0;0;0;0;0;0;1;0;0;0
"18/08/2024";"02:11:09";"16";"Sem vítima";"8,119";"408/PR";"Crescente";"Capotamento";1;0;0;0;0;0;0;0;0;0;2;0;0;0;0
"18/08/2024";"02:38:58";"17";"Com vítima";"76,525";"BR-277/PR";"Decrescente";"Colisão traseira";2;0;0;0;0;0;0;0;0;0;0;2;0;0;0
"18/08/2024";"05:24:49";"24";"Sem vítima";"74,508";"BR-369/PR";"Decrescente";"Choque";1;0;0;0;0;0;0;0;0;0;2;0;0;0;0
"18/08/2024";"10:23:14";"111";"Com vítima";"21,900";"BR-369/PR";"Crescente";"Colisão transversal";0;0;0;1;0;0;0;0;0;1;3;2;0;0;0
"18/08/2024";"12:18:36";"146";"Com vítima";"31,200";"BR-277/PR";"Crescente";"Queda de moto";0;0;0;1;0;0;0;0;0;0;0;0;1;0;0
"18/08/2024";"17:09:14";"199";"Sem vítima";"59,409";"BR-277/PR";"Decrescente";"Engavetamento";0;0;0;3;0;0;0;0;0;0;3;0;0;0;0
"18/08/2024";"17:57:14";"212";"Com vítima";"63,100";"BR-369/PR";"Crescente";"Colisão traseira";2;0;0;0;0;0;0;0;0;0;3;1;0;0;0
"18/08/2024";"19:03:23";"240";"Com vítima";"28,600";"508/PR";"Decrescente";"Queda de moto";0;0;0;1;0;0;0;0;0;0;0;0;2;0;0
"18/08/2024";"20:25:33";"262";"Com vítima";"10,100";"407/PR";"Decrescente";"Colisão frontal";1;0;0;1;0;0;0;0;0;0;2;1;0;0;1
"18/08/2024";"23:48:13";"287";"Com vítima";"213,595";"151/PR";"Crescente";"Atropelamento de animal";0;0;0;1;0;0;0;0;0;0;0;0;0;0;1
"19/08/2024";"08:03:18";"79";"Com vítima";"82,868";"BR-277/PR";"Crescente";"Colisão traseira";1;0;0;1;0;0;0;0;0;0;1;2;0;0;0
"19/08/2024";"11:05:15";"128";"Com vítima";"75,438";"BR-277/PR";"Crescente";"Colisão traseira";1;0;1;0;0;0;0;0;0;0;1;1;0;0;0
"19/08/2024";"12:06:35";"145";"Com vítima";"36,700";"BR-277/PR";"Decrescente";"Colisão traseira";0;0;2;0;0;0;0;0;0;0;1;1;0;0;0
"19/08/2024";"14:59:05";"171";"Sem vítima";"16,965";"BR-369/PR";"Decrescente";"Choque";1;0;0;0;0;0;0;0;0;0;1;0;0;0;0
"19/08/2024";"23:37:42";"234";"Com vítima";"42,260";"BR-277/PR";"Decrescente";"Tombamento";0;0;1;0;0;0;0;0;0;0;0;1;0;0;0
"20/08/2024";"07:17:16";"48";"Sem vítima";"60,250";"BR-277/PR";"Crescente";"Colisão lateral no mesmo sentido";2;0;0;0;0;0;0;0;0;0;2;0;0;0;0
"20/08/2024";"12:12:12";"124";"Sem vítima";"68,152";"BR-277/PR";"Decrescente";"Colisão traseira";0;0;1;0;0;0;0;0;0;1;2;0;0;0;0
"20/08/2024";"16:15:25";"162";"Com vítima";"82,254";"BR-277/PR";"Crescente";"Colisão traseira";1;0;0;1;0;0;0;0;0;0;1;0;1;0;0
"20/08/2024";"16:21:05";"167";"Com vítima";"53,986";"BR-277/PR";"Decrescente";"Choque";1;0;0;0;0;0;0;0;0;0;0;1;0;0;0
"20/08/2024";"16:43:03";"170";"Com vítima";"80,963";"BR-277/PR";"Crescente";"Queda de moto";0;0;0;1;0;0;0;0;0;0;1;1;0;0;0
"20/08/2024";"17:31:48";"176";"Com vítima";"24,140";"BR-153/PR";"Crescente";"Colisão frontal";2;0;0;0;0;0;0;0;0;0;0;5;0;0;0
"20/08/2024";"18:26:14";"180";"Com vítima";"6,874";"BR-277/PR";"Crescente";"Atropelamento de pedestre";1;0;1;0;0;0;0;0;0;0;2;0;0;0;1
"21/08/2024";"07:48:48";"82";"Sem vítima";"40,479";"BR-277/PR";"Crescente";"Choque";1;0;0;0;0;0;0;0;0;0;1;0;0;0;0
"22/08/2024";"07:16:36";"70";"Sem vítima";"75,340";"BR-277/PR";"Crescente";"Colisão traseira";1;0;0;0;0;0;0;0;0;0;1;0;0;0;0
"22/08/2024";"07:23:51";"73";"Com vítima";"36,010";"BR-277/PR";"Decrescente";"Colisão traseira";0;0;2;0;0;0;0;0;0;0;3;1;0;0;0
"22/08/2024";"08:27:19";"94";"Com vítima";"26,680";"BR-277/PR";"Decrescente";"Capotamento";0;0;0;0;0;0;0;0;0;1;0;0;1;0;0
"22/08/2024";"08:41:28";"97";"Com vítima";"293,200";"151/PR";"Crescente";"Colisão traseira";0;0;1;0;0;0;0;0;0;1;1;0;1;0;0
"22/08/2024";"10:22:14";"151";"Sem vítima";"24,200";"BR-153/PR";"Crescente";"Colisão traseira";0;0;2;0;0;0;0;0;0;0;2;0;0;0;0
"22/08/2024";"14:30:17";"217";"Com vítima";"75,920";"BR-277/PR";"Crescente";"Colisão lateral no mesmo sentido";0;0;0;1;0;0;0;0;0;1;2;0;1;0;0
"22/08/2024";"15:07:40";"224";"Com vítima";"0,280";"508/PR";"Crescente";"Colisão lateral no mesmo sentido";0;0;0;1;0;0;0;0;0;1;1;0;1;0;0
"23/08/2024";"09:32:29";"121";"Sem vítima";"36,700";"BR-277/PR";"Decrescente";"Saída de pista";0;0;1;0;0;0;0;0;0;0;1;0;0;0;0
"23/08/2024";"15:07:09";"181";"Sem vítima";"263,830";"151/PR";"Crescente";"Choque";1;0;0;0;0;0;0;0;0;0;1;0;0;0;0
"23/08/2024";"17:10:19";"201";"Sem vítima";"295,710";"151/PR";"Decrescente";"Saída de pista";1;0;0;0;0;0;0;0;0;0;2;0;0;0;0
"23/08/2024";"18:14:05";"209";"Com vítima";"307,100";"151/PR";"Crescente";"Saída de pista";1;0;0;0;0;0;0;0;0;0;0;2;0;0;0
"23/08/2024";"19:56:51";"227";"Sem vítima";"33,010";"BR-277/PR";"Crescente";"Choque";1;0;0;0;0;0;0;0;0;0;1;0;0;0;0
"23/08/2024";"20:45:09";"231";"Com vítima";"210,830";"151/PR";"Decrescente";"Capotamento";1;0;0;0;0;0;0;0;0;0;0;1;0;0;0
"23/08/2024";"21:35:17";"238";"Sem vítima";"42,050";"BR-277/PR";"Decrescente";"Colisão traseira";0;0;2;0;0;0;0;0;0;0;3;0;0;0;0
"23/08/2024";"21:45:51";"239";"Sem vítima";"14,500";"408/PR";"Crescente";"Saída de pista";0;0;1;0;0;0;0;0;0;0;1;0;0;0;0
"23/08/2024";"23:07:00";"242";"Com vítima";"15,800";"BR-369/PR";"Decrescente";"Capotamento";1;0;0;0;0;0;0;0;0;0;0;0;1;0;0
"24/08/2024";"01:34:27";"11";"Com vítima";"177,700";"151/PR";"Crescente";"Capotamento";1;0;0;0;0;0;0;0;0;0;0;2;0;0;0
"24/08/2024";"03:33:59";"16";"Sem vítima";"80,400";"BR-277/PR";"Decrescente";"Choque";1;0;0;0;0;0;0;0;0;0;1;0;0;0;0
"24/08/2024";"04:15:26";"17";"Com vítima";"23,590";"BR-369/PR";"Decrescente";"Tombamento";0;0;1;0;0;0;0;0;0;0;0;0;0;1;0
"24/08/2024";"06:38:19";"22";"Com vítima";"40,040";"BR-277/PR";"Decrescente";"Choque";0;0;0;0;0;0;0;0;0;1;0;2;0;0;0
"24/08/2024";"07:00:42";"23";"Com vítima";"78,230";"BR-277/PR";"Decrescente";"Engavetamento";3;0;0;0;0;0;0;0;0;0;4;1;0;0;0
"24/08/2024";"07:48:34";"25";"Com vítima";"219,450";"151/PR";"Decrescente";"Choque";1;0;0;0;0;0;0;0;0;0;0;2;0;0;0
"24/08/2024";"11:03:02";"42";"Sem vítima";"36,222";"BR-277/PR";"Decrescente";"Choque";1;0;0;0;0;0;0;0;0;0;5;0;0;0;0
"24/08/2024";"14:52:24";"69";"Sem vítima";"40,720";"BR-277/PR";"Decrescente";"Colisão lateral no mesmo sentido";2;0;0;0;0;0;0;0;0;0;2;0;0;0;0
"24/08/2024";"14:57:42";"72";"Com vítima";"10,420";"BR-277/PR";"Decrescente";"Capotamento";1;0;0;0;0;0;0;0;0;0;0;2;1;0;0
"24/08/2024";"15:16:13";"74";"Com vítima";"61,617";"BR-277/PR";"Decrescente";"Colisão lateral no mesmo sentido";1;0;0;0;0;0;0;0;0;1;5;2;1;0;0
"24/08/2024";"19:53:20";"91";"Com vítima";"21,904";"BR-369/PR";"Decrescente";"Colisão traseira";1;0;1;0;0;0;0;0;0;0;1;1;1;0;0
"25/08/2024";"03:07:45";"20";"Com vítima";"211,870";"151/PR";"Decrescente";"Colisão lateral no mesmo sentido";1;0;1;0;0;0;0;0;0;0;1;0;1;0;0
"25/08/2024";"05:32:29";"23";"Sem vítima";"304,702";"151/PR";"Decrescente";"Choque";1;0;0;0;0;0;0;0;0;0;1;0;0;0;0
"25/08/2024";"07:52:50";"33";"Com vítima";"70,773";"BR-277/PR";"Decrescente";"Capotamento";1;0;0;0;0;0;0;0;0;0;1;1;0;0;0
"25/08/2024";"23:29:29";"129";"Sem vítima";"14,900";"408/PR";"Decrescente";"Choque";1;0;0;0;0;0;0;0;0;0;0;0;0;0;0
"26/08/2024";"06:51:36";"47";"Sem vítima";"78,659";"BR-277/PR";"Crescente";"Colisão traseira";2;0;0;0;0;0;0;0;0;0;2;0;0;0;0
"26/08/2024";"09:51:48";"133";"Com vítima";"0,100";"855/PR";"Decrescente";"Choque";0;0;0;1;0;0;0;0;0;0;0;1;0;0;0
"26/08/2024";"14:28:07";"175";"Sem vítima";"35,715";"BR-153/PR";"Crescente";"Colisão traseira";2;0;0;0;0;0;0;0;0;0;3;0;0;0;0
"26/08/2024";"16:22:16";"193";"Sem vítima";"304,120";"151/PR";"Decrescente";"Colisão lateral no mesmo sentido";1;0;1;0;0;0;0;0;0;0;2;0;0;0;0
"26/08/2024";"17:31:54";"211";"Com vítima";"313,350";"151/PR";"Decrescente";"Saída de pista";1;0;0;0;0;0;0;0;0;0;0;1;0;0;0
"27/08/2024";"06:38:43";"43";"Sem vítima";"3,195";"407/PR";"Decrescente";"Colisão traseira";1;0;0;1;0;0;0;0;0;0;3;0;0;0;0
"27/08/2024";"08:18:25";"99";"Sem vítima";"75,018";"BR-277/PR";"Crescente";"Colisão traseira";2;0;0;0;0;0;0;0;0;0;3;0;0;0;0
"27/08/2024";"09:02:36";"131";"Com vítima";"216,120";"151/PR";"Crescente";"Tombamento";0;0;1;0;0;0;0;0;0;0;0;1;0;0;0
"27/08/2024";"09:37:15";"137";"Sem vítima";"36,597";"BR-277/PR";"Decrescente";"Colisão traseira";0;0;2;0;0;0;0;0;0;0;2;0;0;0;0
"27/08/2024";"11:09:27";"156";"Com vítima";"22,500";"BR-369/PR";"Crescente";"Colisão transversal";2;0;0;0;0;0;0;0;0;0;5;1;0;0;0
"27/08/2024";"14:20:57";"187";"Sem vítima";"1,400";"BR-369/PR";"Decrescente";"Colisão traseira";1;0;0;0;0;0;0;0;0;1;3;0;0;0;0
"27/08/2024";"15:01:42";"195";"Com vítima";"19,106";"BR-277/PR";"Crescente";"Choque";0;0;0;1;0;0;0;0;0;0;0;0;0;1;0
"27/08/2024";"19:42:13";"227";"Com vítima";"16,850";"BR-277/PR";"Crescente";"Colisão transversal";2;0;0;0;0;0;0;0;0;0;0;1;0;0;0
"28/08/2024";"10:00:35";"184";"Sem vítima";"10,800";"BR-277/PR";"Crescente";"Saída de pista";1;0;0;0;0;0;0;0;0;0;1;0;0;0;0
"28/08/2024";"13:49:36";"230";"Sem vítima";"0,070";"BR-277/PR";"Decrescente";"Choque";1;0;0;0;0;0;0;0;0;0;1;0;0;0;0
"29/08/2024";"07:01:29";"49";"Com vítima";"79,170";"BR-277/PR";"Crescente";"Colisão lateral no mesmo sentido";2;0;0;1;0;0;0;0;0;0;2;1;0;0;0
"29/08/2024";"07:21:26";"64";"Sem vítima";"80,330";"BR-277/PR";"Crescente";"Colisão traseira";2;0;0;0;0;0;0;0;0;0;3;0;0;0;0
"29/08/2024";"07:58:00";"88";"Com vítima";"260,015";"151/PR";"Decrescente";"Tombamento";0;0;1;0;0;0;0;0;0;0;0;1;0;0;0
"29/08/2024";"08:13:22";"102";"Com vítima";"20,294";"BR-153/PR";"Crescente";"Colisão traseira";1;0;1;0;0;0;0;0;0;0;2;1;0;0;0
"29/08/2024";"11:24:44";"148";"Sem vítima";"223,200";"151/PR";"Crescente";"Colisão lateral no mesmo sentido";1;0;1;0;0;0;0;0;0;0;2;0;0;0;0
"29/08/2024";"18:03:08";"236";"Com vítima";"4,500";"BR-277/PR";"Decrescente";"Atropelamento de pedestre";0;0;0;1;0;0;0;0;0;0;1;0;1;0;0
"29/08/2024";"19:12:56";"246";"Sem vítima";"1,500";"BR-277/PR";"Decrescente";"Colisão frontal";0;0;2;0;0;0;0;0;0;0;2;0;0;0;0
"30/08/2024";"03:48:31";"19";"Com vítima";"19,580";"BR-369/PR";"Decrescente";"Colisão transversal";1;0;1;0;0;0;0;0;0;0;1;0;0;1;1
"30/08/2024";"15:50:58";"243";"Sem vítima";"83,225";"BR-277/PR";"Crescente";"Colisão traseira";2;0;0;0;0;0;0;0;0;0;2;0;0;0;0
"30/08/2024";"16:47:57";"255";"Sem vítima";"60,250";"BR-277/PR";"Decrescente";"Colisão traseira";1;0;1;0;0;0;0;0;0;0;3;0;0;0;0
"30/08/2024";"17:20:23";"266";"Com vítima";"303,026";"092/PR";"Crescente";"Engavetamento";1;0;2;0;0;0;0;0;0;1;2;2;2;1;0
"30/08/2024";"22:46:44";"321";"Com vítima";"25,150";"508/PR";"Decrescente";"Atropelamento de pedestre";0;0;1;0;0;0;0;0;0;0;1;0;1;0;0
"31/08/2024";"12:07:34";"161";"Com vítima";"1,196";"408/PR";"Decrescente";"Queda de moto";0;0;0;1;0;0;0;0;0;0;0;1;1;0;0
"31/08/2024";"14:29:22";"198";"Com vítima";"318,520";"151/PR";"Decrescente";"Capotamento";0;0;0;0;0;0;0;0;0;1;0;0;0;1;0
"01/09/2024";"04:46:48";"20";"Sem vítima";"14,900";"408/PR";"Decrescente";"Choque";1;0;0;0;0;0;0;0;0;0;3;0;0;0;0
"01/09/2024";"05:00:57";"22";"Com vítima";"1,730";"BR-277/PR";"Crescente";"Choque";0;0;0;1;0;0;0;0;0;0;0;0;0;1;0
"01/09/2024";"06:54:23";"37";"Com vítima";"19,270";"BR-277/PR";"Decrescente";"Tombamento";0;0;1;0;0;0;0;0;0;0;0;1;0;0;0
"01/09/2024";"07:01:28";"42";"Com vítima";"16,560";"BR-277/PR";"Decrescente";"Choque";1;0;0;0;0;0;0;0;0;0;0;5;0;0;0
"01/09/2024";"15:04:36";"143";"Com vítima";"28,820";"508/PR";"Crescente";"Queda de moto";0;0;0;1;0;0;0;0;0;0;0;2;0;0;0
"01/09/2024";"15:37:07";"156";"Com vítima";"4,009";"408/PR";"Crescente";"Queda de moto";0;0;0;1;0;0;0;0;0;0;0;1;0;0;0
"01/09/2024";"15:41:15";"157";"Sem vítima";"28,830";"508/PR";"Crescente";"Colisão traseira";2;0;0;0;0;0;0;0;0;0;1;0;0;0;0
"01/09/2024";"16:48:33";"175";"Com vítima";"10,287";"BR-277/PR";"Crescente";"Colisão traseira";1;0;0;1;0;0;0;0;0;0;1;1;1;0;0
"01/09/2024";"17:04:34";"181";"Sem vítima";"38,780";"BR-277/PR";"Crescente";"Choque";1;0;0;0;0;0;0;0;0;0;2;0;0;0;0
"01/09/2024";"18:48:46";"208";"Com vítima";"18,800";"BR-277/PR";"Crescente";"Choque";1;0;0;0;0;0;0;0;0;0;1;3;0;0;0
"01/09/2024";"20:11:50";"222";"Com vítima";"12,102";"BR-277/PR";"Crescente";"Capotamento";1;0;0;0;0;0;0;0;0;0;0;1;0;0;0
"01/09/2024";"21:04:36";"230";"Sem vítima";"310,681";"151/PR";"Crescente";"Saída de pista";1;0;0;0;0;0;0;0;0;0;0;0;0;0;0
"01/09/2024";"21:29:26";"235";"Sem vítima";"78,300";"BR-277/PR";"Decrescente";"Colisão traseira";1;0;0;1;0;0;0;0;0;0;3;0;0;0;0
"02/09/2024";"01:07:13";"12";"Sem vítima";"48,150";"BR-277/PR";"Crescente";"Queda de moto";0;0;0;1;0;0;0;0;0;0;2;0;0;0;0
"02/09/2024";"02:47:37";"18";"Sem vítima";"315,314";"151/PR";"Crescente";"Choque";1;0;0;0;0;0;0;0;0;0;2;0;0;0;0
"02/09/2024";"07:09:51";"46";"Sem vítima";"293,500";"151/PR";"Decrescente";"Saída de pista";1;0;0;0;0;0;0;0;0;0;1;0;0;0;0
"02/09/2024";"08:05:05";"84";"Com vítima";"1,024";"BR-277/PR";"Decrescente";"Colisão traseira";2;0;0;0;0;0;0;0;0;0;1;1;0;0;0
"02/09/2024";"08:49:28";"114";"Sem vítima";"4,335";"BR-369/PR";"Decrescente";"Saída de pista";1;0;0;0;0;0;0;0;0;0;1;0;0;0;0
"02/09/2024";"14:43:06";"176";"Com vítima";"225,113";"151/PR";"Decrescente";"Tombamento";0;0;1;0;0;0;0;0;0;0;0;0;0;1;0
"03/09/2024";"05:16:38";"17";"Sem vítima";"303,500";"092/PR";"Crescente";"Colisão traseira";1;0;0;0;0;0;0;0;0;0;1;0;0;0;0
"03/09/2024";"08:04:47";"70";"Com vítima";"74,610";"BR-277/PR";"Crescente";"Colisão traseira";0;0;1;1;0;0;0;0;0;0;1;0;1;0;0
"03/09/2024";"14:28:06";"159";"Sem vítima";"68,019";"BR-277/PR";"Crescente";"Choque";0;0;1;0;0;0;0;0;0;0;2;0;0;0;0
"03/09/2024";"16:47:53";"193";"Com vítima";"291,953";"151/PR";"Crescente";"Colisão traseira";1;0;1;0;0;0;0;0;0;0;1;0;1;0;0
"03/09/2024";"17:41:04";"200";"Com vítima";"32,610";"BR-369/PR";"Crescente";"Colisão lateral no mesmo sentido";1;0;2;0;0;0;0;0;0;0;1;2;0;0;0
"04/09/2024";"07:46:38";"112";"Com vítima";"80,300";"BR-277/PR";"Crescente";"Colisão traseira";0;0;0;1;0;0;0;0;0;1;1;1;0;0;0
"04/09/2024";"14:54:53";"216";"Sem vítima";"69,610";"BR-277/PR";"Decrescente";"Queda de bicicleta";0;1;0;0;0;0;0;0;0;0;1;0;0;0;0
"04/09/2024";"19:55:02";"270";"Sem vítima";"45,540";"BR-277/PR";"Crescente";"Tombamento";0;0;1;0;0;0;0;0;0;0;1;0;0;0;0
"04/09/2024";"23:47:53";"307";"Com vítima";"2,102";"BR-277/PR";"Crescente";"Queda de moto";0;0;0;1;0;0;0;0;0;0;0;1;0;0;0
"05/09/2024";"04:13:35";"31";"Com vítima";"282,660";"151/PR";"Crescente";"Capotamento";1;0;0;0;0;0;0;0;0;0;0;2;0;0;0
"05/09/2024";"04:26:25";"33";"Com vítima";"64,307";"BR-369/PR";"Decrescente";"Atropelamento de pedestre";0;1;0;0;0;0;0;0;0;0;0;2;0;0;0
"05/09/2024";"07:52:35";"109";"Com vítima";"2,230";"BR-277/PR";"Crescente";"Colisão lateral no mesmo sentido";0;0;1;1;0;0;0;0;0;0;0;1;0;0;0
"05/09/2024";"08:16:41";"117";"Sem vítima";"75,670";"BR-277/PR";"Crescente";"Engavetamento";3;0;0;0;0;0;0;0;0;0;6;0;0;0;0
"05/09/2024";"08:33:23";"120";"Sem vítima";"33,200";"BR-277/PR";"Crescente";"Choque";1;0;0;0;0;0;0;0;0;0;3;0;0;0;0