data;horario;n_da_ocorrencia;tipo_de_ocorrencia;km;trecho;sentido;tipo_de_acidente;automovel;bicicleta;caminhao;moto;onibus;outros;tracao_animal;transporte_de_cargas_especiais;trator_maquinas;utilitarios;ilesos;levemente_feridos;moderadamente_feridos;gravemente_feridos;mortos
"12/11/2024";"07:54:36";"122";"Com vítima";"253,500";"092/PR";"Crescente";"Colisão transversal";0;0;0;1;0;0;0;0;0;1;1;1;0;0;0
"12/11/2024";"09:27:43";"197";"Com vítima";"318,999";"151/PR";"Decrescente";"Colisão traseira";2;0;0;0;0;0;0;0;0;0;0;2;0;0;0
"12/11/2024";"09:30:16";"200";"Sem vítima";"205,664";"092/PR";"Crescente";"Tombamento";0;0;1;0;0;0;0;0;0;0;1;0;0;0;0
"12/11/2024";"11:35:15";"232";"Com vítima";"242,859";"092/PR";"Crescente";"Colisão frontal";1;0;1;0;0;0;0;0;0;0;1;0;0;2;1
"12/11/2024";"17:32:11";"295";"Sem vítima";"30,101";"BR-153/PR";"Decrescente";"Colisão lateral no mesmo sentido";0;0;1;0;0;0;0;0;0;0;1;0;0;0;0
"12/11/2024";"21:33:30";"322";"Sem vítima";"206,530";"092/PR";"Crescente";"Saída de pista";0;0;0;0;0;0;0;0;0;1;1;0;0;0;0
"12/11/2024";"23:36:19";"333";"Com vítima";"54,010";"BR-277/PR";"Decrescente";"Choque";1;0;0;0;0;0;0;0;0;0;0;1;0;0;0
"13/11/2024";"07:10:48";"94";"Com vítima";"2,306";"BR-277/PR";"Decrescente";"Colisão lateral no mesmo sentido";1;0;0;1;0;0;0;0;0;0;1;1;0;0;0
"13/11/2024";"07:19:01";"104";"Sem vítima";"288,120";"151/PR";"Crescente";"Colisão traseira";1;0;0;0;0;0;0;0;0;0;1;0;0;0;0
"13/11/2024";"09:28:51";"184";"Sem vítima";"60,112";"BR-277/PR";"Decrescente";"Colisão traseira";0;0;0;2;0;0;0;0;0;0;2;0;0;0;0
"13/11/2024";"10:22:41";"204";"Sem vítima";"271,610";"092/PR";"Crescente";"Colisão traseira";1;0;1;0;0;0;0;0;0;0;2;0;0;0;0
"13/11/2024";"14:03:37";"243";"Sem vítima";"41,400";"BR-277/PR";"Decrescente";"Choque";0;0;1;0;0;0;0;0;0;0;2;0;0;0;0
"13/11/2024";"15:17:39";"253";"Com vítima";"0,001";"855/PR";"Decrescente";"Colisão transversal";1;0;0;0;0;0;0;0;0;1;2;2;0;0;0
"13/11/2024";"19:37:38";"301";"Com vítima";"269,730";"092/PR";"Crescente";"Colisão traseira";1;0;1;0;0;0;0;0;0;0;1;0;1;0;0
"13/11/2024";"20:02:12";"306";"Com vítima";"1,403";"508/PR";"Decrescente";"Colisão transversal";3;0;0;0;0;0;0;0;0;0;5;2;1;0;0
"13/11/2024";"22:37:05";"325";"Com vítima";"255,020";"092/PR";"Decrescente";"Colisão transversal";0;0;0;2;0;0;0;0;0;0;0;2;0;0;0
"14/11/2024";"01:00:52";"16";"Sem vítima";"33,315";"BR-369/PR";"Crescente";"Atropelamento de animal";1;0;0;0;0;0;0;0;0;0;3;0;0;0;0
"14/11/2024";"04:23:38";"27";"Sem vítima";"20,350";"BR-277/PR";"Crescente";"Saída de pista";1;0;0;0;0;0;0;0;0;0;1;0;0;0;0
"14/11/2024";"06:54:47";"46";"Sem vítima";"306,799";"151/PR";"Decrescente";"Colisão lateral no mesmo sentido";1;0;1;0;0;0;0;0;0;0;3;0;0;0;0
"14/11/2024";"09:10:56";"120";"Sem vítima";"296,741";"151/PR";"Decrescente";"Colisão traseira";2;0;0;0;0;0;0;0;0;0;3;0;0;0;0
"14/11/2024";"17:11:12";"260";"Sem vítima";"15,560";"BR-277/PR";"Decrescente";"Saída de pista";1;0;0;0;0;0;0;0;0;0;2;0;0;0;0
"14/11/2024";"18:04:44";"268";"Sem vítima";"312,128";"151/PR";"Crescente";"Saída de pista";0;0;1;0;0;0;0;0;0;0;1;0;0;0;0
"14/11/2024";"21:06:43";"300";"Sem vítima";"5,312";"BR-369/PR";"Decrescente";"Atropelamento de animal";1;0;0;0;0;0;0;0;0;0;3;0;0;0;0
"14/11/2024";"23:10:14";"317";"Sem vítima";"8,010";"407/PR";"Crescente";"Colisão traseira";1;0;0;0;0;0;0;0;0;0;2;0;0;0;0
"14/11/2024";"23:53:51";"326";"Sem vítima";"270,220";"151/PR";"Decrescente";"Choque";1;0;0;0;0;0;0;0;0;0;1;0;0;0;0
"15/11/2024";"03:24:48";"36";"Sem vítima";"0,030";"BR-277/PR";"Decrescente";"Choque";0;0;1;0;0;0;0;0;0;0;1;0;0;0;0
"15/11/2024";"04:13:03";"38";"Sem vítima";"19,850";"BR-277/PR";"Crescente";"Saída de pista";1;0;0;0;0;0;0;0;0;0;1;0;0;0;0
"15/11/2024";"04:31:53";"39";"Com vítima";"305,640";"092/PR";"Crescente";"Choque";1;0;0;0;0;0;0;0;0;0;0;2;0;0;0
"15/11/2024";"06:13:50";"45";"Sem vítima";"63,950";"BR-277/PR";"Decrescente";"Colisão traseira";2;0;0;0;0;0;0;0;0;0;2;0;0;0;0
"15/11/2024";"08:42:55";"107";"Sem vítima";"62,489";"BR-369/PR";"Crescente";"Colisão traseira";2;0;0;0;0;0;0;0;0;0;3;0;0;0;0
"15/11/2024";"10:23:51";"143";"Sem vítima";"323,193";"092/PR";"Decrescente";"Colisão traseira";0;0;0;0;0;0;0;0;0;1;2;0;0;0;0
"15/11/2024";"10:47:18";"149";"Com vítima";"72,304";"BR-277/PR";"Decrescente";"Engavetamento";3;0;0;0;0;0;0;0;0;0;3;1;0;0;0
"15/11/2024";"12:35:49";"174";"Com vítima";"43,810";"BR-277/PR";"Decrescente";"Queda de moto";0;0;0;1;0;0;0;0;0;0;0;2;0;0;0
"15/11/2024";"13:55:34";"191";"Com vítima";"3,125";"407/PR";"Crescente";"Colisão lateral no mesmo sentido";1;0;0;1;0;0;0;0;0;0;0;2;0;0;0
"15/11/2024";"14:18:48";"198";"Com vítima";"309,638";"151/PR";"Crescente";"Colisão lateral no mesmo sentido";0;0;0;2;0;0;0;0;0;0;0;4;0;0;0
"16/11/2024";"00:16:07";"4";"Sem vítima";"49,690";"BR-277/PR";"Decrescente";"Saída de pista";0;0;1;0;0;0;0;0;0;0;1;0;0;0;0
"16/11/2024";"03:55:20";"24";"Sem vítima";"257,500";"092/PR";"Crescente";"Saída de pista";1;0;0;0;0;0;0;0;0;0;4;0;0;0;0
"16/11/2024";"06:29:46";"34";"Com vítima";"82,046";"BR-277/PR";"Crescente";"Choque";1;0;0;0;0;0;0;0;0;0;0;2;0;0;0
"16/11/2024";"06:33:29";"36";"Com vítima";"0,219";"804/PR";"Crescente";"Choque";1;0;0;0;0;0;0;0;0;0;0;1;0;0;0
"16/11/2024";"09:07:58";"86";"Com vítima";"2,182";"BR-277/PR";"Decrescente";"Queda de moto";0;0;0;1;0;0;0;0;0;0;0;0;1;0;0
"16/11/2024";"09:10:56";"87";"Com vítima";"10,420";"BR-277/PR";"Decrescente";"Choque";1;0;0;0;0;0;0;0;0;0;0;1;0;0;0
"16/11/2024";"11:12:38";"103";"Com vítima";"38,162";"BR-277/PR";"Crescente";"Choque";1;0;0;0;0;0;0;0;0;0;1;1;0;0;0
"16/11/2024";"12:57:20";"120";"Sem vítima";"33,176";"BR-277/PR";"Crescente";"Saída de pista";0;0;0;0;0;0;0;0;0;1;1;0;0;0;0
"16/11/2024";"13:31:04";"124";"Com vítima";"33,330";"BR-277/PR";"Decrescente";"Choque";1;0;0;0;0;0;0;0;0;0;0;3;0;0;0
"16/11/2024";"15:43:54";"152";"Com vítima";"74,406";"BR-277/PR";"Crescente";"Engavetamento";3;0;0;0;0;0;0;0;0;0;0;10;0;0;0
"16/11/2024";"17:02:45";"165";"Sem vítima";"33,540";"BR-277/PR";"Decrescente";"Choque";1;0;0;0;0;0;0;0;0;0;1;0;0;0;0
"16/11/2024";"20:42:26";"196";"Com vítima";"2,900";"BR-277/PR";"Decrescente";"Colisão transversal";1;0;0;1;0;0;0;0;0;0;1;0;2;0;0
"16/11/2024";"21:02:48";"202";"Sem vítima";"32,500";"BR-277/PR";"Decrescente";"Choque";1;0;0;0;0;0;0;0;0;0;2;0;0;0;0
"16/11/2024";"21:29:44";"207";"Sem vítima";"37,800";"BR-277/PR";"Decrescente";"Saída de pista";1;0;0;0;0;0;0;0;0;0;3;0;0;0;0
"16/11/2024";"23:39:39";"216";"Sem vítima";"75,069";"BR-277/PR";"Crescente";"Capotamento";1;0;0;0;0;0;0;0;0;0;1;0;0;0;0
"17/11/2024";"06:32:33";"38";"Com vítima";"23,458";"BR-277/PR";"Decrescente";"Choque";0;0;0;1;0;0;0;0;0;0;0;0;1;0;0
"17/11/2024";"08:34:24";"62";"Sem vítima";"13,679";"407/PR";"Crescente";"Saída de pista";1;0;0;0;0;0;0;0;0;0;1;0;0;0;0
"17/11/2024";"10:09:16";"82";"Com vítima";"59,218";"BR-277/PR";"Crescente";"Colisão traseira";1;0;0;1;0;0;0;0;0;0;4;1;0;0;0
"17/11/2024";"16:20:19";"163";"Com vítima";"248,911";"092/PR";"Crescente";"Colisão transversal";1;0;1;0;0;0;0;0;0;0;1;1;3;0;0
"17/11/2024";"16:54:08";"175";"Com vítima";"22,095";"BR-277/PR";"Crescente";"Choque";1;0;0;0;0;0;0;0;0;0;4;1;0;0;0
"17/11/2024";"17:08:15";"181";"Sem vítima";"294,410";"151/PR";"Decrescente";"Saída de pista";0;0;0;0;0;0;0;0;0;1;1;0;0;0;0
"17/11/2024";"17:13:34";"183";"Sem vítima";"5,220";"239/PR";"Decrescente";"Tombamento";0;0;1;0;0;0;0;0;0;0;1;0;0;0;0
"17/11/2024";"18:58:28";"214";"Sem vítima";"288,015";"151/PR";"Decrescente";"Choque";1;0;0;0;0;0;0;0;0;0;2;0;0;0;0
"17/11/2024";"19:49:12";"225";"Sem vítima";"304,250";"151/PR";"Decrescente";"Colisão lateral no mesmo sentido";1;0;1;0;0;0;0;0;0;0;3;0;0;0;0
"17/11/2024";"21:05:21";"245";"Com vítima";"241,460";"092/PR";"Decrescente";"Queda de moto";0;0;0;1;0;0;0;0;0;0;1;0;0;1;0
"17/11/2024";"22:44:48";"271";"Com vítima";"293,030";"151/PR";"Decrescente";"Saída de pista";0;0;0;0;0;0;0;0;0;1;0;1;0;0;0
"18/11/2024";"01:44:36";"31";"Sem vítima";"74,959";"BR-277/PR";"Decrescente";"Choque";1;0;0;0;0;0;0;0;0;0;1;0;0;0;0
"18/11/2024";"07:47:32";"164";"Sem vítima";"77,765";"BR-277/PR";"Decrescente";"Engavetamento";2;0;1;0;0;0;0;0;0;0;4;0;0;0;0
"18/11/2024";"08:41:03";"190";"Sem vítima";"75,209";"BR-277/PR";"Crescente";"Colisão traseira";2;0;0;0;0;0;0;0;0;0;4;0;0;0;0
"18/11/2024";"10:38:30";"227";"Sem vítima";"39,194";"BR-277/PR";"Decrescente";"Saída de pista";1;0;0;0;0;0;0;0;0;0;1;0;0;0;0
"18/11/2024";"11:37:37";"241";"Com vítima";"226,060";"151/PR";"Crescente";"Choque";1;0;0;0;0;0;0;0;0;0;0;1;0;0;0
"18/11/2024";"20:19:38";"344";"Com vítima";"219,850";"092/PR";"Crescente";"Colisão traseira";1;0;0;0;0;0;0;0;0;0;0;1;0;0;0
"18/11/2024";"20:22:24";"345";"Sem vítima";"51,800";"BR-369/PR";"Decrescente";"Saída de pista";1;0;0;0;0;0;0;0;0;0;2;0;0;0;0
"19/11/2024";"01:25:26";"20";"Sem vítima";"17,125";"408/PR";"Crescente";"Queda de moto";0;0;0;1;0;0;0;0;0;0;2;0;0;0;0
"19/11/2024";"07:33:30";"142";"Com vítima";"80,650";"BR-277/PR";"Crescente";"Colisão traseira";1;0;0;1;0;0;0;0;0;0;1;0;2;0;0
"19/11/2024";"16:23:12";"276";"Com vítima";"5,486";"855/PR";"Decrescente";"Choque";1;0;0;0;0;0;0;0;0;0;0;1;0;0;0
"19/11/2024";"17:43:21";"292";"Com vítima";"308,300";"092/PR";"Decrescente";"Colisão transversal";2;0;0;0;0;0;0;0;0;0;0;2;0;0;0
"19/11/2024";"18:53:00";"306";"Sem vítima";"0,010";"BR-277/PR";"Crescente";"Choque";0;0;1;0;0;0;0;0;0;0;1;0;0;0;0
"20/11/2024";"01:57:08";"32";"Sem vítima";"188,100";"151/PR";"Crescente";"Capotamento";1;0;0;0;0;0;0;0;0;0;1;0;0;0;0
"20/11/2024";"03:51:09";"40";"Com vítima";"10,310";"411/PR";"Decrescente";"Choque";0;0;1;0;0;0;0;0;0;0;0;1;0;0;0
"20/11/2024";"10:18:11";"212";"Com vítima";"26,150";"BR-153/PR";"Decrescente";"Tombamento";0;0;1;0;0;0;0;0;0;0;0;1;0;0;0
"20/11/2024";"16:07:29";"293";"Sem vítima";"38,470";"BR-277/PR";"Crescente";"Colisão traseira";1;0;1;0;0;0;0;0;0;0;6;0;0;0;0
"20/11/2024";"19:02:40";"315";"Com vítima";"1,900";"BR-277/PR";"Crescente";"Queda de bicicleta";0;1;0;0;0;0;0;0;0;0;0;0;0;0;0
"20/11/2024";"20:37:56";"326";"Com vítima";"0,500";"BR-277/PR";"Decrescente";"Atropelamento de pedestre";1;0;0;0;0;0;0;0;0;0;1;1;0;0;0
"20/11/2024";"22:36:20";"337";"Com vítima";"60,300";"BR-277/PR";"Decrescente";"Queda de moto";0;0;0;1;0;0;0;0;0;0;0;1;0;0;0
"20/11/2024";"23:42:04";"341";"Com vítima";"33,500";"BR-277/PR";"Decrescente";"Choque";1;0;0;0;0;0;0;0;0;0;1;1;0;0;0
"21/11/2024";"00:20:11";"7";"Sem vítima";"308,010";"151/PR";"Decrescente";"Capotamento";1;0;0;0;0;0;0;0;0;0;4;0;0;0;0
"21/11/2024";"00:23:04";"8";"Com vítima";"75,010";"BR-277/PR";"Decrescente";"Atropelamento de pedestre";0;0;0;0;0;0;0;0;0;0;0;0;0;0;1
"21/11/2024";"08:03:48";"119";"Sem vítima";"43,500";"BR-277/PR";"Crescente";"Colisão traseira";1;0;0;0;0;0;0;0;0;1;3;0;0;0;0
"21/11/2024";"09:48:54";"180";"Sem vítima";"40,500";"BR-277/PR";"Decrescente";"Choque";0;0;0;0;0;0;0;0;0;1;1;0;0;0;0
"21/11/2024";"10:28:30";"189";"Com vítima";"1,911";"BR-277/PR";"Crescente";"Colisão transversal";0;1;1;0;0;0;0;0;0;0;1;0;0;0;0
"21/11/2024";"12:34:38";"214";"Sem vítima";"78,780";"BR-277/PR";"Decrescente";"Choque";1;0;0;0;0;0;0;0;0;0;1;0;0;0;0
"21/11/2024";"15:16:21";"236";"Com vítima";"254,876";"092/PR";"Crescente";"Tombamento";0;0;1;0;0;0;0;0;0;0;0;1;0;0;0
"21/11/2024";"17:38:17";"263";"Sem vítima";"40,500";"BR-277/PR";"Crescente";"Saída de pista";1;0;0;0;0;0;0;0;0;0;2;0;0;0;0
"21/11/2024";"19:04:03";"274";"Sem vítima";"300,470";"092/PR";"Crescente";"Colisão lateral no mesmo sentido";1;0;0;1;0;0;0;0;0;0;2;0;0;0;0
"21/11/2024";"20:58:44";"281";"Sem vítima";"68,100";"BR-277/PR";"Crescente";"Saída de pista";1;0;0;0;0;0;0;0;0;0;1;0;0;0;0
"21/11/2024";"21:01:44";"283";"Sem vítima";"0,500";"BR-277/PR";"Crescente";"Saída de pista";1;0;0;0;0;0;0;0;0;0;1;0;0;0;0
"21/11/2024";"21:32:06";"285";"Sem vítima";"69,100";"BR-277/PR";"Crescente";"Queda de moto";0;0;0;1;0;0;0;0;0;0;1;0;0;0;0
"22/11/2024";"05:39:07";"27";"Sem vítima";"12,500";"239/PR";"Crescente";"Colisão traseira";0;0;2;0;0;0;0;0;0;0;2;0;0;0;0
"22/11/2024";"07:48:56";"120";"Com vítima";"32,286";"BR-277/PR";"Crescente";"Choque";0;0;0;0;0;0;0;0;0;1;0;1;0;0;0
"22/11/2024";"07:51:28";"124";"Com vítima";"0,050";"804/PR";"Crescente";"Engavetamento";2;0;1;0;0;0;0;0;0;0;0;8;1;0;0
"22/11/2024";"08:03:43";"129";"Sem vítima";"0,050";"804/PR";"Decrescente";"Queda de moto";0;0;0;0;0;0;0;0;0;0;0;0;0;0;0
"22/11/2024";"13:45:18";"229";"Sem vítima";"37,989";"BR-277/PR";"Crescente";"Choque";1;0;0;0;0;0;0;0;0;0;1;0;0;0;0
"22/11/2024";"20:46:18";"313";"Sem vítima";"33,109";"BR-277/PR";"Crescente";"Choque";1;0;0;0;0;0;0;0;0;0;2;0;0;0;0
"22/11/2024";"21:03:59";"318";"Sem vítima";"31,780";"BR-277/PR";"Decrescente";"Choque";1;0;0;0;0;0;0;0;0;0;1;0;0;0;0
"22/11/2024";"21:16:12";"321";"Com vítima";"283,090";"151/PR";"Decrescente";"Choque";0;0;0;0;0;0;0;0;0;1;0;1;0;0;0
"22/11/2024";"21:17:48";"322";"Sem vítima";"36,800";"BR-277/PR";"Decrescente";"Saída de pista";1;0;0;0;0;0;0;0;0;0;2;0;0;0;0
"22/11/2024";"21:51:10";"329";"Com vítima";"276,016";"092/PR";"Crescente";"Tombamento";0;0;1;0;0;0;0;0;0;0;0;0;1;0;0
"22/11/2024";"21:52:52";"330";"Sem vítima";"36,800";"BR-277/PR";"Decrescente";"Saída de pista";1;0;0;0;0;0;0;0;0;0;1;0;0;0;0
"22/11/2024";"21:58:59";"332";"Com vítima";"33,180";"BR-277/PR";"Crescente";"Choque";1;0;0;0;0;0;0;0;0;0;1;1;0;0;0
"22/11/2024";"22:42:26";"335";"Sem vítima";"35,080";"BR-277/PR";"Decrescente";"Tombamento";0;0;1;0;0;0;0;0;0;0;1;0;0;0;0
"23/11/2024";"04:05:27";"26";"Com vítima";"8,680";"BR-277/PR";"Decrescente";"Capotamento";1;0;0;0;0;0;0;0;0;0;0;0;1;0;0
"23/11/2024";"04:10:53";"27";"Sem vítima";"6,720";"BR-277/PR";"Crescente";"Saída de pista";1;0;0;0;0;0;0;0;0;0;1;0;0;0;0
"23/11/2024";"07:53:14";"79";"Com vítima";"33,923";"BR-277/PR";"Crescente";"Choque";0;0;0;0;0;0;0;0;0;1;0;3;2;0;0
"23/11/2024";"08:40:14";"93";"Sem vítima";"36,300";"BR-277/PR";"Crescente";"Choque";1;0;0;0;0;0;0;0;0;0;1;0;0;0;0
"23/11/2024";"08:55:36";"101";"Com vítima";"32,497";"BR-277/PR";"Crescente";"Choque";0;0;0;0;0;0;0;0;0;1;0;1;0;0;0
"23/11/2024";"09:34:56";"112";"Com vítima";"35,120";"BR-153/PR";"Decrescente";"Colisão transversal";1;0;0;1;0;0;0;0;0;0;1;1;0;0;0
"23/11/2024";"09:37:25";"114";"Sem vítima";"32,230";"BR-277/PR";"Decrescente";"Saída de pista";1;0;0;0;0;0;0;0;0;0;5;0;0;0;0
"23/11/2024";"09:42:17";"115";"Com vítima";"12,322";"BR-277/PR";"Decrescente";"Queda de moto";0;0;0;1;0;0;0;0;0;0;0;0;1;0;0
"23/11/2024";"12:07:44";"137";"Com vítima";"244,010";"151/PR";"Crescente";"Engavetamento";1;0;1;0;0;0;0;0;0;1;2;1;0;0;0
"23/11/2024";"12:59:46";"143";"Sem vítima";"18,750";"408/PR";"Decrescente";"Choque";1;0;0;0;0;0;0;0;0;0;1;0;0;0;0
"23/11/2024";"13:46:35";"151";"Com vítima";"36,829";"BR-277/PR";"Decrescente";"Queda de moto";0;0;0;1;0;0;0;0;0;0;0;1;1;0;0
"23/11/2024";"17:27:05";"187";"Sem vítima";"37,846";"BR-277/PR";"Crescente";"Choque";1;0;0;0;0;0;0;0;0;0;2;0;0;0;0
"23/11/2024";"20:30:52";"218";"Com vítima";"219,829";"092/PR";"Crescente";"Colisão transversal";0;0;0;0;0;0;0;0;0;0;0;0;0;0;0
"23/11/2024";"22:22:22";"237";"Sem vítima";"31,720";"BR-277/PR";"Crescente";"Choque";1;0;0;0;0;0;0;0;0;0;1;0;0;0;0
"23/11/2024";"23:56:01";"255";"Sem vítima";"3,483";"BR-277/PR";"Decrescente";"Choque";0;0;0;0;0;0;0;0;0;1;0;0;0;0;0
"24/11/2024";"02:14:14";"22";"Sem vítima";"18,720";"BR-369/PR";"Crescente";"Choque";1;0;0;0;0;0;0;0;0;0;1;0;0;0;0
"24/11/2024";"03:13:56";"24";"Com vítima";"261,610";"151/PR";"Decrescente";"Saída de pista";0;0;0;0;0;0;0;0;0;1;0;1;0;0;0
"24/11/2024";"09:39:56";"102";"Com vítima";"25,401";"508/PR";"Crescente";"Colisão lateral no mesmo sentido";0;0;0;0;0;0;0;0;0;0;0;0;0;0;0
"24/11/2024";"10:58:12";"121";"Sem vítima";"17,521";"BR-153/PR";"Decrescente";"Colisão lateral no mesmo sentido";0;0;2;0;0;0;0;0;0;0;2;0;0;0;0
"24/11/2024";"15:57:58";"190";"Com vítima";"44,929";"BR-153/PR";"Decrescente";"Colisão traseira";1;0;0;1;0;0;0;0;0;0;0;2;1;0;0
"24/11/2024";"18:44:24";"228";"Com vítima";"2,980";"BR-153/PR";"Crescente";"Tombamento";0;0;1;0;0;0;0;0;0;0;0;1;0;0;0
"25/11/2024";"06:27:26";"33";"Sem vítima";"42,230";"BR-277/PR";"Crescente";"Choque";0;0;1;0;0;0;0;0;0;0;1;0;0;0;0
"25/11/2024";"18:16:14";"282";"Com vítima";"1,010";"BR-369/PR";"Decrescente";"Colisão lateral no mesmo sentido";1;0;0;1;0;0;0;0;0;0;1;1;0;0;0
"25/11/2024";"19:05:08";"285";"Sem vítima";"36,400";"BR-277/PR";"Crescente";"Colisão traseira";2;0;0;0;0;0;0;0;0;0;2;0;0;0;0
"25/11/2024";"19:48:17";"290";"Com vítima";"20,500";"BR-153/PR";"Crescente";"Colisão traseira";1;0;0;1;0;0;0;0;0;0;1;1;0;0;0
"26/11/2024";"03:43:20";"27";"Com vítima";"34,340";"BR-153/PR";"Decrescente";"Tombamento";0;0;1;0;0;0;0;0;0;0;0;1;0;0;0
"26/11/2024";"06:55:20";"65";"Sem vítima";"45,015";"BR-277/PR";"Decrescente";"Engavetamento";0;0;3;0;0;0;0;0;0;0;3;0;0;0;0
"26/11/2024";"08:52:48";"135";"Sem vítima";"45,002";"BR-277/PR";"Decrescente";"Colisão lateral no mesmo sentido";1;0;1;0;0;0;0;0;0;0;3;0;0;0;0
"26/11/2024";"17:08:52";"289";"Sem vítima";"37,341";"BR-277/PR";"Decrescente";"Choque";0;0;0;0;0;0;0;0;0;1;1;0;0;0;0
"26/11/2024";"18:37:12";"302";"Sem vítima";"211,010";"092/PR";"Crescente";"Colisão lateral no mesmo sentido";0;0;2;0;0;0;0;0;0;0;1;0;0;0;0
"27/11/2024";"07:58:24";"161";"Sem vítima";"70,370";"BR-277/PR";"Crescente";"Colisão lateral no mesmo sentido";1;0;1;0;0;0;0;0;0;0;2;0;0;0;0
"27/11/2024";"08:04:10";"168";"Sem vítima";"70,230";"BR-277/PR";"Crescente";"Engavetamento";1;0;2;0;0;0;0;0;0;0;3;0;0;0;0
"27/11/2024";"09:32:18";"213";"Com vítima";"78,159";"BR-277/PR";"Decrescente";"Colisão traseira";0;0;0;1;0;0;0;0;0;0;0;1;0;0;0
"27/11/2024";"14:42:34";"290";"Sem vítima";"273,740";"151/PR";"Decrescente";"Colisão lateral no mesmo sentido";0;0;1;0;0;0;0;0;0;1;2;0;0;0;0
"27/11/2024";"16:01:09";"308";"Sem vítima";"67,459";"BR-277/PR";"Decrescente";"Colisão lateral no mesmo sentido";1;0;0;0;0;0;0;0;0;1;4;0;0;0;0
"27/11/2024";"20:39:44";"357";"Sem vítima";"251,510";"151/PR";"Crescente";"Saída de pista";1;0;0;0;0;0;0;0;0;0;2;0;0;0;0
"27/11/2024";"22:52:43";"382";"Com vítima";"26,382";"BR-277/PR";"Decrescente";"Tombamento";0;0;1;0;0;0;0;0;0;0;0;0;1;0;0
"28/11/2024";"07:50:55";"126";"Com vítima";"80,211";"BR-277/PR";"Crescente";"Colisão lateral no mesmo sentido";1;0;0;1;0;0;0;0;0;0;0;2;0;0;0
"28/11/2024";"09:05:55";"178";"Com vítima";"79,540";"BR-277/PR";"Crescente";"Choque";1;0;0;0;0;0;0;0;0;0;0;1;0;1;0
"28/11/2024";"09:57:45";"203";"Com vítima";"300,089";"092/PR";"Decrescente";"Queda de moto";0;0;0;1;0;0;0;0;0;0;0;1;0;0;0
"28/11/2024";"12:12:42";"236";"Sem vítima";"54,264";"BR-277/PR";"Decrescente";"Choque";1;0;0;0;0;0;0;0;0;0;5;0;0;0;0
"28/11/2024";"13:04:05";"246";"Com vítima";"296,100";"092/PR";"Decrescente";"Colisão traseira";0;0;0;1;0;0;0;0;0;1;0;2;0;0;0
"28/11/2024";"13:31:33";"251";"Sem vítima";"60,250";"BR-277/PR";"Crescente";"Colisão traseira";0;0;2;0;0;0;0;0;0;0;2;0;0;0;0
"28/11/2024";"16:36:23";"280";"Com vítima";"307,010";"151/PR";"Crescente";"Saída de pista";0;0;0;0;0;0;0;0;0;1;0;1;0;0;0
"28/11/2024";"18:51:46";"306";"Sem vítima";"31,215";"BR-277/PR";"Decrescente";"Choque";1;0;0;0;0;0;0;0;0;0;1;0;0;0;0
"28/11/2024";"20:01:22";"318";"Com vítima";"313,795";"151/PR";"Crescente";"Capotamento";1;0;0;0;0;0;0;0;0;0;0;1;0;0;0
"28/11/2024";"22:09:46";"336";"Com vítima";"311,055";"151/PR";"Decrescente";"Atropelamento de pedestre";1;0;0;0;0;0;0;0;0;0;1;0;0;1;0
"28/11/2024";"22:30:21";"338";"Sem vítima";"311,678";"151/PR";"Decrescente";"Colisão traseira";2;0;0;0;0;0;0;0;0;0;2;0;0;0;0
"29/11/2024";"01:42:17";"34";"Sem vítima";"71,315";"BR-277/PR";"Crescente";"Saída de pista";1;0;0;0;0;0;0;0;0;0;1;0;0;0;0
"29/11/2024";"07:19:52";"87";"Sem vítima";"0,532";"804/PR";"Crescente";"Choque";1;0;0;0;0;0;0;0;0;0;1;0;0;0;0
"29/11/2024";"12:22:32";"251";"Sem vítima";"10,420";"BR-277/PR";"Decrescente";"Saída de pista";1;0;0;0;0;0;0;0;0;0;3;0;0;0;0
"29/11/2024";"12:58:13";"258";"Sem vítima";"217,498";"151/PR";"Decrescente";"Choque";0;0;1;0;0;0;0;0;0;0;1;0;0;0;0
"29/11/2024";"14:39:19";"282";"Com vítima";"67,912";"BR-277/PR";"Crescente";"Colisão lateral no mesmo sentido";0;0;0;1;0;0;0;0;0;1;1;1;0;0;0
"29/11/2024";"17:21:08";"319";"Com vítima";"317,258";"151/PR";"Decrescente";"Engavetamento";1;0;0;0;0;0;0;0;0;0;1;1;0;0;0
"29/11/2024";"17:38:41";"321";"Sem vítima";"317,700";"151/PR";"Decrescente";"Colisão traseira";2;0;0;0;0;0;0;0;0;0;1;0;0;0;0
"30/11/2024";"00:30:09";"9";"Sem vítima";"32,100";"BR-277/PR";"Crescente";"Saída de pista";1;0;0;0;0;0;0;0;0;0;1;0;0;0;0
"30/11/2024";"00:41:09";"11";"Sem vítima";"32,300";"BR-277/PR";"Crescente";"Capotamento";1;0;0;0;0;0;0;0;0;0;1;0;0;0;0