data;horario;n_da_ocorrencia;tipo_de_ocorrencia;km;trecho;sentido;tipo_de_acidente;automovel;bicicleta;caminhao;moto;onibus;outros;tracao_animal;transporte_de_cargas_especiais;trator_maquinas;utilitarios;ilesos;levemente_feridos;moderadamente_feridos;gravemente_feridos;mortos
"15/12/2024";"01:54:58";"36";"Sem vítima";"318,800";"151/PR";"Crescente";"Choque";1;0;0;0;0;0;0;0;0;0;1;0;0;0;0
"15/12/2024";"03:25:24";"45";"Sem vítima";"254,360";"092/PR";"Crescente";"Saída de pista";0;0;0;0;0;0;0;0;0;1;2;0;0;0;0
"15/12/2024";"05:32:56";"51";"Sem vítima";"236,300";"151/PR";"Decrescente";"Saída de pista";1;0;0;0;0;0;0;0;0;0;1;0;0;0;0
"15/12/2024";"07:27:54";"76";"Com vítima";"205,478";"092/PR";"Decrescente";"Colisão lateral no mesmo sentido";1;0;1;0;0;0;0;0;0;0;1;3;0;0;0
"15/12/2024";"08:45:37";"90";"Sem vítima";"305,560";"092/PR";"Crescente";"Colisão traseira";0;0;2;0;0;0;0;0;0;0;2;0;0;0;0
"15/12/2024";"10:52:23";"112";"Sem vítima";"36,584";"BR-277/PR";"Crescente";"Choque";1;0;0;0;0;0;0;0;0;0;5;0;0;0;0
"15/12/2024";"12:53:57";"137";"Com vítima";"15,524";"408/PR";"Crescente";"Queda de moto";0;0;0;1;0;0;0;0;0;0;0;2;0;0;0
"15/12/2024";"19:59:28";"216";"Sem vítima";"31,300";"BR-277/PR";"Crescente";"Saída de pista";1;0;0;0;0;0;0;0;0;0;4;0;0;0;0
"15/12/2024";"20:13:52";"220";"Sem vítima";"208,440";"092/PR";"Crescente";"Saída de pista";1;0;0;0;0;0;0;0;0;0;4;0;0;0;0
"15/12/2024";"22:07:46";"237";"Sem vítima";"310,120";"151/PR";"Decrescente";"Saída de pista";1;0;0;0;0;0;0;0;0;0;1;0;0;0;0
"15/12/2024";"22:29:41";"243";"Sem vítima";"82,900";"BR-277/PR";"Decrescente";"Capotamento";1;0;0;0;0;0;0;0;0;0;1;0;0;0;0
"16/12/2024";"01:10:36";"20";"Sem vítima";"317,100";"151/PR";"Decrescente";"Colisão transversal";1;0;1;0;0;0;0;0;0;0;4;0;0;0;0
"16/12/2024";"12:46:37";"244";"Sem vítima";"53,792";"BR-277/PR";"Crescente";"Engavetamento";1;0;2;0;0;0;0;0;0;0;7;0;0;0;0
"16/12/2024";"13:53:04";"257";"Sem vítima";"209,120";"151/PR";"Decrescente";"Colisão traseira";1;0;0;0;0;0;0;0;0;1;2;0;0;0;0
"16/12/2024";"14:44:17";"265";"Com vítima";"3,108";"BR-277/PR";"Crescente";"Colisão lateral no mesmo sentido";0;0;0;1;0;0;0;0;0;1;1;1;1;0;0
"16/12/2024";"18:10:15";"299";"Sem vítima";"254,010";"092/PR";"Decrescente";"Queda de bicicleta";0;1;0;0;0;0;0;0;0;0;0;0;0;0;0
"16/12/2024";"21:12:14";"336";"Sem vítima";"267,502";"151/PR";"Decrescente";"Saída de pista";0;0;1;0;0;0;0;0;0;0;1;0;0;0;0
"16/12/2024";"23:17:47";"345";"Sem vítima";"229,016";"151/PR";"Decrescente";"Colisão traseira";1;0;0;0;1;0;0;0;0;0;46;0;0;0;0
"17/12/2024";"10:43:54";"235";"Sem vítima";"8,356";"BR-277/PR";"Decrescente";"Tombamento";0;0;1;0;0;0;0;0;0;0;1;0;0;0;0
"17/12/2024";"12:30:42";"264";"Com vítima";"39,710";"BR-277/PR";"Crescente";"Colisão transversal";0;0;1;1;0;0;0;0;0;0;1;0;1;0;0
"17/12/2024";"17:40:33";"328";"Sem vítima";"40,858";"BR-277/PR";"Crescente";"Colisão traseira";2;0;0;0;0;0;0;0;0;0;5;0;0;0;0
"17/12/2024";"18:04:48";"332";"Sem vítima";"306,120";"151/PR";"Decrescente";"Colisão lateral no mesmo sentido";1;0;0;0;0;0;0;0;0;0;1;0;0;0;0
"17/12/2024";"18:06:26";"333";"Com vítima";"45,710";"BR-369/PR";"Crescente";"Tombamento";0;0;1;0;0;0;0;0;0;0;0;0;1;0;0
"18/12/2024";"00:16:05";"5";"Sem vítima";"36,700";"BR-277/PR";"Decrescente";"Colisão traseira";1;0;0;0;0;0;0;0;0;0;2;0;0;0;0
"18/12/2024";"06:59:44";"71";"Com vítima";"46,939";"BR-369/PR";"Decrescente";"Choque";1;0;0;0;0;0;0;0;0;0;0;1;0;0;0
"18/12/2024";"07:18:28";"79";"Sem vítima";"31,774";"BR-277/PR";"Decrescente";"Choque";1;0;0;0;0;0;0;0;0;0;5;0;0;0;0
"18/12/2024";"07:31:02";"90";"Com vítima";"75,959";"BR-277/PR";"Crescente";"Colisão traseira";1;0;0;1;0;0;0;0;0;0;1;1;0;0;0
"18/12/2024";"08:01:04";"119";"Sem vítima";"31,770";"BR-277/PR";"Decrescente";"Colisão traseira";1;0;0;0;0;0;0;0;0;1;2;0;0;0;0
"18/12/2024";"08:33:39";"128";"Sem vítima";"42,328";"BR-277/PR";"Crescente";"Colisão lateral no mesmo sentido";0;0;1;0;0;0;0;0;0;1;2;0;0;0;0
"18/12/2024";"11:07:12";"191";"Sem vítima";"19,199";"BR-277/PR";"Decrescente";"Colisão lateral no mesmo sentido";1;0;0;0;0;0;0;0;0;1;0;0;0;0;0
"18/12/2024";"12:25:06";"223";"Sem vítima";"41,100";"BR-277/PR";"Crescente";"Colisão lateral no mesmo sentido";1;0;1;0;0;0;0;0;0;0;2;0;0;0;0
"18/12/2024";"12:38:05";"227";"Com vítima";"32,345";"BR-153/PR";"Crescente";"Colisão lateral no mesmo sentido";1;0;1;0;0;0;0;0;0;1;3;3;0;0;0
"18/12/2024";"14:42:35";"262";"Sem vítima";"314,620";"092/PR";"Crescente";"Colisão lateral no mesmo sentido";0;0;2;0;0;0;0;0;0;0;2;0;0;0;0
"18/12/2024";"14:55:03";"264";"Sem vítima";"18,190";"BR-277/PR";"Crescente";"Colisão traseira";1;0;0;0;0;0;0;0;0;0;1;0;0;0;0
"18/12/2024";"15:05:06";"268";"Com vítima";"78,120";"BR-277/PR";"Decrescente";"Queda de moto";0;0;0;1;0;0;0;0;0;0;0;1;0;0;0
"18/12/2024";"16:36:21";"277";"Sem vítima";"58,947";"BR-277/PR";"Crescente";"Choque";0;0;1;0;0;0;0;0;0;0;1;0;0;0;0
"18/12/2024";"17:00:50";"282";"Com vítima";"36,489";"BR-153/PR";"Crescente";"Colisão traseira";1;0;0;1;0;0;0;0;0;0;3;0;1;0;0
"18/12/2024";"21:14:30";"320";"Com vítima";"294,128";"151/PR";"Decrescente";"Choque";1;0;0;0;0;0;0;0;0;0;0;4;0;0;0
"18/12/2024";"22:11:42";"328";"Sem vítima";"60,300";"BR-277/PR";"Decrescente";"Colisão lateral no mesmo sentido";1;0;1;0;0;0;0;0;0;0;2;0;0;0;0
"19/12/2024";"04:42:01";"42";"Com vítima";"36,100";"BR-277/PR";"Decrescente";"Capotamento";1;0;0;0;0;0;0;0;0;0;0;1;0;0;0
"19/12/2024";"11:55:49";"232";"Sem vítima";"72,678";"BR-277/PR";"Crescente";"Engavetamento";2;0;0;0;0;0;0;0;0;1;3;0;0;0;0
"19/12/2024";"12:20:07";"239";"Com vítima";"24,338";"BR-153/PR";"Crescente";"Colisão transversal";0;0;1;0;0;0;0;0;0;1;1;0;0;1;0
"19/12/2024";"12:59:54";"251";"Com vítima";"43,538";"BR-277/PR";"Decrescente";"Colisão traseira";0;0;2;0;0;0;0;0;0;0;1;0;1;0;0
"19/12/2024";"13:49:33";"262";"Com vítima";"75,192";"BR-277/PR";"Crescente";"Queda de moto";0;0;0;1;0;0;0;0;0;0;0;2;0;0;0
"19/12/2024";"20:02:19";"339";"Sem vítima";"304,300";"151/PR";"Crescente";"Saída de pista";0;0;0;0;0;0;0;0;0;1;1;0;0;0;0
"19/12/2024";"20:38:48";"343";"Com vítima";"297,950";"151/PR";"Crescente";"Colisão transversal";0;0;1;0;0;0;0;0;0;1;3;0;0;1;0
"19/12/2024";"21:16:20";"348";"Sem vítima";"70,100";"BR-277/PR";"Decrescente";"Saída de pista";1;0;0;0;0;0;0;0;0;0;1;0;0;0;0
"20/12/2024";"01:42:52";"19";"Sem vítima";"79,400";"BR-277/PR";"Decrescente";"Saída de pista";1;0;0;0;0;0;0;0;0;0;2;0;0;0;0
"20/12/2024";"05:02:30";"26";"Sem vítima";"36,800";"BR-277/PR";"Decrescente";"Queda de moto";0;0;0;1;0;0;0;0;0;0;1;0;0;0;0
"20/12/2024";"08:02:08";"128";"Com vítima";"80,760";"BR-277/PR";"Crescente";"Colisão traseira";0;0;0;1;0;0;0;0;0;0;0;1;0;0;0
"20/12/2024";"08:37:14";"146";"Sem vítima";"298,110";"151/PR";"Crescente";"Colisão lateral no mesmo sentido";1;0;1;0;0;0;0;0;0;0;2;0;0;0;0
"20/12/2024";"09:36:18";"162";"Sem vítima";"9,900";"BR-153/PR";"Decrescente";"Colisão transversal";2;0;0;0;0;0;0;0;0;0;2;0;0;0;0
"20/12/2024";"10:40:35";"183";"Com vítima";"8,801";"BR-277/PR";"Crescente";"Engavetamento";0;0;2;0;0;0;0;0;0;0;0;2;0;0;0
"20/12/2024";"11:01:51";"201";"Sem vítima";"236,700";"092/PR";"Crescente";"Colisão lateral no mesmo sentido";1;0;1;0;0;0;0;0;0;0;4;0;0;0;0
"20/12/2024";"11:28:17";"208";"Com vítima";"78,280";"BR-277/PR";"Crescente";"Queda de moto";0;0;0;1;0;0;0;0;0;0;0;0;1;0;0
"20/12/2024";"11:44:03";"210";"Sem vítima";"78,280";"BR-277/PR";"Crescente";"Colisão traseira";0;0;0;0;0;0;0;0;0;0;0;0;0;0;0
"20/12/2024";"16:00:32";"264";"Com vítima";"53,249";"BR-277/PR";"Crescente";"Queda de moto";0;0;0;1;0;0;0;0;0;0;0;0;1;0;0
"20/12/2024";"16:03:49";"265";"Com vítima";"15,812";"408/PR";"Decrescente";"Queda de moto";0;0;0;1;0;0;0;0;0;0;0;0;1;0;0
"20/12/2024";"17:00:00";"278";"Com vítima";"272,200";"092/PR";"Decrescente";"Colisão traseira";1;0;1;0;0;0;0;0;0;0;4;0;1;0;0
"20/12/2024";"17:17:10";"282";"Sem vítima";"0,370";"BR-153/PR";"Decrescente";"Colisão traseira";2;0;0;0;0;0;0;0;0;0;5;0;0;0;0
"20/12/2024";"17:36:06";"288";"Sem vítima";"272,200";"092/PR";"Crescente";"Engavetamento";2;0;1;0;0;0;0;0;0;0;5;0;0;0;0
"20/12/2024";"17:38:13";"290";"Com vítima";"8,500";"408/PR";"Crescente";"Colisão traseira";0;0;0;2;0;0;0;0;0;0;0;2;0;0;0
"20/12/2024";"18:52:57";"306";"Sem vítima";"298,315";"151/PR";"Decrescente";"Saída de pista";1;0;0;0;0;0;0;0;0;0;1;0;0;0;0
"20/12/2024";"21:26:41";"339";"Sem vítima";"36,800";"BR-277/PR";"Decrescente";"Saída de pista";0;0;1;0;0;0;0;0;0;0;1;0;0;0;0
"20/12/2024";"22:16:17";"346";"Com vítima";"17,600";"407/PR";"Crescente";"Choque";1;0;0;0;0;0;0;0;0;0;0;0;1;0;0
"21/12/2024";"07:38:24";"114";"Sem vítima";"233,120";"151/PR";"Decrescente";"Choque";1;0;0;0;0;0;0;0;0;0;2;0;0;0;0
"21/12/2024";"07:47:57";"117";"Com vítima";"260,513";"151/PR";"Decrescente";"Engavetamento";1;0;2;0;0;0;0;0;0;0;4;4;0;0;0
"21/12/2024";"08:10:50";"123";"Sem vítima";"24,700";"508/PR";"Decrescente";"Choque";1;0;0;0;0;0;0;0;0;0;2;0;0;0;0
"21/12/2024";"09:12:28";"139";"Com vítima";"248,931";"092/PR";"Crescente";"Colisão transversal";2;0;0;0;0;0;0;0;0;0;2;1;0;0;0
"21/12/2024";"09:52:48";"152";"Com vítima";"220,120";"092/PR";"Decrescente";"Colisão traseira";0;0;1;1;0;0;0;0;0;0;1;1;0;1;0
"21/12/2024";"10:17:53";"163";"Sem vítima";"216,120";"151/PR";"Decrescente";"Choque";0;0;0;0;0;0;0;0;0;1;2;0;0;0;0
"21/12/2024";"12:44:16";"190";"Sem vítima";"32,410";"BR-277/PR";"Crescente";"Colisão lateral no mesmo sentido";0;0;1;0;0;0;0;0;0;1;2;0;0;0;0
"21/12/2024";"15:06:20";"216";"Sem vítima";"5,009";"BR-277/PR";"Decrescente";"Colisão lateral no mesmo sentido";1;0;1;0;0;0;0;0;0;0;2;0;0;0;0
"21/12/2024";"17:02:28";"246";"Com vítima";"35,200";"BR-277/PR";"Decrescente";"Engavetamento";1;0;3;0;0;0;0;0;0;0;0;6;0;0;0
"21/12/2024";"19:47:23";"278";"Sem vítima";"305,309";"151/PR";"Decrescente";"Saída de pista";1;0;0;0;0;0;0;0;0;0;3;0;0;0;0
"21/12/2024";"20:05:08";"281";"Com vítima";"3,500";"BR-277/PR";"Crescente";"Queda de moto";0;0;0;1;0;0;0;0;0;0;0;1;0;0;0
"21/12/2024";"21:17:16";"297";"Sem vítima";"13,100";"407/PR";"Crescente";"Saída de pista";0;0;0;0;0;0;0;0;0;1;2;0;0;0;0
"22/12/2024";"06:10:32";"50";"Sem vítima";"32,204";"BR-277/PR";"Decrescente";"Choque";1;0;0;0;0;0;0;0;0;0;2;0;0;0;0
"22/12/2024";"06:53:08";"61";"Com vítima";"4,700";"239/PR";"Crescente";"Tombamento";0;0;1;0;0;0;0;0;0;0;0;0;1;0;0
"22/12/2024";"08:38:39";"97";"Sem vítima";"14,548";"BR-277/PR";"Crescente";"Choque";1;0;0;0;0;0;0;0;0;0;1;0;0;0;0
"22/12/2024";"13:49:40";"170";"Sem vítima";"37,900";"BR-277/PR";"Decrescente";"Choque";1;0;0;0;0;0;0;0;0;0;4;0;0;0;0
"22/12/2024";"16:38:19";"206";"Com vítima";"0,200";"407/PR";"Decrescente";"Colisão frontal";2;0;0;0;0;0;0;0;0;0;0;0;3;0;0
"22/12/2024";"17:22:14";"216";"Sem vítima";"32,200";"BR-277/PR";"Decrescente";"Choque";1;0;0;0;0;0;0;0;0;0;2;0;0;0;0
"22/12/2024";"21:15:42";"262";"Com vítima";"69,015";"BR-277/PR";"Crescente";"Colisão traseira";0;0;0;1;0;0;0;0;0;0;0;1;0;0;0
"23/12/2024";"01:18:11";"27";"Sem vítima";"69,125";"BR-277/PR";"Decrescente";"Saída de pista";1;0;0;0;0;0;0;0;0;0;1;0;0;0;0
"23/12/2024";"05:07:39";"42";"Com vítima";"51,550";"BR-369/PR";"Crescente";"Choque";1;0;0;0;0;0;0;0;0;0;1;1;0;0;0
"23/12/2024";"08:37:55";"117";"Sem vítima";"43,670";"BR-277/PR";"Crescente";"Choque";0;0;0;0;0;0;0;0;0;1;2;0;0;0;0
"23/12/2024";"19:09:04";"264";"Sem vítima";"302,384";"151/PR";"Decrescente";"Saída de pista";1;0;0;0;0;0;0;0;0;0;3;0;0;0;0
"24/12/2024";"05:57:27";"32";"Sem vítima";"206,022";"092/PR";"Decrescente";"Capotamento";1;0;0;0;0;0;0;0;0;0;2;0;0;0;0
"24/12/2024";"06:24:08";"38";"Sem vítima";"241,746";"151/PR";"Decrescente";"Saída de pista";1;0;0;0;0;0;0;0;0;0;2;0;0;0;0
"24/12/2024";"06:39:03";"41";"Com vítima";"12,549";"BR-277/PR";"Decrescente";"Capotamento";1;0;0;0;0;0;0;0;0;0;0;4;1;0;0
"24/12/2024";"07:29:35";"50";"Sem vítima";"7,859";"239/PR";"Crescente";"Colisão lateral no mesmo sentido";1;0;1;0;0;0;0;0;0;0;2;0;0;0;0
"24/12/2024";"11:36:40";"90";"Com vítima";"23,860";"BR-277/PR";"Decrescente";"Colisão traseira";1;0;0;0;1;0;0;0;0;0;23;2;0;0;0
"24/12/2024";"13:29:27";"105";"Com vítima";"31,200";"BR-277/PR";"Crescente";"Colisão lateral no mesmo sentido";0;0;1;0;0;0;0;0;0;1;1;1;0;0;0
"24/12/2024";"19:58:47";"161";"Sem vítima";"8,800";"407/PR";"Decrescente";"Saída de pista";1;0;0;0;0;0;0;0;0;0;1;0;0;0;0
"24/12/2024";"23:09:53";"177";"Sem vítima";"251,030";"151/PR";"Crescente";"Choque";1;0;0;0;0;0;0;0;0;0;1;0;0;0;0
"25/12/2024";"02:33:55";"24";"Sem vítima";"40,009";"BR-277/PR";"Crescente";"Saída de pista";1;0;0;0;0;0;0;0;0;0;1;0;0;0;0
"25/12/2024";"03:34:03";"27";"Sem vítima";"76,500";"BR-277/PR";"Crescente";"Colisão traseira";2;0;0;0;0;0;0;0;0;0;3;0;0;0;0
"25/12/2024";"06:45:24";"36";"Sem vítima";"78,430";"BR-277/PR";"Decrescente";"Choque";1;0;0;0;0;0;0;0;0;0;1;0;0;0;0
"25/12/2024";"09:00:11";"62";"Sem vítima";"17,050";"408/PR";"Decrescente";"Colisão traseira";1;0;0;1;0;0;0;0;0;0;6;0;0;0;0
"25/12/2024";"16:33:19";"136";"Com vítima";"49,495";"BR-277/PR";"Crescente";"Queda de moto";0;0;0;1;0;0;0;0;0;0;0;1;0;0;0
"25/12/2024";"17:23:10";"150";"Sem vítima";"12,720";"BR-277/PR";"Decrescente";"Saída de pista";1;0;0;0;0;0;0;0;0;0;4;0;0;0;0
"25/12/2024";"19:34:19";"176";"Sem vítima";"220,040";"092/PR";"Crescente";"Colisão lateral no mesmo sentido";2;0;0;0;0;0;0;0;0;0;2;0;0;0;0
"25/12/2024";"20:20:36";"182";"Sem vítima";"312,900";"151/PR";"Decrescente";"Atropelamento de animal";1;0;0;0;0;0;0;0;0;0;3;0;0;0;0
"25/12/2024";"22:48:15";"199";"Sem vítima";"76,781";"BR-277/PR";"Decrescente";"Choque";1;0;0;0;0;0;0;0;0;0;1;0;0;0;0
"26/12/2024";"05:33:28";"36";"Sem vítima";"34,010";"BR-277/PR";"Decrescente";"Capotamento";1;0;0;0;0;0;0;0;0;0;1;0;0;0;0
"26/12/2024";"06:59:37";"71";"Sem vítima";"83,910";"BR-277/PR";"Decrescente";"Choque";1;0;0;0;0;0;0;0;0;0;1;0;0;0;0
"26/12/2024";"07:42:09";"86";"Sem vítima";"37,987";"BR-277/PR";"Crescente";"Choque";1;0;0;0;0;0;0;0;0;0;1;0;0;0;0
"26/12/2024";"07:46:43";"88";"Com vítima";"83,910";"BR-277/PR";"Decrescente";"Colisão lateral no mesmo sentido";1;0;0;1;0;0;0;0;0;0;1;1;0;0;0
"26/12/2024";"08:22:56";"100";"Sem vítima";"310,300";"151/PR";"Decrescente";"Colisão lateral no mesmo sentido";2;0;0;0;0;0;0;0;0;0;4;0;0;0;0
"26/12/2024";"09:24:19";"128";"Sem vítima";"36,600";"BR-277/PR";"Crescente";"Colisão traseira";0;0;0;0;0;0;0;0;0;2;2;0;0;0;0
"26/12/2024";"09:31:00";"130";"Com vítima";"36,512";"BR-277/PR";"Crescente";"Choque";0;0;0;0;0;0;0;0;0;1;1;0;1;0;0
"26/12/2024";"09:58:38";"137";"Com vítima";"33,250";"BR-369/PR";"Crescente";"Engavetamento";1;0;1;2;0;0;0;0;0;0;2;0;2;1;0
"26/12/2024";"11:16:03";"158";"Sem vítima";"212,130";"151/PR";"Crescente";"Saída de pista";0;0;1;0;0;0;0;0;0;0;1;0;0;0;0
"26/12/2024";"11:24:06";"159";"Sem vítima";"66,940";"BR-277/PR";"Crescente";"Colisão traseira";2;0;0;0;0;0;0;0;0;0;7;0;0;0;0
"26/12/2024";"11:25:22";"160";"Sem vítima";"24,310";"BR-153/PR";"Crescente";"Colisão lateral no mesmo sentido";0;0;0;0;1;0;0;0;0;1;9;0;0;0;0
"26/12/2024";"12:15:40";"171";"Com vítima";"180,600";"151/PR";"Crescente";"Colisão lateral no mesmo sentido";0;0;1;0;0;0;0;0;0;1;1;0;1;0;0
"26/12/2024";"16:08:41";"227";"Sem vítima";"78,441";"BR-277/PR";"Decrescente";"Engavetamento";3;0;0;0;0;0;0;0;0;0;4;0;0;0;0
"26/12/2024";"16:33:17";"233";"Sem vítima";"44,250";"BR-277/PR";"Decrescente";"Choque";0;0;1;0;0;0;0;0;0;0;1;0;0;0;0
"26/12/2024";"18:20:36";"256";"Sem vítima";"7,514";"BR-277/PR";"Crescente";"Colisão traseira";1;0;1;0;0;0;0;0;0;0;5;0;0;0;0
"26/12/2024";"18:23:39";"257";"Sem vítima";"41,020";"BR-277/PR";"Crescente";"Colisão traseira";1;0;1;0;0;0;0;0;0;0;5;0;0;0;0
"26/12/2024";"18:38:49";"264";"Com vítima";"18,100";"407/PR";"Crescente";"Colisão traseira";1;0;0;1;0;0;0;0;0;0;4;1;0;0;0
"27/12/2024";"07:27:14";"82";"Sem vítima";"7,825";"508/PR";"Decrescente";"Saída de pista";1;0;0;0;0;0;0;0;0;0;1;0;0;0;0
"27/12/2024";"08:51:49";"135";"Com vítima";"281,494";"092/PR";"Decrescente";"Queda de moto";0;0;0;1;0;0;0;0;0;0;0;1;0;0;0
"27/12/2024";"10:56:51";"176";"Sem vítima";"17,200";"BR-277/PR";"Decrescente";"Colisão lateral no mesmo sentido";0;0;0;0;0;0;0;0;0;2;2;0;0;0;0
"27/12/2024";"11:03:07";"177";"Com vítima";"9,800";"407/PR";"Crescente";"Colisão lateral no mesmo sentido";0;0;0;1;0;1;0;0;0;0;0;3;0;0;0
"27/12/2024";"11:20:01";"180";"Com vítima";"47,125";"BR-277/PR";"Crescente";"Queda de moto";0;0;0;1;0;0;0;0;0;0;1;1;0;0;0
"27/12/2024";"12:58:06";"208";"Sem vítima";"185,920";"151/PR";"Crescente";"Saída de pista";1;0;0;0;0;0;0;0;0;0;4;0;0;0;0
"27/12/2024";"15:50:41";"238";"Sem vítima";"41,969";"BR-369/PR";"Crescente";"Capotamento";1;0;0;0;0;0;0;0;0;0;5;0;0;0;0
"27/12/2024";"20:04:28";"286";"Sem vítima";"60,250";"BR-277/PR";"Crescente";"Colisão traseira";2;0;0;0;0;0;0;0;0;0;2;0;0;0;0
"27/12/2024";"20:16:14";"287";"Com vítima";"74,550";"BR-369/PR";"Decrescente";"Colisão transversal";1;0;0;1;0;0;0;0;0;0;2;1;0;0;0
"27/12/2024";"21:13:09";"298";"Com vítima";"21,800";"508/PR";"Decrescente";"Queda de moto";0;0;0;1;0;0;0;0;0;0;1;1;0;0;0
"27/12/2024";"21:32:29";"300";"Sem vítima";"31,500";"BR-277/PR";"Decrescente";"Colisão lateral no mesmo sentido";1;0;1;0;0;0;0;0;0;0;2;0;0;0;0
"28/12/2024";"06:39:46";"64";"Sem vítima";"54,320";"BR-277/PR";"Decrescente";"Colisão traseira";2;0;0;0;0;0;0;0;0;0;3;0;0;0;0
"28/12/2024";"08:26:36";"95";"Sem vítima";"258,727";"151/PR";"Crescente";"Colisão lateral no mesmo sentido";1;0;0;0;0;0;0;0;0;1;3;0;0;0;0
"28/12/2024";"09:15:59";"110";"Sem vítima";"3,500";"407/PR";"Crescente";"Capotamento";2;0;0;0;0;0;0;0;0;0;6;0;0;0;0
"28/12/2024";"11:10:06";"136";"Sem vítima";"18,100";"407/PR";"Crescente";"Colisão traseira";1;0;0;1;0;0;0;0;0;0;3;0;0;0;0
"28/12/2024";"12:18:14";"146";"Sem vítima";"24,120";"BR-277/PR";"Decrescente";"Colisão traseira";2;0;0;0;0;0;0;0;0;0;5;0;0;0;0
"28/12/2024";"13:58:55";"174";"Com vítima";"12,203";"239/PR";"Crescente";"Colisão lateral no mesmo sentido";1;0;1;0;0;0;0;0;0;0;2;1;0;0;0
"28/12/2024";"15:56:27";"198";"Com vítima";"7,256";"407/PR";"Crescente";"Colisão transversal";1;0;0;1;0;0;0;0;0;0;3;0;1;0;0
"28/12/2024";"21:47:47";"242";"Com vítima";"9,500";"407/PR";"Decrescente";"Colisão traseira";0;0;0;1;0;0;0;0;0;0;0;2;0;0;0
"29/12/2024";"00:23:55";"12";"Sem vítima";"246,900";"151/PR";"Decrescente";"Tombamento";0;0;1;0;0;0;0;0;0;0;1;0;0;0;0
"29/12/2024";"05:17:51";"31";"Com vítima";"15,188";"BR-277/PR";"Crescente";"Choque";1;0;0;0;0;0;0;0;0;0;0;2;0;0;0
"29/12/2024";"08:02:18";"55";"Com vítima";"197,280";"151/PR";"Decrescente";"Capotamento";1;0;0;0;0;0;0;0;0;0;0;1;0;0;0
"29/12/2024";"08:41:30";"65";"Sem vítima";"36,489";"BR-277/PR";"Crescente";"Choque";1;0;0;0;0;0;0;0;0;0;2;0;0;0;0
"29/12/2024";"10:30:57";"83";"Sem vítima";"60,250";"BR-277/PR";"Decrescente";"Colisão traseira";2;0;0;0;0;0;0;0;0;0;7;0;0;0;0
"29/12/2024";"10:41:09";"87";"Com vítima";"67,540";"BR-277/PR";"Crescente";"Colisão traseira";1;0;0;1;0;0;0;0;0;0;3;2;0;0;0
"29/12/2024";"10:45:36";"88";"Sem vítima";"5,472";"407/PR";"Decrescente";"Colisão traseira";1;0;0;0;0;0;0;0;0;0;4;0;0;0;0
"29/12/2024";"10:48:33";"90";"Com vítima";"260,430";"151/PR";"Decrescente";"Colisão transversal";2;0;0;0;0;0;0;0;0;0;2;3;0;0;0
"29/12/2024";"12:37:48";"105";"Sem vítima";"31,134";"BR-277/PR";"Decrescente";"Choque";1;0;0;0;0;0;0;0;0;0;2;0;0;0;0
"29/12/2024";"13:19:21";"115";"Sem vítima";"0,033";"407/PR";"Decrescente";"Choque";1;0;0;0;0;0;0;0;0;0;1;0;0;0;0
"29/12/2024";"17:38:59";"163";"Sem vítima";"13,331";"407/PR";"Crescente";"Colisão traseira";1;0;0;0;0;0;0;0;0;0;2;0;0;0;0
"29/12/2024";"20:30:30";"192";"Sem vítima";"0,200";"407/PR";"Decrescente";"Choque";1;0;0;0;0;0;0;0;0;0;4;0;0;0;0
"29/12/2024";"22:45:35";"220";"Sem vítima";"26,577";"508/PR";"Crescente";"Saída de pista";1;0;0;0;0;0;0;0;0;0;1;0;0;0;0
"30/12/2024";"07:33:31";"78";"Com vítima";"248,910";"092/PR";"Crescente";"Colisão transversal";1;0;0;0;0;0;0;0;0;1;2;1;0;0;0
"30/12/2024";"09:00:04";"140";"Com vítima";"16,690";"508/PR";"Crescente";"Queda de moto";0;0;0;1;0;0;0;0;0;0;0;1;0;0;0
"30/12/2024";"15:25:34";"231";"Sem vítima";"306,100";"151/PR";"Crescente";"Choque";0;0;1;0;0;0;0;0;0;0;1;0;0;0;0
"30/12/2024";"18:23:48";"272";"Com vítima";"60,200";"BR-277/PR";"Decrescente";"Queda de moto";0;0;0;1;0;0;0;0;0;0;0;0;1;0;0
"30/12/2024";"20:11:49";"303";"Com vítima";"26,702";"BR-369/PR";"Decrescente";"Atropelamento de pedestre";1;0;0;0;0;0;0;0;0;0;1;0;1;0;0
"31/12/2024";"06:39:51";"72";"Com vítima";"28,830";"508/PR";"Crescente";"Queda de moto";0;0;0;0;0;0;0;0;0;0;0;0;0;0;0
"31/12/2024";"10:21:25";"119";"Com vítima";"36,883";"BR-277/PR";"Crescente";"Queda de moto";0;0;0;1;0;0;0;0;0;0;0;0;2;0;0