data;horario;n_da_ocorrencia;tipo_de_ocorrencia;km;trecho;sentido;tipo_de_acidente;automovel;bicicleta;caminhao;moto;onibus;outros;tracao_animal;transporte_de_cargas_especiais;trator_maquinas;utilitarios;ilesos;levemente_feridos;moderadamente_feridos;gravemente_feridos;mortos
"01/03/2025";"00:32:47";"12";"Com vítima";"31,900";"BR-277/PR";"Decrescente";"Queda de moto";0;0;0;1;0;0;0;0;0;0;0;1;0;0;0
"01/03/2025";"01:10:30";"29";"Com vítima";"10,600";"BR-277/PR";"Decrescente";"Colisão traseira";0;0;0;1;0;0;0;0;0;0;0;0;0;1;0
"01/03/2025";"01:32:30";"37";"Com vítima";"73,515";"BR-277/PR";"Decrescente";"Capotamento";1;0;0;0;0;0;0;0;0;0;0;1;3;1;1
"01/03/2025";"03:25:13";"55";"Com vítima";"73,950";"BR-277/PR";"Decrescente";"Colisão traseira";1;0;1;0;0;0;0;0;0;0;1;1;0;0;0
"01/03/2025";"05:22:02";"62";"Com vítima";"15,208";"BR-369/PR";"Crescente";"Atropelamento de animal";0;0;0;1;0;0;0;0;0;0;0;0;1;0;0
"01/03/2025";"08:19:12";"96";"Com vítima";"51,650";"BR-277/PR";"Decrescente";"Colisão traseira";0;1;0;0;0;0;0;0;0;0;0;0;0;0;0
"01/03/2025";"10:28:30";"143";"Sem vítima";"68,220";"BR-369/PR";"Crescente";"Colisão traseira";1;0;1;0;0;0;0;0;0;0;5;0;0;0;0
"01/03/2025";"10:30:55";"136";"Com vítima";"68,442";"BR-277/PR";"Decrescente";"Queda de moto";0;0;0;1;0;0;0;0;0;0;0;1;0;0;0
"01/03/2025";"10:49:12";"141";"Sem vítima";"70,400";"BR-277/PR";"Decrescente";"Colisão traseira";2;0;0;0;0;0;0;0;0;0;5;0;0;0;0
"01/03/2025";"11:31:21";"153";"Com vítima";"51,659";"BR-369/PR";"Crescente";"Tombamento";0;0;1;0;0;0;0;0;0;0;0;0;1;0;0
"01/03/2025";"11:42:24";"157";"Sem vítima";"14,700";"BR-277/PR";"Decrescente";"Colisão traseira";0;0;0;1;0;0;0;0;0;0;1;0;0;0;0
"01/03/2025";"12:13:11";"167";"Sem vítima";"58,113";"BR-277/PR";"Decrescente";"Colisão traseira";2;0;0;0;0;0;0;0;0;0;6;0;0;0;0
"01/03/2025";"13:35:19";"185";"Sem vítima";"288,300";"151/PR";"Crescente";"Colisão transversal";0;0;2;0;0;0;0;0;0;0;2;0;0;0;0
"01/03/2025";"23:42:36";"304";"Sem vítima";"259,653";"151/PR";"Decrescente";"Choque";1;0;0;0;0;0;0;0;0;0;3;0;0;0;0
"02/03/2025";"03:15:21";"53";"Com vítima";"78,200";"BR-369/PR";"Crescente";"Colisão traseira";1;0;0;0;0;0;0;0;0;0;0;3;0;0;0
"02/03/2025";"04:19:29";"56";"Com vítima";"15,612";"508/PR";"Decrescente";"Colisão lateral no mesmo sentido";0;0;0;2;0;0;0;0;0;0;0;0;2;0;0
"02/03/2025";"04:53:46";"59";"Com vítima";"51,356";"BR-369/PR";"Crescente";"Capotamento";1;0;0;0;0;0;0;0;0;0;0;3;0;0;0
"02/03/2025";"08:57:39";"116";"Sem vítima";"32,214";"BR-277/PR";"Decrescente";"Queda de moto";0;0;0;1;0;0;0;0;0;0;1;0;0;0;0
"02/03/2025";"15:23:41";"215";"Com vítima";"22,869";"BR-277/PR";"Crescente";"Colisão transversal";0;0;1;1;0;0;0;0;0;0;1;2;0;0;0
"02/03/2025";"16:13:04";"228";"Sem vítima";"12,848";"411/PR";"Crescente";"Capotamento";1;0;0;0;0;0;0;0;0;0;0;0;0;0;0
"02/03/2025";"17:10:03";"257";"Com vítima";"7,010";"411/PR";"Crescente";"Queda de moto";0;0;0;1;0;0;0;0;0;0;0;0;0;1;0
"02/03/2025";"17:16:28";"259";"Sem vítima";"12,180";"BR-277/PR";"Decrescente";"Colisão traseira";2;0;0;0;0;0;0;0;0;0;7;0;0;0;0
"02/03/2025";"18:00:04";"273";"Com vítima";"7,500";"411/PR";"Crescente";"Queda de moto";2;0;0;1;0;0;0;0;0;0;2;0;1;0;0
"02/03/2025";"20:06:22";"319";"Com vítima";"22,513";"BR-369/PR";"Decrescente";"Colisão traseira";1;0;0;0;0;0;0;0;0;0;0;2;0;0;0
"02/03/2025";"20:29:54";"323";"Com vítima";"5,500";"BR-277/PR";"Decrescente";"Capotamento";1;0;0;0;0;0;0;0;0;0;0;1;0;0;0
"02/03/2025";"20:57:24";"328";"Com vítima";"304,110";"092/PR";"Decrescente";"Atropelamento de animal";0;0;0;1;0;0;0;0;0;0;0;0;1;0;0
"02/03/2025";"22:04:23";"341";"Sem vítima";"37,700";"BR-277/PR";"Decrescente";"Tombamento";0;0;1;0;0;0;0;0;0;0;1;0;0;0;0
"02/03/2025";"23:16:20";"349";"Sem vítima";"279,500";"151/PR";"Decrescente";"Colisão lateral no mesmo sentido";1;0;1;0;0;0;0;0;0;0;3;0;0;0;0
"02/03/2025";"23:30:30";"351";"Com vítima";"6,510";"BR-277/PR";"Crescente";"Queda de moto";0;0;0;1;0;0;0;0;0;0;0;1;0;0;0
"03/03/2025";"00:00:48";"1";"Sem vítima";"299,125";"151/PR";"Decrescente";"Colisão lateral no mesmo sentido";1;0;0;1;0;0;0;0;0;0;1;0;0;0;0
"03/03/2025";"03:52:42";"55";"Sem vítima";"23,729";"BR-153/PR";"Crescente";"Colisão traseira";1;0;0;0;0;0;0;0;0;0;2;0;0;0;0
"03/03/2025";"11:38:59";"135";"Sem vítima";"36,600";"BR-277/PR";"Decrescente";"Colisão traseira";0;0;0;1;0;0;0;0;0;1;5;0;0;0;0
"03/03/2025";"13:55:54";"162";"Com vítima";"35,300";"BR-277/PR";"Crescente";"Colisão traseira";1;0;0;1;0;0;0;0;0;0;4;0;1;0;0
"03/03/2025";"14:15:48";"167";"Sem vítima";"306,670";"151/PR";"Decrescente";"Capotamento";1;0;0;0;0;0;0;0;0;0;1;0;0;0;0
"04/03/2025";"00:49:50";"27";"Sem vítima";"10,500";"407/PR";"Decrescente";"Colisão frontal";1;0;0;1;0;0;0;0;0;0;1;0;0;0;0
"04/03/2025";"05:22:17";"62";"Sem vítima";"34,300";"BR-153/PR";"Crescente";"Saída de pista";1;0;0;0;0;0;0;0;0;0;2;0;0;0;0
"04/03/2025";"07:04:58";"74";"Com vítima";"60,500";"BR-277/PR";"Decrescente";"Queda de moto";0;0;0;1;0;0;0;0;0;0;0;1;0;0;0
"04/03/2025";"08:05:21";"112";"Com vítima";"249,673";"092/PR";"Decrescente";"Saída de pista";1;0;0;0;0;0;0;0;0;0;0;1;0;0;0
"04/03/2025";"11:34:54";"176";"Sem vítima";"36,100";"BR-277/PR";"Crescente";"Colisão traseira";1;0;1;0;0;0;0;0;0;0;3;0;0;0;0
"04/03/2025";"15:53:40";"242";"Com vítima";"82,015";"BR-369/PR";"Decrescente";"Queda de moto";0;0;0;1;0;0;0;0;0;0;0;1;0;0;0
"04/03/2025";"16:30:14";"253";"Com vítima";"23,500";"BR-277/PR";"Crescente";"Colisão traseira";1;0;1;0;0;0;0;0;0;0;0;6;0;0;0
"04/03/2025";"18:38:46";"291";"Sem vítima";"42,100";"BR-277/PR";"Crescente";"Colisão traseira";1;0;0;0;0;0;0;0;0;0;3;0;0;0;0
"04/03/2025";"20:57:16";"321";"Sem vítima";"36,010";"BR-277/PR";"Decrescente";"Choque";1;0;0;0;0;0;0;0;0;0;6;0;0;0;0
"04/03/2025";"21:09:50";"324";"Com vítima";"294,500";"151/PR";"Crescente";"Colisão traseira";1;0;1;0;0;0;0;0;0;0;1;2;1;0;0
"05/03/2025";"11:53:06";"184";"Sem vítima";"10,050";"BR-277/PR";"Crescente";"Choque";1;0;0;0;0;0;0;0;0;0;2;0;0;0;0
"05/03/2025";"14:13:04";"225";"Sem vítima";"200,256";"151/PR";"Crescente";"Colisão transversal";0;0;0;0;0;0;0;0;0;2;2;0;0;0;0
"06/03/2025";"00:52:53";"23";"Sem vítima";"10,106";"BR-277/PR";"Crescente";"Choque";1;0;0;0;0;0;0;0;0;0;2;0;0;0;0
"06/03/2025";"07:44:45";"119";"Com vítima";"0,500";"BR-277/PR";"Decrescente";"Colisão transversal";1;0;0;1;0;0;0;0;0;0;2;2;0;0;0
"06/03/2025";"10:06:15";"164";"Com vítima";"43,365";"BR-153/PR";"Decrescente";"Colisão transversal";1;0;0;1;0;0;0;0;0;0;1;1;0;0;0
"06/03/2025";"12:08:49";"199";"Sem vítima";"38,070";"BR-277/PR";"Decrescente";"Colisão traseira";1;0;0;0;0;0;0;0;0;0;2;0;0;0;0
"06/03/2025";"19:17:22";"290";"Sem vítima";"179,100";"151/PR";"Crescente";"Saída de pista";1;0;0;0;0;0;0;0;0;0;1;0;0;0;0
"06/03/2025";"20:41:04";"307";"Sem vítima";"1,400";"BR-369/PR";"Decrescente";"Colisão traseira";0;0;0;1;0;0;0;0;0;0;1;0;0;0;0
"07/03/2025";"09:28:05";"144";"Sem vítima";"39,800";"BR-277/PR";"Decrescente";"Colisão traseira";0;0;1;0;0;0;0;0;0;1;2;0;0;0;0
"07/03/2025";"11:43:51";"170";"Sem vítima";"27,262";"BR-277/PR";"Crescente";"Capotamento";1;0;0;0;0;0;0;0;0;0;2;0;0;0;0
"07/03/2025";"12:16:49";"176";"Sem vítima";"14,109";"BR-277/PR";"Crescente";"Choque";1;0;0;0;0;0;0;0;0;0;2;0;0;0;0
"07/03/2025";"16:03:19";"217";"Sem vítima";"9,397";"508/PR";"Decrescente";"Capotamento";1;0;0;0;0;0;0;0;0;0;1;0;0;0;0
"07/03/2025";"18:32:35";"242";"Com vítima";"304,250";"151/PR";"Crescente";"Colisão transversal";1;0;1;0;0;0;0;0;0;0;3;0;1;0;0
"07/03/2025";"22:02:53";"278";"Sem vítima";"55,900";"BR-277/PR";"Decrescente";"Colisão traseira";0;0;2;0;0;0;0;0;0;0;2;0;0;0;0
"08/03/2025";"18:48:58";"196";"Com vítima";"186,150";"151/PR";"Crescente";"Queda de moto";0;0;0;1;0;0;0;0;0;0;0;1;0;0;0
"08/03/2025";"18:54:40";"198";"Sem vítima";"82,850";"BR-277/PR";"Crescente";"Colisão traseira";0;0;0;0;0;0;0;0;0;0;0;0;0;0;0
"08/03/2025";"19:04:55";"201";"Sem vítima";"280,100";"151/PR";"Crescente";"Colisão traseira";1;0;0;0;0;0;0;0;0;0;1;0;0;0;0
"08/03/2025";"20:08:36";"211";"Com vítima";"70,800";"BR-277/PR";"Decrescente";"Queda de moto";0;0;0;1;0;0;0;0;0;0;0;2;0;0;0
"08/03/2025";"20:13:58";"213";"Com vítima";"23,850";"BR-153/PR";"Crescente";"Colisão traseira";2;0;0;0;0;0;0;0;0;0;0;4;0;0;0
"08/03/2025";"22:04:37";"225";"Com vítima";"3,200";"407/PR";"Crescente";"Queda de bicicleta";0;1;0;0;0;0;0;0;0;0;0;0;0;0;0
"08/03/2025";"22:30:52";"228";"Com vítima";"264,640";"151/PR";"Crescente";"Atropelamento de animal";0;0;0;1;0;0;0;0;0;0;0;1;0;0;0
"09/03/2025";"05:33:54";"49";"Com vítima";"316,800";"151/PR";"Decrescente";"Colisão traseira";1;0;0;1;0;0;0;0;0;0;2;0;1;0;0
"09/03/2025";"05:36:35";"50";"Com vítima";"81,600";"BR-277/PR";"Decrescente";"Queda de moto";0;0;0;1;0;0;0;0;0;0;0;0;1;0;0
"09/03/2025";"07:51:30";"66";"Sem vítima";"316,833";"151/PR";"Crescente";"Capotamento";1;0;0;0;0;0;0;0;0;0;2;0;0;0;0
"09/03/2025";"10:10:48";"94";"Com vítima";"17,010";"BR-277/PR";"Decrescente";"Colisão lateral no mesmo sentido";1;0;0;0;0;0;0;0;0;0;0;1;0;0;0
"09/03/2025";"10:17:33";"97";"Com vítima";"44,200";"BR-153/PR";"Crescente";"Colisão lateral no mesmo sentido";1;0;0;0;1;0;0;0;0;0;1;1;0;0;0
"09/03/2025";"12:05:58";"117";"Com vítima";"1,000";"BR-369/PR";"Crescente";"Choque";0;0;1;0;0;0;0;0;0;0;0;1;0;0;0
"09/03/2025";"17:56:15";"204";"Sem vítima";"33,200";"BR-277/PR";"Decrescente";"Colisão lateral no mesmo sentido";2;0;0;0;0;0;0;0;0;0;8;0;0;0;0
"09/03/2025";"18:38:36";"211";"Com vítima";"273,685";"092/PR";"Decrescente";"Tombamento";0;0;1;0;0;0;0;0;0;0;0;1;0;0;0
"09/03/2025";"18:45:26";"212";"Com vítima";"314,780";"151/PR";"Crescente";"Capotamento";1;0;0;0;0;0;0;0;0;0;0;0;1;1;1
"09/03/2025";"19:25:02";"223";"Com vítima";"3,100";"407/PR";"Decrescente";"Colisão traseira";0;0;0;1;0;0;0;0;0;0;0;2;0;0;0
"09/03/2025";"20:00:59";"232";"Sem vítima";"313,350";"151/PR";"Crescente";"Colisão traseira";2;0;0;0;0;0;0;0;0;0;3;0;0;0;0
"09/03/2025";"20:15:17";"235";"Com vítima";"229,120";"092/PR";"Decrescente";"Colisão traseira";1;0;0;0;0;0;0;0;0;1;1;2;1;0;0
"09/03/2025";"20:50:33";"241";"Sem vítima";"62,100";"BR-277/PR";"Decrescente";"Saída de pista";1;0;0;0;0;0;0;0;0;0;1;0;0;0;0
"09/03/2025";"20:54:40";"242";"Sem vítima";"6,900";"BR-277/PR";"Crescente";"Saída de pista";1;0;0;0;0;0;0;0;0;0;1;0;0;0;0
"09/03/2025";"20:55:34";"243";"Sem vítima";"21,500";"BR-277/PR";"Decrescente";"Queda de moto";0;0;0;1;0;0;0;0;0;0;1;0;0;0;0
"10/03/2025";"00:20:28";"13";"Sem vítima";"36,300";"BR-277/PR";"Decrescente";"Choque";0;0;1;0;0;0;0;0;0;0;1;0;0;0;0
"10/03/2025";"19:34:06";"261";"Sem vítima";"313,216";"151/PR";"Crescente";"Choque";0;0;0;0;0;0;0;0;0;1;1;0;0;0;0
"10/03/2025";"21:50:03";"273";"Sem vítima";"20,110";"BR-277/PR";"Crescente";"Choque";1;0;0;0;0;0;0;0;0;0;2;0;0;0;0
"10/03/2025";"22:28:15";"278";"Com vítima";"36,488";"BR-369/PR";"Crescente";"Queda de moto";0;0;0;1;0;0;0;0;0;0;0;0;1;0;0
"10/03/2025";"23:21:37";"285";"Sem vítima";"36,482";"BR-277/PR";"Decrescente";"Colisão traseira";0;0;2;0;0;0;0;0;0;0;2;0;0;0;0
"11/03/2025";"06:16:34";"59";"Sem vítima";"8,100";"408/PR";"Decrescente";"Capotamento";1;0;0;0;0;0;0;0;0;0;1;0;0;0;0
"11/03/2025";"06:25:47";"66";"Sem vítima";"10,253";"BR-153/PR";"Decrescente";"Colisão lateral no mesmo sentido";1;0;1;0;0;0;0;0;0;0;5;0;0;0;0
"11/03/2025";"06:51:10";"79";"Com vítima";"7,580";"BR-277/PR";"Decrescente";"Colisão traseira";0;0;2;0;0;0;0;0;0;0;1;0;1;0;0
"11/03/2025";"07:25:26";"91";"Com vítima";"316,100";"151/PR";"Decrescente";"Colisão lateral no mesmo sentido";2;0;0;0;0;0;0;0;0;0;0;2;0;0;0
"11/03/2025";"09:19:30";"133";"Com vítima";"40,507";"BR-153/PR";"Crescente";"Tombamento";0;0;1;0;0;0;0;0;0;0;0;0;0;0;1
"11/03/2025";"11:29:03";"160";"Sem vítima";"20,130";"BR-277/PR";"Decrescente";"Tombamento";0;0;1;0;0;0;0;0;0;0;2;0;0;0;0
"11/03/2025";"13:45:29";"185";"Com vítima";"5,100";"BR-277/PR";"Decrescente";"Queda de moto";0;0;0;1;0;0;0;0;0;0;0;1;1;0;0
"11/03/2025";"15:55:31";"202";"Sem vítima";"7,400";"411/PR";"Crescente";"Queda de moto";0;0;0;1;0;0;0;0;0;0;1;0;0;0;0
"11/03/2025";"16:43:21";"208";"Sem vítima";"300,100";"151/PR";"Decrescente";"Choque";1;0;0;0;0;0;0;0;0;0;3;0;0;0;0
"12/03/2025";"09:41:24";"127";"Sem vítima";"263,138";"151/PR";"Crescente";"Tombamento";0;0;1;0;0;0;0;0;0;0;1;0;0;0;0
"12/03/2025";"10:36:45";"141";"Com vítima";"216,170";"151/PR";"Decrescente";"Colisão transversal";1;0;1;0;0;0;0;0;0;0;1;1;0;0;0
"12/03/2025";"11:49:09";"156";"Sem vítima";"232,200";"092/PR";"Crescente";"Colisão traseira";1;0;1;0;0;0;0;0;0;0;6;0;0;0;0
"12/03/2025";"13:06:20";"165";"Sem vítima";"262,230";"092/PR";"Decrescente";"Tombamento";0;0;2;0;0;0;0;0;0;0;3;0;0;0;0
"12/03/2025";"17:15:10";"208";"Sem vítima";"1,400";"BR-277/PR";"Decrescente";"Colisão traseira";1;0;1;0;0;0;0;0;0;0;3;0;0;0;0
"12/03/2025";"21:06:22";"236";"Sem vítima";"304,210";"151/PR";"Decrescente";"Saída de pista";1;0;0;0;0;0;0;0;0;0;2;0;0;0;0
"13/03/2025";"01:11:54";"35";"Sem vítima";"6,650";"BR-277/PR";"Decrescente";"Colisão traseira";0;0;2;0;0;0;0;0;0;0;2;0;0;0;0
"13/03/2025";"06:41:48";"45";"Sem vítima";"31,800";"BR-277/PR";"Crescente";"Choque";1;0;0;0;0;0;0;0;0;0;1;0;0;0;0
"13/03/2025";"08:22:56";"77";"Com vítima";"5,100";"BR-277/PR";"Decrescente";"Queda de moto";0;0;0;1;0;0;0;0;0;0;0;1;0;0;0
"13/03/2025";"11:22:48";"120";"Sem vítima";"80,010";"BR-277/PR";"Decrescente";"Colisão traseira";2;0;0;0;0;0;0;0;0;0;2;0;0;0;0
"13/03/2025";"14:09:45";"144";"Com vítima";"230,937";"151/PR";"Crescente";"Colisão lateral no mesmo sentido";1;0;1;0;0;0;0;0;0;0;2;0;1;0;0
"14/03/2025";"02:25:23";"34";"Sem vítima";"1,500";"BR-277/PR";"Decrescente";"Choque";1;0;0;0;0;0;0;0;0;0;2;0;0;0;0
"14/03/2025";"19:41:44";"250";"Com vítima";"4,900";"BR-277/PR";"Decrescente";"Atropelamento de pedestre";0;0;0;0;0;0;0;0;0;0;0;0;0;1;0
"15/03/2025";"00:25:56";"16";"Sem vítima";"46,600";"BR-369/PR";"Decrescente";"Choque";1;0;0;0;0;0;0;0;0;0;2;0;0;0;0
"15/03/2025";"02:26:09";"44";"Sem vítima";"9,019";"BR-277/PR";"Decrescente";"Capotamento";0;0;0;0;0;0;0;0;0;1;1;0;0;0;0
"15/03/2025";"04:54:43";"53";"Com vítima";"50,350";"BR-153/PR";"Decrescente";"Atropelamento de pedestre";0;0;1;0;0;0;0;0;0;0;1;0;0;0;1
"15/03/2025";"06:06:32";"57";"Sem vítima";"298,490";"151/PR";"Crescente";"Choque";1;0;0;0;0;0;0;0;0;0;1;0;0;0;0
"15/03/2025";"08:10:29";"87";"Sem vítima";"7,320";"BR-277/PR";"Decrescente";"Colisão lateral no mesmo sentido";1;0;1;0;0;0;0;0;0;0;3;0;0;0;0
"15/03/2025";"08:40:06";"97";"Com vítima";"267,722";"151/PR";"Crescente";"Queda de moto";0;0;0;1;0;0;0;0;0;0;0;0;0;1;0
"15/03/2025";"09:06:34";"107";"Sem vítima";"34,370";"BR-277/PR";"Decrescente";"Colisão lateral no mesmo sentido";2;0;0;0;0;0;0;0;0;0;5;0;0;0;0
"15/03/2025";"15:51:25";"188";"Sem vítima";"79,269";"BR-277/PR";"Decrescente";"Colisão traseira";1;0;0;0;0;0;0;0;0;0;3;0;0;0;0
"15/03/2025";"17:06:29";"209";"Sem vítima";"305,500";"151/PR";"Crescente";"Colisão lateral no mesmo sentido";1;0;1;0;0;0;0;0;0;0;2;0;0;0;0
"15/03/2025";"19:56:25";"240";"Com vítima";"47,711";"BR-369/PR";"Decrescente";"Colisão frontal";2;0;0;0;0;0;0;0;0;0;0;2;0;0;1
"15/03/2025";"22:51:36";"270";"Sem vítima";"52,329";"BR-277/PR";"Crescente";"Choque";1;0;0;0;0;0;0;0;0;0;1;0;0;0;0
"16/03/2025";"00:17:57";"3";"Com vítima";"3,218";"BR-277/PR";"Decrescente";"Colisão traseira";1;0;0;1;0;0;0;0;0;0;1;0;1;0;0
"16/03/2025";"04:46:08";"53";"Sem vítima";"284,613";"151/PR";"Decrescente";"Capotamento";1;0;0;0;0;0;0;0;0;0;1;0;0;0;0
"16/03/2025";"06:51:00";"70";"Com vítima";"76,058";"BR-277/PR";"Decrescente";"Queda de moto";0;0;0;1;0;0;0;0;0;0;0;0;1;0;0
"16/03/2025";"08:07:14";"91";"Com vítima";"5,980";"508/PR";"Crescente";"Queda de moto";0;0;0;1;0;0;0;0;0;0;0;2;0;0;0
"16/03/2025";"09:55:26";"119";"Com vítima";"79,010";"BR-277/PR";"Decrescente";"Colisão traseira";0;0;0;0;0;0;0;0;0;0;0;0;0;0;0
"16/03/2025";"11:44:29";"137";"Com vítima";"79,316";"BR-277/PR";"Crescente";"Colisão traseira";1;0;0;1;0;0;0;0;0;0;0;1;0;0;0
"16/03/2025";"11:57:30";"139";"Sem vítima";"86,264";"BR-369/PR";"Decrescente";"Colisão transversal";2;0;0;0;0;0;0;0;0;0;4;0;0;0;0
"16/03/2025";"12:31:45";"145";"Sem vítima";"184,850";"151/PR";"Decrescente";"Choque";0;0;1;0;0;0;0;0;0;0;1;0;0;0;0
"16/03/2025";"13:43:38";"155";"Com vítima";"42,889";"BR-277/PR";"Decrescente";"Colisão traseira";1;0;1;0;0;0;0;0;0;0;2;1;0;0;0
"16/03/2025";"14:48:07";"167";"Sem vítima";"78,010";"BR-369/PR";"Decrescente";"Choque";1;0;0;0;0;0;0;0;0;0;1;0;0;0;0
"16/03/2025";"20:45:40";"250";"Sem vítima";"303,700";"151/PR";"Crescente";"Tombamento";0;0;1;0;0;0;0;0;0;0;1;0;0;0;0
"16/03/2025";"20:51:06";"252";"Sem vítima";"303,780";"151/PR";"Crescente";"Choque";2;0;0;0;0;0;0;0;0;0;5;0;0;0;0
"17/03/2025";"01:27:44";"41";"Sem vítima";"177,200";"151/PR";"Crescente";"Choque";1;0;0;0;0;0;0;0;0;0;1;0;0;0;0
"17/03/2025";"08:11:41";"87";"Sem vítima";"304,250";"151/PR";"Decrescente";"Colisão traseira";0;0;2;0;0;0;0;0;0;0;2;0;0;0;0
"17/03/2025";"10:10:01";"116";"Com vítima";"317,300";"151/PR";"Crescente";"Colisão traseira";0;0;3;0;0;0;0;0;0;0;0;2;0;1;0
"17/03/2025";"10:10:06";"117";"Com vítima";"318,180";"151/PR";"Crescente";"Colisão traseira";0;0;2;0;0;0;0;0;0;0;0;2;0;0;0
"17/03/2025";"17:36:11";"167";"Sem vítima";"316,020";"151/PR";"Decrescente";"Colisão transversal";1;0;0;1;0;0;0;0;0;0;4;0;0;0;0
"18/03/2025";"00:32:15";"10";"Com vítima";"304,300";"151/PR";"Crescente";"Colisão traseira";1;0;1;0;0;0;0;0;0;0;1;1;0;0;0
"18/03/2025";"07:25:34";"81";"Com vítima";"4,547";"855/PR";"Decrescente";"Colisão frontal";1;0;1;0;0;0;0;0;0;0;1;0;1;1;1
"18/03/2025";"07:59:03";"94";"Sem vítima";"79,800";"BR-277/PR";"Crescente";"Colisão traseira";2;0;0;0;0;0;0;0;0;0;2;0;0;0;0
"18/03/2025";"11:43:02";"126";"Sem vítima";"213,200";"092/PR";"Crescente";"Tombamento";0;0;1;0;0;0;0;0;0;0;1;0;0;0;0
"18/03/2025";"12:46:15";"132";"Sem vítima";"236,010";"092/PR";"Crescente";"Saída de pista";0;0;1;0;0;0;0;0;0;0;1;0;0;0;0
"18/03/2025";"18:15:31";"181";"Com vítima";"74,200";"BR-277/PR";"Decrescente";"Queda de moto";0;0;0;1;0;0;0;0;0;0;0;0;1;0;0
"18/03/2025";"19:10:00";"188";"Com vítima";"41,499";"BR-153/PR";"Decrescente";"Colisão transversal";1;0;2;0;0;0;0;0;0;0;2;0;1;0;0
"18/03/2025";"22:58:10";"213";"Sem vítima";"47,010";"BR-277/PR";"Crescente";"Colisão traseira";0;0;1;0;0;0;0;0;0;0;1;0;0;0;0
"19/03/2025";"07:51:21";"80";"Sem vítima";"315,200";"151/PR";"Decrescente";"Engavetamento";4;0;0;0;0;0;0;0;0;0;4;0;0;0;0
"19/03/2025";"09:31:46";"113";"Com vítima";"25,194";"BR-277/PR";"Decrescente";"Choque";1;0;0;0;0;0;0;0;0;0;1;1;0;0;0
"19/03/2025";"13:12:30";"169";"Com vítima";"10,051";"BR-277/PR";"Decrescente";"Choque";1;0;0;0;0;0;0;0;0;0;0;4;0;0;0
"19/03/2025";"13:21:34";"170";"Sem vítima";"38,060";"BR-277/PR";"Crescente";"Colisão lateral no mesmo sentido";1;0;1;0;0;0;0;0;0;0;3;0;0;0;0
"20/03/2025";"01:43:08";"44";"Com vítima";"204,107";"151/PR";"Decrescente";"Colisão traseira";0;0;1;0;0;0;0;0;0;0;0;0;1;0;0
"20/03/2025";"03:19:11";"51";"Sem vítima";"34,500";"BR-153/PR";"Decrescente";"Saída de pista";1;0;0;0;0;0;0;0;0;0;1;0;0;0;0
"20/03/2025";"07:25:04";"95";"Com vítima";"82,363";"BR-277/PR";"Crescente";"Queda de moto";0;0;0;1;0;0;0;0;0;0;0;1;1;0;0
"20/03/2025";"07:26:14";"96";"Sem vítima";"74,593";"BR-277/PR";"Crescente";"Colisão lateral no mesmo sentido";1;0;0;1;0;0;0;0;0;0;2;0;0;0;0
"20/03/2025";"08:41:06";"121";"Sem vítima";"292,340";"151/PR";"Crescente";"Tombamento";0;0;1;0;0;0;0;0;0;0;1;0;0;0;0
"20/03/2025";"12:08:52";"174";"Sem vítima";"1,300";"BR-277/PR";"Decrescente";"Colisão lateral no mesmo sentido";0;0;2;0;0;0;0;0;0;0;2;0;0;0;0
"20/03/2025";"17:01:09";"235";"Com vítima";"305,010";"092/PR";"Crescente";"Colisão transversal";0;0;2;0;0;0;0;0;0;0;1;1;0;0;0
"20/03/2025";"18:44:50";"257";"Sem vítima";"9,500";"407/PR";"Decrescente";"Choque";1;0;0;0;0;0;0;0;0;0;1;0;0;0;0
"20/03/2025";"21:24:40";"285";"Sem vítima";"249,040";"092/PR";"Decrescente";"Colisão traseira";1;0;1;0;0;0;0;0;0;0;2;0;0;0;0
"21/03/2025";"03:09:49";"45";"Sem vítima";"268,359";"151/PR";"Crescente";"Tombamento";0;0;1;0;0;0;0;0;0;0;1;0;0;0;0
"21/03/2025";"03:28:55";"47";"Com vítima";"308,430";"151/PR";"Crescente";"Capotamento";1;0;0;0;0;0;0;0;0;0;4;1;0;0;0
"21/03/2025";"07:46:40";"82";"Sem vítima";"295,013";"151/PR";"Decrescente";"Choque";1;0;0;0;0;0;0;0;0;0;1;0;0;0;0
"21/03/2025";"13:49:20";"162";"Com vítima";"263,540";"151/PR";"Decrescente";"Colisão traseira";1;0;1;0;0;0;0;0;0;0;1;1;0;0;0
"21/03/2025";"14:32:08";"171";"Sem vítima";"32,100";"BR-277/PR";"Crescente";"Tombamento";0;0;1;0;0;0;0;0;0;0;1;0;0;0;0
"21/03/2025";"14:32:56";"172";"Sem vítima";"3,810";"408/PR";"Crescente";"Colisão transversal";1;0;1;0;0;0;0;0;0;0;3;0;0;0;0
"21/03/2025";"16:01:59";"183";"Com vítima";"75,700";"BR-277/PR";"Crescente";"Colisão traseira";0;0;0;1;0;0;0;0;0;0;0;2;0;0;0