data;horario;n_da_ocorrencia;tipo_de_ocorrencia;km;trecho;sentido;tipo_de_acidente;automovel;bicicleta;caminhao;moto;onibus;outros;tracao_animal;transporte_de_cargas_especiais;trator_maquinas;utilitarios;ilesos;levemente_feridos;moderadamente_feridos;gravemente_feridos;mortos
"21/03/2025";"16:39:13";"192";"Sem vítima";"72,850";"BR-277/PR";"Decrescente";"Colisão lateral no mesmo sentido";1;0;1;0;0;0;0;0;0;0;2;0;0;0;0
"21/03/2025";"17:18:21";"201";"Sem vítima";"316,453";"151/PR";"Crescente";"Saída de pista";0;0;1;0;0;0;0;0;0;0;1;0;0;0;0
"21/03/2025";"17:45:10";"205";"Sem vítima";"75,010";"BR-277/PR";"Crescente";"Colisão traseira";2;0;0;0;0;1;0;0;0;0;3;0;0;0;0
"21/03/2025";"19:56:39";"219";"Com vítima";"12,200";"BR-277/PR";"Decrescente";"Colisão transversal";1;0;1;0;0;0;0;0;0;0;1;5;0;0;0
"21/03/2025";"21:24:49";"226";"Com vítima";"242,050";"092/PR";"Crescente";"Colisão traseira";1;0;0;1;0;0;0;0;0;0;1;0;1;0;0
"21/03/2025";"21:53:43";"228";"Sem vítima";"1,350";"BR-369/PR";"Crescente";"Colisão lateral no mesmo sentido";1;0;1;0;0;0;0;0;0;0;4;0;0;0;0
"22/03/2025";"12:25:17";"121";"Sem vítima";"60,250";"BR-277/PR";"Decrescente";"Queda de moto";0;0;0;1;0;0;0;0;0;0;2;0;0;0;0
"22/03/2025";"17:48:02";"173";"Sem vítima";"318,100";"151/PR";"Decrescente";"Choque";1;0;0;0;0;0;0;0;0;0;2;0;0;0;0
"22/03/2025";"18:04:56";"176";"Com vítima";"11,100";"508/PR";"Crescente";"Colisão traseira";1;0;0;1;0;0;0;0;0;0;2;1;1;0;0
"22/03/2025";"22:27:31";"205";"Sem vítima";"5,500";"508/PR";"Decrescente";"Saída de pista";1;0;0;0;0;0;0;0;0;0;2;0;0;0;0
"23/03/2025";"09:15:34";"88";"Sem vítima";"30,750";"BR-153/PR";"Crescente";"Choque";1;0;0;0;0;0;0;0;0;0;1;0;0;0;0
"23/03/2025";"09:50:57";"92";"Sem vítima";"1,500";"BR-277/PR";"Crescente";"Colisão lateral no mesmo sentido";0;0;2;0;0;0;0;0;0;0;1;0;0;0;0
"23/03/2025";"14:56:11";"142";"Com vítima";"216,560";"092/PR";"Decrescente";"Colisão traseira";1;0;1;0;0;0;0;0;0;0;1;0;1;0;0
"23/03/2025";"18:14:57";"175";"Sem vítima";"60,400";"BR-277/PR";"Crescente";"Colisão traseira";1;0;0;0;0;0;0;0;0;0;3;0;0;0;0
"23/03/2025";"19:40:26";"189";"Com vítima";"24,100";"508/PR";"Crescente";"Atropelamento de pedestre";0;1;0;0;0;0;0;0;0;0;0;0;0;0;0
"23/03/2025";"22:16:42";"211";"Com vítima";"1,570";"BR-277/PR";"Crescente";"Colisão transversal";0;0;1;0;0;1;0;0;0;0;2;2;0;0;0
"24/03/2025";"05:10:08";"51";"Sem vítima";"3,500";"407/PR";"Crescente";"Choque";0;0;0;0;0;0;0;0;0;1;2;0;0;0;0
"24/03/2025";"06:58:18";"72";"Com vítima";"62,308";"BR-277/PR";"Decrescente";"Atropelamento de pedestre";0;0;2;0;0;0;0;0;0;0;1;0;0;1;0
"24/03/2025";"09:09:01";"116";"Sem vítima";"71,010";"BR-277/PR";"Decrescente";"Colisão traseira";2;0;0;0;0;0;0;0;0;0;2;0;0;0;0
"24/03/2025";"12:55:03";"171";"Com vítima";"1,400";"BR-277/PR";"Decrescente";"Queda de moto";0;0;0;1;0;0;0;0;0;0;0;1;0;0;0
"24/03/2025";"13:14:57";"175";"Com vítima";"2,897";"855/PR";"Crescente";"Colisão transversal";1;0;0;0;0;0;0;0;0;1;0;5;0;0;0
"24/03/2025";"15:31:24";"204";"Com vítima";"285,946";"151/PR";"Crescente";"Colisão lateral no mesmo sentido";1;0;1;0;0;0;0;0;0;0;1;1;0;0;0
"24/03/2025";"16:50:52";"234";"Com vítima";"14,500";"BR-277/PR";"Crescente";"Tombamento";0;0;1;0;0;0;0;0;0;0;0;2;0;0;0
"24/03/2025";"17:17:54";"237";"Com vítima";"315,396";"151/PR";"Crescente";"Choque";0;0;1;0;0;0;0;0;0;0;0;1;0;0;0
"24/03/2025";"19:36:15";"266";"Com vítima";"286,703";"092/PR";"Crescente";"Atropelamento de pedestre";0;0;0;1;0;0;0;0;0;0;0;1;1;0;0
"25/03/2025";"02:51:04";"52";"Sem vítima";"280,500";"151/PR";"Decrescente";"Capotamento";1;0;0;0;0;0;0;0;0;0;1;0;0;0;0
"25/03/2025";"08:01:37";"101";"Com vítima";"77,200";"BR-369/PR";"Decrescente";"Colisão traseira";2;0;0;0;0;0;0;0;0;0;1;1;0;0;0
"25/03/2025";"08:43:41";"121";"Sem vítima";"75,086";"BR-277/PR";"Crescente";"Colisão traseira";1;0;0;0;0;0;0;0;0;1;2;0;0;0;0
"25/03/2025";"12:02:53";"186";"Com vítima";"276,980";"151/PR";"Decrescente";"Saída de pista";1;0;0;0;0;0;0;0;0;0;0;0;1;0;0
"25/03/2025";"16:21:02";"231";"Sem vítima";"73,256";"BR-277/PR";"Decrescente";"Colisão traseira";0;0;0;2;0;0;0;0;0;0;2;0;0;0;0
"25/03/2025";"16:37:02";"233";"Sem vítima";"70,800";"BR-277/PR";"Crescente";"Colisão traseira";1;0;1;0;0;0;0;0;0;0;2;0;0;0;0
"25/03/2025";"16:55:34";"237";"Com vítima";"299,500";"092/PR";"Crescente";"Colisão transversal";1;0;1;0;0;0;0;0;0;0;0;2;1;0;0
"25/03/2025";"18:40:10";"251";"Sem vítima";"318,802";"151/PR";"Crescente";"Colisão traseira";1;0;0;0;0;0;0;0;0;0;1;0;0;0;0
"25/03/2025";"20:11:09";"260";"Sem vítima";"294,687";"151/PR";"Decrescente";"Saída de pista";1;0;0;0;0;0;0;0;0;0;1;0;0;0;0
"26/03/2025";"00:08:52";"4";"Sem vítima";"54,414";"BR-277/PR";"Crescente";"Saída de pista";0;0;1;0;0;0;0;0;0;0;1;0;0;0;0
"26/03/2025";"03:55:17";"53";"Sem vítima";"250,519";"092/PR";"Crescente";"Saída de pista";0;0;1;0;0;0;0;0;0;0;1;0;0;0;0
"26/03/2025";"06:34:18";"72";"Sem vítima";"22,909";"BR-153/PR";"Decrescente";"Choque";1;0;0;0;0;0;0;0;0;0;0;0;0;0;0
"26/03/2025";"08:11:35";"104";"Com vítima";"11,010";"BR-277/PR";"Crescente";"Colisão transversal";1;0;0;1;0;0;0;0;0;0;1;0;1;0;0
"26/03/2025";"08:30:17";"116";"Com vítima";"82,980";"BR-277/PR";"Crescente";"Colisão lateral no mesmo sentido";1;0;0;2;0;0;0;0;0;0;1;2;0;0;0
"26/03/2025";"08:44:26";"120";"Com vítima";"83,080";"BR-277/PR";"Crescente";"Colisão lateral no mesmo sentido";1;0;0;1;0;0;0;0;0;0;1;1;0;0;0
"26/03/2025";"09:13:11";"129";"Sem vítima";"37,320";"BR-277/PR";"Crescente";"Choque";1;0;0;0;0;0;0;0;0;0;1;0;0;0;0
"26/03/2025";"12:32:31";"174";"Sem vítima";"4,925";"BR-277/PR";"Decrescente";"Colisão lateral no mesmo sentido";1;0;1;0;0;0;0;0;0;0;2;0;0;0;0
"26/03/2025";"14:26:20";"194";"Com vítima";"4,180";"411/PR";"Crescente";"Capotamento";1;0;0;0;0;0;0;0;0;0;0;2;0;0;0
"26/03/2025";"18:32:59";"236";"Sem vítima";"319,050";"151/PR";"Decrescente";"Atropelamento de animal";1;0;0;0;0;0;0;0;0;0;1;0;0;0;0
"26/03/2025";"19:11:57";"241";"Sem vítima";"0,200";"408/PR";"Crescente";"Queda de moto";0;0;0;1;0;0;0;0;0;0;1;0;0;0;0
"26/03/2025";"19:57:37";"246";"Com vítima";"272,100";"092/PR";"Crescente";"Colisão lateral no mesmo sentido";0;0;1;0;0;0;0;0;0;1;1;0;2;0;0
"26/03/2025";"21:26:09";"256";"Sem vítima";"31,300";"BR-277/PR";"Crescente";"Choque";1;0;0;0;0;0;0;0;0;0;1;0;0;0;0
"27/03/2025";"05:19:16";"48";"Com vítima";"31,050";"BR-153/PR";"Decrescente";"Colisão lateral no mesmo sentido";1;0;1;0;0;0;0;0;0;0;1;2;0;0;0
"27/03/2025";"06:09:22";"53";"Sem vítima";"262,283";"092/PR";"Crescente";"Colisão lateral no mesmo sentido";1;0;1;0;0;0;0;0;0;0;6;0;0;0;0
"27/03/2025";"14:42:17";"168";"Com vítima";"37,250";"BR-277/PR";"Crescente";"Colisão traseira";0;0;2;0;0;0;0;0;0;0;1;1;0;0;0
"27/03/2025";"16:35:05";"187";"Sem vítima";"38,771";"BR-153/PR";"Decrescente";"Colisão traseira";0;0;2;0;0;0;0;0;0;0;2;0;0;0;0
"27/03/2025";"17:14:48";"196";"Com vítima";"255,645";"092/PR";"Crescente";"Colisão lateral no mesmo sentido";1;0;0;1;0;0;0;0;0;0;1;1;0;0;0
"28/03/2025";"00:34:44";"9";"Sem vítima";"287,591";"151/PR";"Decrescente";"Tombamento";0;0;1;0;0;0;0;0;0;0;1;0;0;0;0
"28/03/2025";"07:05:26";"67";"Com vítima";"272,720";"151/PR";"Crescente";"Queda de moto";0;0;0;1;0;0;0;0;0;0;0;0;1;0;0
"28/03/2025";"07:32:45";"84";"Com vítima";"316,150";"151/PR";"Decrescente";"Capotamento";1;0;0;0;0;0;0;0;0;0;0;0;0;1;0
"28/03/2025";"13:15:32";"187";"Sem vítima";"42,010";"BR-277/PR";"Crescente";"Choque";1;0;0;0;0;0;0;0;0;0;1;0;0;0;0
"28/03/2025";"13:31:55";"192";"Com vítima";"3,600";"508/PR";"Decrescente";"Tombamento";0;0;1;0;0;0;0;0;0;0;0;0;1;0;0
"28/03/2025";"15:26:21";"219";"Com vítima";"0,400";"BR-277/PR";"Crescente";"Colisão lateral no mesmo sentido";0;0;1;1;0;0;0;0;0;0;0;2;0;0;0
"28/03/2025";"16:34:40";"241";"Sem vítima";"217,140";"151/PR";"Decrescente";"Colisão traseira";1;0;1;0;0;0;0;0;0;0;8;0;0;0;0
"28/03/2025";"16:43:59";"243";"Com vítima";"19,653";"BR-369/PR";"Crescente";"Colisão transversal";0;0;0;1;0;0;0;0;0;0;0;0;1;0;0
"28/03/2025";"16:55:04";"246";"Com vítima";"83,210";"BR-277/PR";"Decrescente";"Colisão traseira";1;0;0;1;0;0;0;0;0;0;3;0;1;0;0
"28/03/2025";"19:18:44";"271";"Sem vítima";"6,300";"BR-277/PR";"Decrescente";"Colisão transversal";2;0;0;0;0;0;0;0;0;0;2;0;0;0;0
"28/03/2025";"19:27:44";"276";"Com vítima";"269,101";"092/PR";"Crescente";"Colisão frontal";1;0;0;1;0;0;0;0;0;0;0;0;1;0;1
"29/03/2025";"05:41:24";"59";"Com vítima";"6,756";"BR-277/PR";"Crescente";"Queda de moto";0;0;0;1;0;0;0;0;0;0;0;1;0;0;0
"29/03/2025";"08:45:42";"102";"Sem vítima";"1,400";"BR-369/PR";"Crescente";"Saída de pista";0;0;1;0;0;0;0;0;0;0;1;0;0;0;0
"29/03/2025";"09:38:23";"115";"Sem vítima";"50,650";"BR-277/PR";"Decrescente";"Colisão lateral no mesmo sentido";0;0;2;0;0;0;0;0;0;0;1;0;0;0;0
"29/03/2025";"12:13:41";"149";"Com vítima";"61,314";"BR-277/PR";"Crescente";"Queda de bicicleta";0;1;0;0;0;0;0;0;0;0;0;0;0;0;0
"29/03/2025";"12:54:20";"161";"Com vítima";"83,600";"BR-277/PR";"Crescente";"Queda de moto";0;0;0;1;0;0;0;0;0;0;0;0;2;0;0
"29/03/2025";"15:58:44";"201";"Com vítima";"22,220";"BR-369/PR";"Crescente";"Colisão lateral no mesmo sentido";0;0;1;1;0;0;0;0;0;0;1;1;0;0;0
"29/03/2025";"17:07:03";"217";"Sem vítima";"236,800";"092/PR";"Decrescente";"Saída de pista";0;0;0;0;0;0;0;0;0;1;2;0;0;0;0
"29/03/2025";"19:46:28";"245";"Com vítima";"18,100";"407/PR";"Decrescente";"Colisão transversal";1;0;0;1;0;0;0;0;0;0;4;1;0;0;0
"29/03/2025";"19:55:59";"246";"Com vítima";"309,453";"151/PR";"Crescente";"Choque";1;0;0;0;0;0;0;0;0;0;0;1;0;0;0
"29/03/2025";"20:25:32";"252";"Sem vítima";"30,500";"BR-277/PR";"Decrescente";"Colisão traseira";3;0;0;0;0;0;0;0;0;0;3;0;0;0;0
"29/03/2025";"21:30:57";"260";"Sem vítima";"216,040";"151/PR";"Decrescente";"Colisão traseira";1;0;1;0;0;0;0;0;0;0;2;0;0;0;0
"30/03/2025";"00:37:13";"17";"Sem vítima";"1,300";"BR-277/PR";"Decrescente";"Colisão lateral no mesmo sentido";1;0;0;1;0;0;0;0;0;0;2;0;0;0;0
"30/03/2025";"00:52:38";"22";"Sem vítima";"284,762";"151/PR";"Crescente";"Colisão traseira";1;0;0;0;0;0;0;0;0;0;1;0;0;0;0
"30/03/2025";"05:41:52";"62";"Com vítima";"33,561";"BR-369/PR";"Crescente";"Capotamento";1;0;0;0;0;0;0;0;0;0;0;3;0;0;0
"30/03/2025";"10:09:00";"138";"Com vítima";"299,300";"092/PR";"Decrescente";"Colisão transversal";2;0;0;0;0;0;0;0;0;0;0;5;1;0;0
"30/03/2025";"14:28:39";"199";"Sem vítima";"27,264";"BR-153/PR";"Decrescente";"Saída de pista";0;0;1;0;0;0;0;0;0;0;1;0;0;0;0
"30/03/2025";"15:16:56";"207";"Sem vítima";"38,500";"BR-277/PR";"Crescente";"Engavetamento";1;0;0;0;0;0;0;0;0;1;6;0;0;0;0
"30/03/2025";"15:54:34";"217";"Com vítima";"210,499";"092/PR";"Decrescente";"Colisão traseira";0;0;0;1;0;0;0;0;0;0;0;1;1;0;0
"30/03/2025";"22:23:27";"310";"Com vítima";"13,030";"BR-277/PR";"Crescente";"Choque";1;0;0;0;0;0;0;0;0;0;0;0;1;0;0
"30/03/2025";"23:34:35";"320";"Sem vítima";"9,250";"407/PR";"Decrescente";"Saída de pista";1;0;0;0;0;0;0;0;0;0;1;0;0;0;0
"31/03/2025";"09:41:09";"132";"Sem vítima";"298,559";"151/PR";"Crescente";"Choque";1;0;0;0;0;0;0;0;0;0;3;0;0;0;0
"31/03/2025";"16:53:36";"200";"Com vítima";"1,500";"BR-277/PR";"Decrescente";"Colisão traseira";0;0;1;1;0;0;0;0;0;0;1;1;0;0;0
"31/03/2025";"17:52:54";"207";"Com vítima";"50,590";"BR-277/PR";"Crescente";"Tombamento";0;0;1;0;0;0;0;0;0;0;0;1;0;0;0
"31/03/2025";"19:03:34";"217";"Com vítima";"3,282";"508/PR";"Decrescente";"Atropelamento de pedestre";0;0;0;0;0;0;0;0;0;0;0;0;0;0;1
"31/03/2025";"19:57:10";"223";"Sem vítima";"74,019";"BR-369/PR";"Crescente";"Colisão transversal";1;0;0;0;0;0;0;0;0;0;3;0;0;0;0
"01/04/2025";"07:39:46";"75";"Com vítima";"74,400";"BR-277/PR";"Crescente";"Colisão traseira";1;0;0;1;0;0;0;0;0;0;1;0;1;0;0
"08/04/2025";"18:09:18";"239";"Sem vítima";"9,500";"BR-277/PR";"Crescente";"Colisão traseira";1;0;1;0;0;0;0;0;0;0;2;0;0;0;0
"08/04/2025";"18:33:57";"242";"Sem vítima";"4,100";"BR-277/PR";"Crescente";"Choque";0;0;1;0;0;0;0;0;0;0;1;0;0;0;0
"08/04/2025";"19:03:05";"243";"Sem vítima";"4,050";"BR-277/PR";"Crescente";"Queda de moto";1;0;0;0;0;0;0;0;0;0;2;0;0;0;0
"08/04/2025";"19:19:33";"247";"Com vítima";"7,105";"BR-369/PR";"Crescente";"Queda de moto";0;0;0;1;0;0;0;0;0;0;0;2;0;0;0
"08/04/2025";"19:24:33";"248";"Com vítima";"12,177";"BR-277/PR";"Decrescente";"Colisão frontal";1;0;1;0;0;0;0;0;0;0;1;1;1;0;0
"08/04/2025";"20:08:03";"252";"Sem vítima";"2,553";"407/PR";"Crescente";"Atropelamento de animal";1;0;0;0;0;0;0;0;0;0;2;0;0;0;0
"09/04/2025";"03:08:07";"41";"Com vítima";"5,213";"239/PR";"Decrescente";"Tombamento";0;0;1;0;0;0;0;0;0;0;0;0;0;0;1
"09/04/2025";"08:25:13";"85";"Com vítima";"231,456";"151/PR";"Decrescente";"Tombamento";0;0;1;0;0;0;0;0;0;0;0;1;0;0;0
"09/04/2025";"09:16:16";"100";"Sem vítima";"19,709";"BR-277/PR";"Crescente";"Colisão frontal";1;0;1;0;0;0;0;0;0;0;2;0;0;0;0
"09/04/2025";"14:33:17";"156";"Sem vítima";"280,500";"092/PR";"Decrescente";"Colisão lateral no mesmo sentido";1;0;1;0;0;0;0;0;0;0;2;0;0;0;0
"09/04/2025";"18:40:33";"194";"Sem vítima";"214,720";"151/PR";"Crescente";"Colisão lateral em sentido contrário";2;0;0;0;0;0;0;0;0;0;2;0;0;0;0
"09/04/2025";"20:44:56";"209";"Com vítima";"49,020";"BR-153/PR";"Decrescente";"Colisão frontal";0;0;1;1;0;0;0;0;0;0;1;0;0;1;0
"10/04/2025";"02:00:08";"39";"Com vítima";"287,350";"151/PR";"Decrescente";"Tombamento";0;0;1;0;0;0;0;0;0;0;0;0;1;0;0
"10/04/2025";"08:04:16";"100";"Com vítima";"74,010";"BR-277/PR";"Decrescente";"Colisão frontal";1;0;0;1;0;0;0;0;0;0;1;0;1;0;0
"10/04/2025";"10:23:14";"128";"Sem vítima";"10,136";"BR-277/PR";"Crescente";"Colisão frontal";1;0;1;0;0;0;0;0;0;0;2;0;0;0;0
"10/04/2025";"17:27:22";"191";"Sem vítima";"80,100";"BR-277/PR";"Crescente";"Colisão frontal";1;0;0;1;0;0;0;0;0;0;2;0;0;0;0
"10/04/2025";"20:03:46";"204";"Sem vítima";"311,400";"151/PR";"Crescente";"Queda de moto";1;0;0;0;0;0;0;0;0;0;1;0;0;0;0
"10/04/2025";"22:20:16";"222";"Com vítima";"239,100";"151/PR";"Decrescente";"Colisão frontal";0;0;2;0;0;0;0;0;0;0;1;0;1;0;0
"11/04/2025";"01:57:59";"33";"Com vítima";"4,509";"BR-277/PR";"Crescente";"Queda de moto";0;0;0;1;0;0;0;0;0;0;0;1;0;0;0
"11/04/2025";"04:26:19";"40";"Sem vítima";"32,150";"BR-153/PR";"Crescente";"Queda de moto";1;0;0;0;0;0;0;0;0;0;1;0;0;0;0
"11/04/2025";"07:19:49";"68";"Com vítima";"41,854";"BR-153/PR";"Crescente";"Engavetamento";1;1;0;0;0;0;0;0;0;0;1;0;0;0;0
"11/04/2025";"12:49:30";"172";"Sem vítima";"305,721";"092/PR";"Crescente";"Colisão frontal";2;0;0;0;0;0;0;0;0;0;2;0;0;0;0
"11/04/2025";"13:00:39";"174";"Sem vítima";"25,300";"508/PR";"Crescente";"Acidentes de outra natureza";1;0;0;0;0;0;0;0;0;0;1;0;0;0;0
"11/04/2025";"16:04:52";"216";"Com vítima";"5,360";"BR-277/PR";"Decrescente";"Queda de moto";0;0;0;1;0;0;0;0;0;0;0;1;0;0;0
"11/04/2025";"17:31:37";"237";"Sem vítima";"80,019";"BR-277/PR";"Crescente";"Colisão frontal";3;0;1;0;0;0;0;0;0;0;4;0;0;0;0
"11/04/2025";"23:50:01";"287";"Com vítima";"286,888";"151/PR";"Decrescente";"Colisão frontal";1;1;0;0;0;0;0;0;0;0;1;0;0;0;0
"12/04/2025";"09:24:12";"114";"Com vítima";"77,577";"BR-277/PR";"Crescente";"Queda de moto";0;0;0;0;0;0;0;0;0;0;0;0;0;0;0
"12/04/2025";"15:29:17";"202";"Sem vítima";"2,535";"BR-277/PR";"Decrescente";"Colisão traseira";0;0;1;1;0;0;0;0;0;0;6;0;0;0;0
"12/04/2025";"19:16:11";"257";"Sem vítima";"54,500";"BR-277/PR";"Crescente";"Choque";1;0;0;0;0;0;0;0;0;0;1;0;0;0;0
"12/04/2025";"19:51:08";"264";"Sem vítima";"39,394";"BR-369/PR";"Crescente";"Atropelamento de animal";1;0;0;0;0;0;0;0;0;0;4;0;0;0;0
"12/04/2025";"23:44:39";"305";"Sem vítima";"197,010";"151/PR";"Crescente";"Capotamento";1;0;0;0;0;0;0;0;0;0;1;0;0;0;0
"13/04/2025";"00:52:27";"6";"Com vítima";"0,550";"508/PR";"Crescente";"Atropelamento de animal";0;0;0;1;0;0;0;0;0;0;0;1;1;0;0
"13/04/2025";"03:57:43";"44";"Com vítima";"25,621";"BR-153/PR";"Crescente";"Capotamento";1;0;0;0;0;0;0;0;0;0;0;1;0;0;0
"13/04/2025";"08:29:30";"87";"Com vítima";"196,884";"151/PR";"Decrescente";"Choque";1;0;0;0;0;0;0;0;0;0;0;3;0;0;0
"13/04/2025";"09:42:59";"110";"Sem vítima";"298,800";"092/PR";"Decrescente";"Colisão traseira";0;0;0;0;0;0;0;0;0;1;2;0;0;0;0
"13/04/2025";"13:47:33";"165";"Sem vítima";"309,500";"151/PR";"Crescente";"Capotamento";1;0;0;0;0;0;0;0;0;0;1;0;0;0;0
"13/04/2025";"13:53:31";"166";"Sem vítima";"309,540";"151/PR";"Crescente";"Choque";1;0;0;0;0;0;0;0;0;0;1;0;0;0;0
"13/04/2025";"14:09:36";"167";"Sem vítima";"70,812";"BR-277/PR";"Crescente";"Queda de moto";1;0;0;0;0;0;0;0;0;0;3;0;0;0;0
"13/04/2025";"14:36:56";"172";"Sem vítima";"36,620";"BR-277/PR";"Crescente";"Choque";1;0;0;0;0;0;0;0;0;0;1;0;0;0;0
"13/04/2025";"15:44:02";"187";"Sem vítima";"31,586";"BR-277/PR";"Crescente";"Choque";1;0;0;0;0;0;0;0;0;0;4;0;0;0;0
"13/04/2025";"16:21:13";"193";"Sem vítima";"37,802";"BR-277/PR";"Crescente";"Capotamento";0;0;0;0;0;0;0;0;0;1;2;0;0;0;0
"13/04/2025";"18:05:22";"206";"Com vítima";"7,500";"411/PR";"Crescente";"Queda de moto";0;0;0;1;0;0;0;0;0;0;0;1;0;0;0
"13/04/2025";"21:34:38";"242";"Sem vítima";"184,820";"151/PR";"Decrescente";"Colisão frontal";1;0;1;0;0;0;0;0;0;0;3;0;0;0;0
"13/04/2025";"21:55:51";"245";"Sem vítima";"37,610";"BR-277/PR";"Crescente";"Capotamento";1;0;0;0;0;0;0;0;0;0;3;0;0;0;0
"13/04/2025";"22:35:33";"250";"Sem vítima";"4,200";"BR-277/PR";"Decrescente";"Choque";1;0;0;0;0;0;0;0;0;0;1;0;0;0;0
"13/04/2025";"23:30:26";"259";"Sem vítima";"316,510";"151/PR";"Crescente";"Choque";1;0;0;0;0;0;0;0;0;0;1;0;0;0;0
"14/04/2025";"02:37:03";"41";"Sem vítima";"23,100";"BR-153/PR";"Decrescente";"Choque";1;0;0;0;0;0;0;0;0;0;1;0;0;0;0
"14/04/2025";"03:05:04";"43";"Com vítima";"283,410";"151/PR";"Decrescente";"Tombamento";0;0;2;0;0;0;0;0;0;0;1;0;1;0;0
"14/04/2025";"07:09:50";"65";"Sem vítima";"51,700";"BR-277/PR";"Crescente";"Choque";0;0;1;0;0;0;0;0;0;0;1;0;0;0;0
"14/04/2025";"08:03:34";"88";"Sem vítima";"286,750";"092/PR";"Crescente";"Colisão traseira";1;0;0;0;0;0;0;0;0;0;2;0;0;0;0
"14/04/2025";"09:19:17";"106";"Com vítima";"249,180";"092/PR";"Crescente";"Colisão lateral no mesmo sentido";1;0;1;0;0;0;0;0;0;0;1;1;0;0;0
"14/04/2025";"12:00:33";"125";"Com vítima";"83,600";"BR-277/PR";"Crescente";"Queda de moto";0;0;0;1;0;0;0;0;0;0;0;1;0;0;0
"14/04/2025";"18:53:44";"183";"Sem vítima";"62,800";"BR-277/PR";"Crescente";"Colisão frontal";0;0;1;0;0;0;0;0;0;1;2;0;0;0;0
"14/04/2025";"19:17:58";"188";"Sem vítima";"42,900";"BR-153/PR";"Decrescente";"Choque";0;0;0;0;0;0;0;0;0;0;0;0;0;0;0
"14/04/2025";"20:06:31";"194";"Sem vítima";"36,800";"BR-277/PR";"Decrescente";"Queda de moto";1;0;0;0;0;0;0;0;0;0;3;0;0;0;0
"15/04/2025";"06:58:02";"56";"Com vítima";"5,029";"BR-277/PR";"Decrescente";"Queda de moto";0;0;0;1;0;0;0;0;0;0;0;1;0;0;0
"15/04/2025";"09:20:14";"99";"Sem vítima";"259,236";"151/PR";"Decrescente";"Choque";0;0;0;0;0;0;0;0;0;1;1;0;0;0;0
"15/04/2025";"09:43:20";"110";"Sem vítima";"315,519";"092/PR";"Crescente";"Tombamento";0;0;1;0;0;0;0;0;0;0;1;0;0;0;0
"15/04/2025";"13:02:57";"144";"Com vítima";"283,200";"092/PR";"Decrescente";"Atropelamento de animal";0;0;0;1;0;0;0;0;0;0;0;0;2;0;0
"15/04/2025";"15:25:22";"160";"Sem vítima";"309,160";"151/PR";"Decrescente";"Capotamento";1;0;0;0;0;0;0;0;0;0;1;0;0;0;0
"15/04/2025";"16:04:46";"169";"Sem vítima";"37,970";"BR-277/PR";"Crescente";"Choque";1;0;0;0;0;0;0;0;0;0;1;0;0;0;0
"15/04/2025";"17:40:01";"178";"Sem vítima";"249,010";"092/PR";"Crescente";"Queda de moto";0;0;1;0;0;0;0;0;0;0;1;0;0;0;0
"15/04/2025";"18:32:03";"185";"Com vítima";"250,150";"092/PR";"Crescente";"Queda de moto";1;0;0;0;0;0;0;0;0;0;0;1;0;0;0
"15/04/2025";"18:52:09";"189";"Com vítima";"83,100";"BR-277/PR";"Crescente";"Colisão frontal";1;0;0;1;0;0;0;0;0;0;1;0;1;0;0
"15/04/2025";"18:54:50";"190";"Com vítima";"42,441";"BR-153/PR";"Decrescente";"Colisão frontal";0;0;0;2;0;0;0;0;0;0;0;1;1;0;0
"16/04/2025";"00:46:41";"16";"Sem vítima";"53,560";"BR-277/PR";"Decrescente";"Choque";0;0;1;0;0;0;0;0;0;0;1;0;0;0;0
"16/04/2025";"17:43:24";"254";"Sem vítima";"47,500";"BR-153/PR";"Crescente";"Acidentes de outra natureza";1;0;1;0;0;0;0;0;0;0;4;0;0;0;0
"16/04/2025";"18:18:09";"256";"Sem vítima";"74,100";"BR-277/PR";"Crescente";"Colisão traseira";1;0;0;0;0;0;0;0;0;0;1;0;0;0;0
"16/04/2025";"23:10:35";"287";"Com vítima";"4,889";"BR-277/PR";"Crescente";"Colisão traseira";0;0;0;1;0;0;0;0;0;0;0;0;0;0;2
"17/04/2025";"04:00:02";"50";"Sem vítima";"53,500";"BR-277/PR";"Crescente";"Choque";0;0;1;0;0;0;0;0;0;0;1;0;0;0;0
"17/04/2025";"11:33:10";"172";"Com vítima";"70,390";"BR-277/PR";"Crescente";"Colisão traseira";1;0;0;0;0;0;0;0;0;0;0;2;0;0;0
"17/04/2025";"14:00:38";"204";"Com vítima";"273,100";"092/PR";"Crescente";"Colisão frontal";2;0;0;0;0;0;0;0;0;0;3;1;0;0;0
"17/04/2025";"14:32:12";"211";"Sem vítima";"45,300";"BR-277/PR";"Decrescente";"Choque";1;0;0;0;0;0;0;0;0;0;3;0;0;0;0