data;horario;n_da_ocorrencia;tipo_de_ocorrencia;km;trecho;sentido;tipo_de_acidente;automovel;bicicleta;caminhao;moto;onibus;outros;tracao_animal;transporte_de_cargas_especiais;trator_maquinas;utilitarios;ilesos;levemente_feridos;moderadamente_feridos;gravemente_feridos;mortos
"08/05/2025";"05:42:05";"20";"Sem vítima";"69,108";"BR-277/PR";"Crescente";"Acidentes de outra natureza";1;0;0;0;0;0;0;0;0;0;1;0;0;0;0
"08/05/2025";"06:01:37";"21";"Sem vítima";"31,100";"BR-277/PR";"Decrescente";"Capotamento";1;0;0;0;0;0;0;0;0;0;2;0;0;0;0
"08/05/2025";"22:19:17";"176";"Com vítima";"36,800";"BR-277/PR";"Decrescente";"Tombamento";0;0;1;0;0;0;0;0;0;0;0;1;0;0;0
"09/05/2025";"07:20:30";"49";"Sem vítima";"203,500";"092/PR";"Decrescente";"Choque";1;0;0;0;0;0;0;0;0;0;1;0;0;0;0
"09/05/2025";"07:34:27";"53";"Sem vítima";"75,150";"BR-277/PR";"Crescente";"Colisão frontal";1;0;0;1;0;0;0;0;0;0;2;0;0;0;0
"09/05/2025";"09:17:27";"93";"Com vítima";"211,290";"092/PR";"Crescente";"Colisão frontal";1;0;1;0;0;0;0;0;0;1;1;1;1;0;0
"09/05/2025";"12:06:31";"133";"Com vítima";"31,100";"BR-277/PR";"Decrescente";"Colisão frontal";0;0;2;0;0;0;0;0;0;0;0;2;0;0;0
"09/05/2025";"12:12:59";"138";"Com vítima";"44,010";"BR-277/PR";"Crescente";"Queda de moto";0;0;0;1;0;0;0;0;0;0;0;1;0;0;0
"09/05/2025";"15:06:03";"183";"Com vítima";"24,272";"BR-153/PR";"Decrescente";"Colisão traseira";0;0;0;1;0;0;0;0;0;0;0;0;1;0;0
"09/05/2025";"16:54:13";"200";"Sem vítima";"76,055";"BR-277/PR";"Crescente";"Colisão frontal";2;0;0;0;0;0;0;0;0;0;2;0;0;0;0
"09/05/2025";"17:07:32";"204";"Sem vítima";"74,300";"BR-277/PR";"Crescente";"Colisão lateral no mesmo sentido";2;0;0;0;0;0;0;0;0;0;2;0;0;0;0
"09/05/2025";"18:25:04";"215";"Com vítima";"6,595";"408/PR";"Crescente";"Colisão frontal";2;0;0;0;0;0;0;0;0;0;0;1;3;0;0
"09/05/2025";"20:15:07";"229";"Sem vítima";"309,675";"151/PR";"Crescente";"Capotamento";1;0;0;0;0;0;0;0;0;0;4;0;0;0;0
"09/05/2025";"23:41:54";"259";"Sem vítima";"221,800";"092/PR";"Decrescente";"Atropelamento de animal";1;0;0;0;0;0;0;0;0;0;1;0;0;0;0
"10/05/2025";"01:08:53";"12";"Sem vítima";"12,390";"BR-277/PR";"Decrescente";"Acidentes de outra natureza";0;0;1;0;0;0;0;0;0;0;1;0;0;0;0
"10/05/2025";"02:11:09";"17";"Com vítima";"76,209";"BR-277/PR";"Decrescente";"Engavetamento";1;0;0;1;0;0;0;0;0;0;1;0;0;1;0
"10/05/2025";"07:33:27";"45";"Com vítima";"312,202";"092/PR";"Crescente";"Tombamento";0;0;1;0;0;0;0;0;0;0;0;2;0;0;0
"10/05/2025";"07:56:36";"50";"Sem vítima";"275,256";"092/PR";"Crescente";"Choque";1;0;0;0;0;0;0;0;0;0;2;0;0;0;0
"10/05/2025";"08:37:33";"58";"Com vítima";"265,010";"151/PR";"Crescente";"Choque";1;0;0;0;0;0;0;0;0;0;0;1;0;0;0
"10/05/2025";"10:59:38";"97";"Sem vítima";"60,250";"BR-277/PR";"Crescente";"Colisão frontal";1;0;1;0;0;0;0;0;0;0;2;0;0;0;0
"10/05/2025";"12:07:31";"114";"Com vítima";"182,345";"151/PR";"Crescente";"Tombamento";0;0;1;0;0;0;0;0;0;0;0;1;0;0;0
"10/05/2025";"12:33:01";"116";"Com vítima";"260,200";"092/PR";"Crescente";"Colisão frontal";2;0;0;0;0;0;0;0;0;0;0;3;0;0;0
"10/05/2025";"15:57:34";"140";"Sem vítima";"36,720";"BR-277/PR";"Crescente";"Choque";1;0;0;0;0;0;0;0;0;0;2;0;0;0;0
"10/05/2025";"16:14:16";"144";"Sem vítima";"6,815";"BR-277/PR";"Crescente";"Choque";1;0;0;0;0;0;0;0;0;0;1;0;0;0;0
"10/05/2025";"18:35:32";"166";"Sem vítima";"36,387";"BR-277/PR";"Crescente";"Choque";1;0;0;0;0;0;0;0;0;0;2;0;0;0;0
"10/05/2025";"20:02:41";"178";"Com vítima";"252,130";"151/PR";"Decrescente";"Colisão lateral no mesmo sentido";2;0;0;0;0;0;0;0;0;0;0;3;1;0;0
"10/05/2025";"22:34:01";"195";"Sem vítima";"218,120";"092/PR";"Crescente";"Choque";1;0;0;0;0;0;0;0;0;0;3;0;0;0;0
"10/05/2025";"22:56:44";"197";"Com vítima";"83,503";"BR-277/PR";"Decrescente";"Atropelamento de pedestre";1;0;0;0;0;0;0;0;0;0;1;0;0;0;1
"11/05/2025";"04:37:28";"26";"Com vítima";"36,259";"BR-153/PR";"Crescente";"Queda de moto";0;0;0;1;0;0;0;0;0;0;0;2;0;0;0
"11/05/2025";"06:28:46";"30";"Com vítima";"240,765";"151/PR";"Decrescente";"Colisão frontal";1;0;1;0;0;0;0;0;0;0;1;0;0;0;2
"11/05/2025";"10:58:04";"89";"Com vítima";"40,500";"BR-277/PR";"Crescente";"Queda de moto";0;0;0;1;0;0;0;0;0;0;0;0;1;0;0
"11/05/2025";"15:56:19";"141";"Sem vítima";"8,200";"BR-277/PR";"Decrescente";"Acidentes de outra natureza";1;0;0;0;0;0;0;0;0;0;6;0;0;0;0
"11/05/2025";"16:03:15";"142";"Sem vítima";"80,500";"BR-277/PR";"Decrescente";"Colisão frontal";1;0;1;0;0;0;0;0;0;0;2;0;0;0;0
"11/05/2025";"18:23:57";"170";"Com vítima";"79,100";"BR-277/PR";"Decrescente";"Capotamento";1;0;0;0;0;0;0;0;0;0;2;0;1;0;0
"11/05/2025";"18:35:41";"172";"Sem vítima";"232,401";"151/PR";"Decrescente";"Colisão frontal";0;0;2;0;0;0;0;0;0;0;2;0;0;0;0
"11/05/2025";"20:24:09";"189";"Com vítima";"1,500";"407/PR";"Decrescente";"Colisão transversal";0;1;0;0;1;0;0;0;0;0;1;0;0;0;0
"12/05/2025";"00:16:15";"1";"Com vítima";"5,200";"BR-277/PR";"Decrescente";"Queda de moto";0;0;0;1;0;0;0;0;0;0;0;1;0;0;0
"12/05/2025";"11:43:38";"103";"Com vítima";"40,000";"BR-369/PR";"Crescente";"Colisão frontal";0;0;1;1;0;0;0;0;0;0;1;1;0;0;0
"12/05/2025";"13:21:17";"121";"Com vítima";"311,100";"092/PR";"Decrescente";"Queda de moto";0;0;0;1;0;0;0;0;0;0;0;4;0;0;0
"12/05/2025";"23:56:25";"192";"Com vítima";"81,500";"BR-277/PR";"Crescente";"Colisão traseira";1;0;0;0;1;0;0;0;0;0;1;1;1;0;0
"13/05/2025";"08:26:24";"75";"Com vítima";"83,500";"BR-277/PR";"Crescente";"Colisão frontal";1;0;0;1;0;0;0;0;0;0;1;1;0;0;0
"13/05/2025";"10:09:00";"103";"Com vítima";"5,500";"BR-277/PR";"Crescente";"Colisão frontal";1;0;2;0;0;0;0;0;0;0;0;3;0;0;0
"13/05/2025";"12:58:39";"129";"Com vítima";"4,750";"BR-277/PR";"Crescente";"Tombamento";0;0;1;0;0;0;0;0;0;0;0;1;0;0;0
"13/05/2025";"18:30:27";"164";"Com vítima";"1,010";"BR-277/PR";"Decrescente";"Colisão traseira";1;0;0;1;0;0;0;0;0;0;2;4;0;0;0
"13/05/2025";"20:12:14";"170";"Sem vítima";"0,800";"BR-277/PR";"Crescente";"Colisão frontal";2;0;0;0;0;0;0;0;0;0;2;0;0;0;0
"13/05/2025";"22:25:03";"177";"Sem vítima";"78,010";"BR-277/PR";"Decrescente";"Colisão frontal";2;0;0;0;0;0;0;0;0;0;2;0;0;0;0
"14/05/2025";"07:51:14";"51";"Com vítima";"78,620";"BR-277/PR";"Crescente";"Colisão frontal";1;0;0;1;0;0;0;0;0;0;0;3;0;0;0
"14/05/2025";"07:52:55";"52";"Com vítima";"40,390";"BR-277/PR";"Crescente";"Choque";1;0;0;0;0;0;0;0;0;0;0;1;0;0;0
"14/05/2025";"08:36:56";"80";"Com vítima";"280,200";"092/PR";"Crescente";"Colisão frontal";1;0;0;1;0;0;0;0;0;0;2;0;0;1;0
"14/05/2025";"08:39:30";"81";"Com vítima";"80,569";"BR-277/PR";"Crescente";"Colisão transversal";1;0;0;1;0;0;0;0;0;0;0;2;0;0;0
"14/05/2025";"09:50:04";"99";"Com vítima";"1,450";"BR-153/PR";"Crescente";"Queda de moto";1;0;0;0;0;0;0;0;0;0;0;1;0;0;0
"14/05/2025";"15:54:14";"167";"Com vítima";"71,244";"BR-369/PR";"Crescente";"Capotamento";0;0;0;0;0;0;0;0;0;1;0;1;0;0;0
"14/05/2025";"16:02:51";"168";"Sem vítima";"10,010";"BR-277/PR";"Crescente";"Choque";1;0;0;0;0;0;0;0;0;0;1;0;0;0;0
"14/05/2025";"18:56:06";"180";"Com vítima";"5,100";"BR-277/PR";"Decrescente";"Atropelamento de pedestre";0;0;0;1;0;0;0;0;0;0;0;1;0;1;0
"14/05/2025";"20:34:18";"188";"Com vítima";"294,010";"151/PR";"Decrescente";"Colisão frontal";3;0;0;0;0;0;0;0;0;0;4;0;1;0;0
"14/05/2025";"22:04:30";"196";"Sem vítima";"283,850";"151/PR";"Crescente";"Colisão transversal";0;0;2;0;0;0;0;0;0;0;2;0;0;0;0
"15/05/2025";"07:58:12";"66";"Com vítima";"30,570";"BR-277/PR";"Decrescente";"Colisão frontal";0;0;3;0;0;0;0;0;0;0;2;1;0;0;0
"15/05/2025";"08:11:48";"71";"Sem vítima";"3,150";"BR-277/PR";"Decrescente";"Colisão frontal";2;0;0;0;0;0;0;0;0;0;2;0;0;0;0
"15/05/2025";"08:12:56";"70";"Com vítima";"78,100";"BR-277/PR";"Crescente";"Colisão frontal";1;0;0;1;0;0;0;0;0;0;1;0;1;0;0
"15/05/2025";"12:59:56";"142";"Com vítima";"215,451";"092/PR";"Decrescente";"Tombamento";0;0;1;0;0;0;0;0;0;0;0;1;0;0;0
"15/05/2025";"17:34:35";"184";"Sem vítima";"6,600";"508/PR";"Decrescente";"Atropelamento de animal";1;0;0;0;0;0;0;0;0;0;3;0;0;0;0
"15/05/2025";"18:20:33";"190";"Com vítima";"5,100";"508/PR";"Crescente";"Colisão frontal";1;0;0;1;0;0;0;0;0;0;4;0;1;0;0
"15/05/2025";"18:26:45";"192";"Com vítima";"74,500";"BR-277/PR";"Decrescente";"Colisão frontal";0;0;0;1;0;0;0;0;0;0;0;0;1;0;0
"15/05/2025";"19:38:19";"200";"Sem vítima";"60,250";"BR-277/PR";"Crescente";"Colisão frontal";0;0;2;0;0;0;0;0;0;0;2;0;0;0;0
"15/05/2025";"20:58:00";"211";"Com vítima";"2,500";"BR-277/PR";"Decrescente";"Colisão frontal";1;0;0;1;0;0;0;0;0;0;0;1;1;0;0
"15/05/2025";"21:56:26";"218";"Com vítima";"252,800";"092/PR";"Crescente";"Choque";1;0;0;0;0;0;0;0;0;0;0;1;0;0;0
"15/05/2025";"22:39:48";"227";"Sem vítima";"244,297";"092/PR";"Crescente";"Acidentes de outra natureza";1;0;0;0;0;0;0;0;0;0;1;0;0;0;0
"15/05/2025";"23:24:06";"234";"Com vítima";"300,100";"092/PR";"Decrescente";"Colisão traseira";0;0;0;1;0;0;0;0;0;0;0;0;0;2;0
"16/05/2025";"04:47:57";"23";"Com vítima";"11,540";"508/PR";"Decrescente";"Colisão frontal";0;0;0;1;0;0;0;0;0;0;0;1;0;0;0
"16/05/2025";"09:00:42";"91";"Sem vítima";"184,820";"151/PR";"Decrescente";"Choque";2;0;0;0;0;0;0;0;0;0;2;0;0;0;0
"16/05/2025";"19:00:09";"177";"Com vítima";"43,120";"BR-153/PR";"Crescente";"Colisão frontal";1;0;0;1;0;0;0;0;0;0;2;0;1;0;0
"16/05/2025";"19:01:38";"178";"Sem vítima";"20,800";"508/PR";"Decrescente";"Atropelamento de animal";1;0;0;0;0;0;0;0;0;0;1;0;0;0;0
"16/05/2025";"22:35:27";"208";"Com vítima";"5,172";"239/PR";"Decrescente";"Tombamento";0;0;1;0;0;0;0;0;0;0;0;0;1;0;0
"17/05/2025";"04:57:32";"33";"Sem vítima";"0,350";"BR-277/PR";"Crescente";"Engavetamento";1;0;1;0;0;0;0;0;0;0;3;0;0;0;0
"17/05/2025";"14:17:59";"125";"Com vítima";"200,010";"092/PR";"Crescente";"Colisão frontal";2;0;0;0;0;0;0;0;0;0;0;3;0;0;0
"17/05/2025";"15:15:49";"132";"Com vítima";"8,100";"BR-277/PR";"Crescente";"Queda de moto";0;0;0;1;0;0;0;0;0;0;0;1;0;0;0
"17/05/2025";"18:40:00";"159";"Sem vítima";"80,400";"BR-277/PR";"Crescente";"Colisão frontal";2;0;0;0;0;0;0;0;0;0;2;0;0;0;0
"17/05/2025";"18:57:20";"161";"Sem vítima";"9,100";"BR-277/PR";"Decrescente";"Queda de moto";1;0;0;0;0;0;0;0;0;0;2;0;0;0;0
"17/05/2025";"20:37:11";"172";"Sem vítima";"234,001";"092/PR";"Decrescente";"Queda de moto";1;0;0;0;0;0;0;0;0;0;2;0;0;0;0
"17/05/2025";"23:30:58";"188";"Com vítima";"18,100";"508/PR";"Decrescente";"Queda de moto";0;0;0;1;0;0;0;0;0;0;0;0;2;0;0
"18/05/2025";"12:00:31";"78";"Com vítima";"21,400";"508/PR";"Crescente";"Colisão traseira";1;1;0;0;0;0;0;0;0;0;2;1;0;0;0
"18/05/2025";"14:15:56";"90";"Sem vítima";"198,720";"151/PR";"Decrescente";"Acidentes de outra natureza";0;0;1;0;0;0;0;0;0;0;1;0;0;0;0
"18/05/2025";"14:49:36";"94";"Com vítima";"25,830";"BR-369/PR";"Decrescente";"Capotamento";1;0;0;0;0;0;0;0;0;0;0;3;0;0;0
"18/05/2025";"15:12:28";"98";"Sem vítima";"0,010";"508/PR";"Crescente";"Queda de moto";0;0;0;1;0;0;0;0;0;0;2;0;0;0;0
"18/05/2025";"18:33:50";"137";"Sem vítima";"295,198";"151/PR";"Crescente";"Colisão frontal";0;0;1;0;0;0;0;0;0;1;1;0;0;0;0
"19/05/2025";"02:17:28";"15";"Com vítima";"5,210";"BR-277/PR";"Crescente";"Queda de moto";0;0;0;1;0;0;0;0;0;0;0;0;1;0;0
"19/05/2025";"06:43:51";"30";"Com vítima";"309,620";"151/PR";"Crescente";"Capotamento";0;0;0;0;0;0;0;0;0;1;2;4;0;0;0
"19/05/2025";"07:05:04";"37";"Com vítima";"309,580";"151/PR";"Crescente";"Capotamento";0;0;0;0;0;0;0;0;0;1;0;4;0;0;0
"19/05/2025";"08:12:31";"69";"Com vítima";"83,150";"BR-277/PR";"Crescente";"Colisão frontal";1;0;0;1;0;0;0;0;0;0;2;1;0;0;0
"19/05/2025";"08:26:10";"75";"Com vítima";"75,700";"BR-277/PR";"Crescente";"Colisão traseira";0;0;0;0;0;0;0;0;0;0;0;0;0;0;0
"19/05/2025";"08:32:53";"77";"Com vítima";"40,376";"BR-277/PR";"Crescente";"Colisão frontal";1;0;1;0;0;0;0;0;0;0;1;1;0;0;0
"19/05/2025";"08:34:50";"79";"Sem vítima";"310,600";"151/PR";"Crescente";"Choque";1;0;0;0;0;0;0;0;0;0;1;0;0;0;0
"19/05/2025";"12:05:17";"132";"Sem vítima";"36,550";"BR-277/PR";"Crescente";"Choque";0;0;0;0;0;0;0;0;0;1;2;0;0;0;0
"19/05/2025";"13:03:21";"138";"Com vítima";"70,640";"BR-277/PR";"Crescente";"Acidentes de outra natureza";1;0;0;0;0;0;0;0;0;0;0;1;0;0;0
"19/05/2025";"18:15:47";"189";"Sem vítima";"36,800";"BR-277/PR";"Decrescente";"Acidentes de outra natureza";1;0;0;0;0;0;0;0;0;0;2;0;0;0;0
"20/05/2025";"02:02:15";"16";"Sem vítima";"206,060";"092/PR";"Crescente";"Atropelamento de animal";0;0;0;0;0;0;0;0;0;1;2;0;0;0;0
"20/05/2025";"04:10:06";"22";"Sem vítima";"39,780";"BR-277/PR";"Decrescente";"Tombamento";0;0;2;0;0;0;0;0;0;0;2;0;0;0;0
"20/05/2025";"04:13:08";"23";"Com vítima";"233,300";"092/PR";"Decrescente";"Tombamento";0;0;1;0;0;0;0;0;0;0;0;1;0;0;0
"20/05/2025";"07:04:09";"30";"Com vítima";"16,488";"407/PR";"Decrescente";"Engavetamento";0;1;0;0;0;0;0;0;0;1;1;0;0;0;0
"20/05/2025";"07:46:07";"42";"Com vítima";"3,466";"BR-277/PR";"Crescente";"Colisão traseira";0;0;0;1;0;0;0;0;0;0;0;0;0;0;2
"20/05/2025";"08:01:25";"47";"Com vítima";"37,000";"BR-369/PR";"Decrescente";"Colisão traseira";0;0;1;1;0;0;0;0;0;0;0;1;1;0;0
"20/05/2025";"08:38:34";"58";"Sem vítima";"20,166";"408/PR";"Crescente";"Capotamento";1;0;0;0;0;0;0;0;0;0;0;0;0;0;0
"20/05/2025";"15:06:19";"125";"Com vítima";"217,710";"092/PR";"Decrescente";"Colisão frontal";0;0;1;1;0;0;0;0;0;0;1;0;0;1;0
"20/05/2025";"16:11:49";"135";"Sem vítima";"68,269";"BR-277/PR";"Crescente";"Tombamento";0;0;1;0;0;0;0;0;0;0;1;0;0;0;0
"20/05/2025";"19:08:30";"168";"Sem vítima";"74,800";"BR-277/PR";"Decrescente";"Colisão traseira";2;0;0;0;0;0;0;0;0;0;2;0;0;0;0
"20/05/2025";"19:21:55";"170";"Com vítima";"39,479";"BR-277/PR";"Decrescente";"Colisão frontal";0;0;2;0;0;0;0;0;0;0;1;1;0;0;0
"20/05/2025";"21:07:26";"179";"Com vítima";"76,709";"BR-277/PR";"Crescente";"Atropelamento de pedestre";1;0;0;0;0;0;0;0;0;0;1;0;0;0;1
"20/05/2025";"22:28:33";"185";"Com vítima";"0,800";"BR-277/PR";"Decrescente";"Colisão traseira";1;0;0;1;0;0;0;0;0;0;2;2;0;0;0
"21/05/2025";"07:51:52";"48";"Sem vítima";"4,509";"BR-277/PR";"Decrescente";"Colisão traseira";0;0;0;0;0;0;0;0;0;0;0;0;0;0;0
"21/05/2025";"13:32:02";"129";"Sem vítima";"40,100";"BR-277/PR";"Crescente";"Choque";1;0;0;0;0;0;0;0;0;0;2;0;0;0;0
"21/05/2025";"15:08:13";"144";"Sem vítima";"231,150";"151/PR";"Decrescente";"Colisão transversal";0;0;3;0;0;0;0;0;0;0;3;0;0;0;0
"21/05/2025";"18:17:13";"171";"Com vítima";"74,500";"BR-277/PR";"Decrescente";"Colisão frontal";1;0;0;1;0;0;0;0;0;0;1;0;1;0;0
"21/05/2025";"18:24:06";"172";"Sem vítima";"43,840";"BR-277/PR";"Crescente";"Tombamento";0;0;1;0;0;0;0;0;0;0;1;0;0;0;0
"21/05/2025";"19:12:50";"179";"Sem vítima";"17,010";"BR-153/PR";"Decrescente";"Colisão frontal";1;0;0;0;0;0;0;0;0;1;4;0;0;0;0
"21/05/2025";"20:09:32";"187";"Sem vítima";"60,250";"BR-277/PR";"Crescente";"Colisão lateral em sentido contrário";1;0;1;0;0;0;0;0;0;0;4;0;0;0;0
"22/05/2025";"03:51:29";"16";"Sem vítima";"33,340";"BR-277/PR";"Decrescente";"Engavetamento";0;0;2;0;0;0;0;0;0;0;2;0;0;0;0
"22/05/2025";"05:32:24";"28";"Sem vítima";"3,680";"408/PR";"Decrescente";"Tombamento";0;0;1;0;0;0;0;0;0;0;1;0;0;0;0
"22/05/2025";"14:18:05";"152";"Com vítima";"283,010";"151/PR";"Crescente";"Capotamento";1;0;0;0;0;0;0;0;0;0;0;0;2;0;0
"22/05/2025";"18:08:15";"179";"Sem vítima";"74,310";"BR-277/PR";"Crescente";"Colisão frontal";4;0;0;0;0;0;0;0;0;0;5;0;0;0;0
"22/05/2025";"18:24:57";"185";"Com vítima";"5,009";"BR-153/PR";"Crescente";"Choque";0;0;0;1;0;0;0;0;0;0;0;1;0;0;0
"22/05/2025";"19:19:14";"192";"Com vítima";"277,150";"151/PR";"Decrescente";"Queda de moto";1;0;0;0;0;0;0;0;0;0;0;1;0;0;0
"22/05/2025";"20:22:34";"200";"Sem vítima";"280,010";"151/PR";"Crescente";"Colisão traseira";0;0;0;0;0;0;0;0;0;1;4;0;0;0;0
"23/05/2025";"02:08:11";"15";"Com vítima";"3,151";"407/PR";"Crescente";"Engavetamento";0;1;0;1;0;0;0;0;0;0;0;0;0;0;1
"23/05/2025";"08:09:47";"72";"Com vítima";"83,220";"BR-277/PR";"Crescente";"Colisão frontal";1;0;0;1;0;0;0;0;0;0;1;1;0;0;0
"23/05/2025";"10:51:29";"109";"Sem vítima";"21,900";"BR-369/PR";"Crescente";"Capotamento";1;0;0;0;0;0;0;0;0;0;2;0;0;0;0
"23/05/2025";"12:59:02";"132";"Sem vítima";"31,300";"BR-277/PR";"Decrescente";"Tombamento";0;0;1;0;0;0;0;0;0;0;1;0;0;0;0
"23/05/2025";"15:09:24";"152";"Com vítima";"3,090";"508/PR";"Crescente";"Capotamento";1;0;0;0;0;0;0;0;0;0;0;1;0;0;0
"23/05/2025";"17:04:28";"174";"Sem vítima";"82,780";"BR-277/PR";"Decrescente";"Colisão frontal";1;0;0;0;0;0;0;0;0;0;2;0;0;0;0
"23/05/2025";"19:25:27";"197";"Sem vítima";"67,900";"BR-277/PR";"Crescente";"Atropelamento de pedestre";1;0;0;0;0;0;0;0;0;0;2;0;0;0;0
"24/05/2025";"02:27:37";"17";"Sem vítima";"290,320";"151/PR";"Decrescente";"Choque";1;0;0;0;0;0;0;0;0;0;1;0;0;0;0
"24/05/2025";"05:32:30";"30";"Com vítima";"38,100";"BR-277/PR";"Crescente";"Queda de moto";1;0;0;0;0;0;0;0;0;0;4;1;0;0;0
"24/05/2025";"06:09:23";"32";"Com vítima";"286,860";"151/PR";"Crescente";"Queda de moto";0;0;0;1;0;0;0;0;0;0;0;0;1;0;0
"24/05/2025";"08:19:27";"56";"Sem vítima";"26,612";"BR-277/PR";"Decrescente";"Acidentes de outra natureza";1;0;0;0;0;0;0;0;0;0;1;0;0;0;0
"24/05/2025";"10:57:47";"89";"Sem vítima";"34,276";"BR-277/PR";"Decrescente";"Colisão frontal";1;0;0;0;0;0;0;0;0;0;3;0;0;0;0
"24/05/2025";"12:13:09";"107";"Com vítima";"0,593";"508/PR";"Crescente";"Colisão frontal";1;0;0;1;0;0;0;0;0;0;0;0;2;0;0
"24/05/2025";"12:45:32";"111";"Sem vítima";"1,630";"BR-277/PR";"Decrescente";"Colisão frontal";1;0;0;1;0;0;0;0;0;0;2;0;0;0;0
"24/05/2025";"12:55:57";"113";"Sem vítima";"33,360";"BR-277/PR";"Decrescente";"Acidentes de outra natureza";1;0;0;0;0;0;0;0;0;0;2;0;0;0;0
"24/05/2025";"13:07:20";"116";"Sem vítima";"24,100";"BR-277/PR";"Crescente";"Choque";1;0;0;0;0;0;0;0;0;0;3;0;0;0;0
"24/05/2025";"14:31:50";"132";"Com vítima";"7,210";"408/PR";"Crescente";"Capotamento";1;0;0;0;0;0;0;0;0;0;0;1;1;0;0
"24/05/2025";"15:46:16";"147";"Com vítima";"5,172";"239/PR";"Crescente";"Choque";0;0;0;1;0;0;0;0;0;0;0;1;0;0;0
"24/05/2025";"19:45:02";"178";"Sem vítima";"36,800";"BR-277/PR";"Crescente";"Choque";1;0;0;0;0;0;0;0;0;0;3;0;0;0;0
"24/05/2025";"20:51:08";"188";"Com vítima";"310,880";"151/PR";"Decrescente";"Atropelamento de pedestre";1;0;0;0;0;0;0;0;0;0;1;0;1;0;0
"25/05/2025";"00:57:51";"9";"Sem vítima";"302,780";"151/PR";"Crescente";"Acidentes de outra natureza";1;0;0;0;0;0;0;0;0;0;3;0;0;0;0
"25/05/2025";"01:21:01";"11";"Com vítima";"234,880";"092/PR";"Crescente";"Acidentes de outra natureza";1;0;0;0;0;0;0;0;0;0;0;1;0;0;0
"25/05/2025";"04:51:43";"22";"Sem vítima";"2,700";"BR-277/PR";"Decrescente";"Colisão frontal";1;0;1;0;0;0;0;0;0;0;3;0;0;0;0
"25/05/2025";"05:01:52";"23";"Sem vítima";"12,500";"407/PR";"Crescente";"Engavetamento";2;0;0;0;0;0;0;0;0;0;5;0;0;0;0
"25/05/2025";"16:53:58";"143";"Sem vítima";"42,200";"BR-277/PR";"Decrescente";"Queda de moto";0;0;0;1;0;0;0;0;0;0;1;0;0;0;0
"26/05/2025";"06:58:30";"34";"Com vítima";"83,200";"BR-277/PR";"Crescente";"Colisão frontal";1;0;0;1;0;0;0;0;0;0;1;1;0;0;0
"26/05/2025";"09:29:40";"81";"Com vítima";"4,009";"BR-277/PR";"Decrescente";"Queda de moto";0;0;0;1;0;0;0;0;0;0;0;1;0;0;0
"26/05/2025";"14:11:13";"136";"Com vítima";"47,150";"BR-369/PR";"Decrescente";"Choque";0;0;1;0;0;0;0;0;0;0;0;0;1;1;0
"26/05/2025";"16:06:09";"151";"Sem vítima";"74,010";"BR-277/PR";"Crescente";"Colisão frontal";1;1;0;0;0;0;0;0;0;0;1;0;0;0;0
"26/05/2025";"18:51:11";"175";"Com vítima";"58,229";"BR-277/PR";"Decrescente";"Colisão traseira";0;1;1;0;0;0;0;0;0;0;2;0;0;1;0
"27/05/2025";"09:06:20";"72";"Sem vítima";"83,500";"BR-277/PR";"Crescente";"Colisão frontal";1;0;0;1;0;0;0;0;0;0;2;0;0;0;0
"27/05/2025";"10:18:25";"89";"Sem vítima";"75,256";"BR-277/PR";"Decrescente";"Colisão frontal";1;0;1;0;0;0;0;0;0;0;2;0;0;0;0
"27/05/2025";"16:10:29";"139";"Com vítima";"206,500";"092/PR";"Decrescente";"Colisão traseira";0;0;0;1;0;0;0;0;0;0;0;2;0;0;0
"27/05/2025";"16:19:00";"141";"Sem vítima";"27,010";"BR-277/PR";"Decrescente";"Choque";1;0;0;0;0;0;0;0;0;0;2;0;0;0;0
"27/05/2025";"22:46:24";"164";"Sem vítima";"46,695";"BR-153/PR";"Crescente";"Colisão frontal";1;0;0;0;0;0;0;0;0;0;1;0;0;0;0
"28/05/2025";"04:54:53";"14";"Sem vítima";"19,658";"BR-277/PR";"Decrescente";"Tombamento";0;0;1;0;0;0;0;0;0;0;1;0;0;0;0
"28/05/2025";"07:15:40";"44";"Sem vítima";"82,950";"BR-277/PR";"Crescente";"Colisão frontal";1;0;0;1;0;0;0;0;0;0;3;0;0;0;0
"28/05/2025";"11:30:23";"98";"Sem vítima";"182,260";"151/PR";"Crescente";"Choque";1;0;0;0;0;0;0;0;0;0;1;0;0;0;0
"29/05/2025";"00:05:58";"1";"Com vítima";"0,665";"BR-277/PR";"Decrescente";"Colisão frontal";0;1;0;1;0;0;0;0;0;0;0;1;0;0;0
"29/05/2025";"06:41:23";"43";"Com vítima";"1,698";"BR-153/PR";"Crescente";"Choque";0;0;1;0;0;0;0;0;0;0;0;2;0;0;0
"29/05/2025";"06:42:18";"44";"Com vítima";"38,620";"BR-277/PR";"Crescente";"Choque";0;0;1;0;0;0;0;0;0;0;0;1;0;0;0
"29/05/2025";"09:08:58";"110";"Sem vítima";"83,300";"BR-277/PR";"Crescente";"Colisão frontal";2;0;0;0;0;0;0;0;0;0;3;0;0;0;0