data;horario;n_da_ocorrencia;tipo_de_ocorrencia;km;trecho;sentido;tipo_de_acidente;automovel;bicicleta;caminhao;moto;onibus;outros;tracao_animal;transporte_de_cargas_especiais;trator_maquinas;utilitarios;ilesos;levemente_feridos;moderadamente_feridos;gravemente_feridos;mortos
"29/05/2025";"10:40:48";"133";"Sem vítima";"69,202";"BR-277/PR";"Crescente";"Colisão frontal";0;0;2;0;0;0;0;0;0;0;2;0;0;0;0
"29/05/2025";"11:02:40";"139";"Com vítima";"49,680";"BR-369/PR";"Crescente";"Queda de moto";0;0;0;1;0;0;0;0;0;0;0;1;0;0;0
"29/05/2025";"13:39:44";"173";"Sem vítima";"41,610";"BR-277/PR";"Decrescente";"Queda de moto";0;0;0;1;0;0;0;0;0;1;2;0;0;0;0
"29/05/2025";"17:20:58";"221";"Com vítima";"213,150";"151/PR";"Crescente";"Colisão frontal";2;0;0;0;0;0;0;0;0;0;2;1;0;0;0
"29/05/2025";"17:27:30";"222";"Sem vítima";"70,720";"BR-277/PR";"Crescente";"Colisão frontal";2;0;0;0;0;0;0;0;0;0;2;0;0;0;0
"29/05/2025";"22:35:13";"264";"Sem vítima";"311,500";"151/PR";"Crescente";"Acidentes de outra natureza";1;0;0;0;0;0;0;0;0;0;1;0;0;0;0
"30/05/2025";"06:32:17";"40";"Com vítima";"294,400";"092/PR";"Decrescente";"Colisão frontal";1;0;1;0;0;0;0;0;0;0;1;2;0;0;0
"30/05/2025";"06:39:00";"43";"Sem vítima";"3,907";"BR-153/PR";"Decrescente";"Choque";1;0;0;0;0;0;0;0;0;0;0;0;0;0;0
"30/05/2025";"06:58:19";"57";"Sem vítima";"215,010";"151/PR";"Decrescente";"Colisão frontal";1;0;1;0;0;0;0;0;0;0;2;0;0;0;0
"30/05/2025";"10:05:11";"101";"Sem vítima";"256,000";"092/PR";"Crescente";"Choque";1;0;0;0;0;0;0;0;0;0;0;0;0;0;0
"30/05/2025";"15:06:00";"146";"Sem vítima";"28,010";"BR-277/PR";"Crescente";"Acidentes de outra natureza";1;0;0;0;0;0;0;0;0;0;1;0;0;0;0
"30/05/2025";"16:01:26";"154";"Com vítima";"83,080";"BR-277/PR";"Decrescente";"Colisão frontal";2;0;0;1;0;0;0;0;0;0;2;0;2;0;0
"30/05/2025";"16:58:19";"159";"Com vítima";"14,100";"BR-369/PR";"Decrescente";"Queda de moto";0;0;0;1;0;0;0;0;0;0;0;1;0;0;0
"30/05/2025";"17:31:33";"165";"Com vítima";"294,000";"151/PR";"Crescente";"Queda de moto";0;0;0;1;0;0;0;0;0;0;0;1;0;0;0
"30/05/2025";"18:52:55";"176";"Sem vítima";"268,500";"092/PR";"Decrescente";"Colisão traseira";1;0;0;0;0;0;0;0;0;0;4;0;0;0;0
"31/05/2025";"01:31:34";"28";"Com vítima";"219,680";"092/PR";"Crescente";"Colisão traseira";1;0;0;0;0;0;0;0;0;0;0;0;2;0;0
"31/05/2025";"02:06:46";"31";"Sem vítima";"213,310";"092/PR";"Decrescente";"Queda de moto";1;0;0;0;0;0;0;0;0;0;1;0;0;0;0
"31/05/2025";"07:05:29";"51";"Sem vítima";"1,000";"BR-369/PR";"Decrescente";"Capotamento";0;0;0;1;0;0;0;0;0;0;0;0;0;0;0
"31/05/2025";"08:08:42";"69";"Sem vítima";"289,800";"151/PR";"Decrescente";"Choque";1;0;0;0;0;0;0;0;0;0;4;0;0;0;0
"31/05/2025";"10:58:32";"106";"Com vítima";"239,698";"092/PR";"Decrescente";"Colisão frontal";1;0;1;0;0;0;0;0;0;0;1;1;0;0;0
"31/05/2025";"18:38:36";"170";"Com vítima";"45,380";"BR-277/PR";"Crescente";"Queda de moto";0;0;0;1;0;0;0;0;0;0;0;0;2;0;0
"31/05/2025";"18:46:08";"171";"Sem vítima";"74,900";"BR-277/PR";"Decrescente";"Colisão traseira";1;0;0;1;0;0;0;0;0;0;2;0;0;0;0
"31/05/2025";"20:00:58";"179";"Com vítima";"6,580";"BR-277/PR";"Decrescente";"Colisão frontal";0;1;0;2;0;0;0;0;0;0;0;2;1;0;0
"31/05/2025";"22:51:38";"191";"Sem vítima";"65,900";"BR-277/PR";"Decrescente";"Engavetamento";1;0;0;1;0;0;0;0;0;1;3;0;0;0;0
"31/05/2025";"23:39:46";"197";"Com vítima";"25,060";"BR-153/PR";"Crescente";"Choque";1;0;0;0;0;0;0;0;0;0;0;1;0;1;0
"01/06/2025";"02:19:36";"19";"Com vítima";"240,540";"092/PR";"Crescente";"Colisão frontal";1;0;1;0;0;0;0;0;0;0;1;1;0;0;0
"01/06/2025";"09:39:15";"51";"Sem vítima";"36,800";"BR-277/PR";"Decrescente";"Acidentes de outra natureza";0;0;1;0;0;0;0;0;0;0;2;0;0;0;0
"01/06/2025";"14:49:21";"88";"Com vítima";"7,000";"508/PR";"Decrescente";"Colisão frontal";2;0;0;0;0;0;0;0;0;0;0;3;0;0;0
"02/06/2025";"07:50:00";"56";"Com vítima";"0,484";"BR-277/PR";"Decrescente";"Colisão frontal";1;0;0;1;0;0;0;0;0;0;1;1;0;0;0
"02/06/2025";"08:39:45";"85";"Com vítima";"78,850";"BR-277/PR";"Decrescente";"Colisão frontal";1;0;0;0;1;0;0;0;0;0;0;2;0;0;0
"02/06/2025";"10:08:05";"109";"Sem vítima";"31,504";"BR-277/PR";"Crescente";"Choque";1;0;0;0;0;0;0;0;0;0;3;0;0;0;0
"02/06/2025";"13:47:43";"157";"Sem vítima";"72,100";"BR-277/PR";"Decrescente";"Choque";1;0;0;0;0;0;0;0;0;0;2;0;0;0;0
"02/06/2025";"14:39:12";"166";"Sem vítima";"6,990";"BR-277/PR";"Decrescente";"Colisão frontal";1;0;1;0;0;0;0;0;0;0;2;0;0;0;0
"02/06/2025";"17:14:47";"187";"Com vítima";"280,706";"092/PR";"Crescente";"Colisão frontal";2;0;0;0;0;0;0;0;0;0;1;2;0;0;0
"03/06/2025";"06:20:35";"29";"Com vítima";"70,360";"BR-277/PR";"Crescente";"Colisão frontal";0;0;0;1;0;0;0;0;0;0;0;1;0;0;0
"03/06/2025";"06:21:06";"30";"Com vítima";"70,360";"BR-277/PR";"Crescente";"Colisão frontal";0;0;0;1;0;0;0;0;0;0;0;1;0;0;0
"03/06/2025";"07:25:12";"46";"Com vítima";"8,050";"407/PR";"Crescente";"Queda de moto";0;0;0;1;0;0;0;0;0;0;0;1;0;0;0
"03/06/2025";"09:35:15";"73";"Com vítima";"280,423";"092/PR";"Decrescente";"Colisão frontal";2;0;0;0;0;0;0;0;0;0;0;2;0;0;0
"03/06/2025";"09:47:49";"77";"Sem vítima";"12,300";"BR-277/PR";"Crescente";"Tombamento";0;0;0;0;1;0;0;0;0;0;1;0;0;0;0
"03/06/2025";"11:35:13";"101";"Sem vítima";"68,937";"BR-277/PR";"Crescente";"Colisão frontal";0;0;2;0;0;0;0;0;0;0;2;0;0;0;0
"03/06/2025";"12:36:34";"105";"Sem vítima";"1,500";"BR-277/PR";"Decrescente";"Colisão traseira";1;0;1;0;0;0;0;0;0;0;4;0;0;0;0
"03/06/2025";"13:03:25";"111";"Com vítima";"14,470";"BR-277/PR";"Decrescente";"Choque";1;0;0;0;0;0;0;0;0;0;3;1;0;0;0
"03/06/2025";"13:27:01";"118";"Com vítima";"21,400";"BR-369/PR";"Decrescente";"Capotamento";0;0;0;0;0;0;0;0;0;1;0;1;0;0;0
"03/06/2025";"13:57:31";"124";"Sem vítima";"1,400";"BR-369/PR";"Crescente";"Colisão frontal";1;0;0;0;0;0;0;0;0;2;3;0;0;0;0
"03/06/2025";"14:39:21";"132";"Sem vítima";"5,620";"BR-277/PR";"Decrescente";"Colisão frontal";0;0;2;0;0;0;0;0;0;0;2;0;0;0;0
"03/06/2025";"19:48:18";"179";"Sem vítima";"3,810";"BR-277/PR";"Decrescente";"Acidentes de outra natureza";1;0;0;0;0;0;0;0;0;0;1;0;0;0;0
"03/06/2025";"21:38:08";"193";"Com vítima";"87,224";"BR-369/PR";"Crescente";"Acidentes de outra natureza";0;0;0;0;0;0;0;0;0;0;0;0;0;0;0
"04/06/2025";"08:25:54";"61";"Com vítima";"214,820";"151/PR";"Decrescente";"Colisão frontal";1;0;0;1;0;0;0;0;0;0;1;1;0;0;0
"04/06/2025";"08:39:14";"69";"Sem vítima";"304,420";"151/PR";"Crescente";"Colisão frontal";1;0;0;1;0;0;0;0;0;0;2;0;0;0;0
"04/06/2025";"12:04:54";"107";"Sem vítima";"70,000";"BR-277/PR";"Crescente";"Acidentes de outra natureza";0;0;0;0;0;0;0;0;0;0;0;0;0;0;0
"04/06/2025";"15:55:36";"141";"Sem vítima";"24,100";"BR-153/PR";"Decrescente";"Colisão frontal";1;0;0;0;0;0;0;0;0;1;2;0;0;0;0
"04/06/2025";"17:52:06";"158";"Sem vítima";"307,600";"092/PR";"Crescente";"Colisão frontal";2;0;0;0;0;0;0;0;0;0;3;0;0;0;0
"04/06/2025";"21:48:17";"192";"Sem vítima";"276,130";"092/PR";"Crescente";"Queda de moto";1;0;0;0;0;0;0;0;0;0;0;0;0;0;0
"04/06/2025";"22:21:34";"195";"Sem vítima";"36,800";"BR-277/PR";"Decrescente";"Acidentes de outra natureza";0;0;1;0;0;0;0;0;0;0;1;0;0;0;0
"05/06/2025";"08:20:55";"60";"Sem vítima";"71,010";"BR-277/PR";"Decrescente";"Choque";1;0;0;0;0;0;0;0;0;0;1;0;0;0;0
"05/06/2025";"08:23:11";"62";"Sem vítima";"70,102";"BR-277/PR";"Crescente";"Acidentes de outra natureza";1;0;0;0;0;0;0;0;0;0;1;0;0;0;0
"05/06/2025";"10:02:21";"87";"Sem vítima";"307,180";"151/PR";"Crescente";"Colisão traseira";1;0;0;0;0;0;0;0;0;0;2;0;0;0;0
"05/06/2025";"16:06:31";"136";"Com vítima";"27,264";"BR-277/PR";"Crescente";"Capotamento";1;0;0;0;0;0;0;0;0;0;0;0;1;0;0
"05/06/2025";"16:43:58";"142";"Sem vítima";"38,009";"BR-277/PR";"Crescente";"Capotamento";1;0;0;0;0;0;0;0;0;0;1;0;0;0;0
"05/06/2025";"17:19:44";"149";"Sem vítima";"297,100";"151/PR";"Decrescente";"Capotamento";1;0;0;0;0;0;0;0;0;0;1;0;0;0;0
"05/06/2025";"18:27:09";"152";"Com vítima";"10,010";"BR-369/PR";"Crescente";"Queda de moto";0;0;0;1;0;0;0;0;0;0;0;1;0;0;0
"05/06/2025";"18:34:43";"153";"Sem vítima";"260,550";"151/PR";"Decrescente";"Queda de moto";1;0;0;0;0;0;0;0;0;0;1;0;0;0;0
"05/06/2025";"20:32:19";"168";"Sem vítima";"63,500";"BR-277/PR";"Decrescente";"Colisão frontal";1;0;0;0;0;0;0;0;0;1;2;0;0;0;0
"05/06/2025";"20:57:13";"173";"Sem vítima";"73,800";"BR-369/PR";"Decrescente";"Queda de moto";1;0;0;0;0;0;0;0;0;0;1;0;0;0;0
"06/06/2025";"06:29:55";"37";"Com vítima";"4,210";"BR-277/PR";"Crescente";"Colisão frontal";0;0;1;1;0;0;0;0;0;0;1;1;0;0;0
"06/06/2025";"07:55:54";"60";"Sem vítima";"276,100";"092/PR";"Decrescente";"Choque";0;0;1;0;0;0;0;0;0;0;1;0;0;0;0
"06/06/2025";"08:05:27";"64";"Sem vítima";"31,482";"BR-277/PR";"Crescente";"Choque";1;0;0;0;0;0;0;0;0;0;2;0;0;0;0
"06/06/2025";"13:16:13";"152";"Sem vítima";"39,900";"BR-277/PR";"Crescente";"Acidentes de outra natureza";1;0;0;0;0;0;0;0;0;0;1;0;0;0;0
"06/06/2025";"14:39:46";"180";"Sem vítima";"82,452";"BR-277/PR";"Crescente";"Colisão frontal";0;0;0;2;0;0;0;0;0;0;2;0;0;0;0
"06/06/2025";"16:19:29";"191";"Sem vítima";"1,470";"BR-277/PR";"Decrescente";"Colisão frontal";1;0;1;0;0;0;0;0;0;0;2;0;0;0;0
"06/06/2025";"16:43:35";"197";"Com vítima";"0,100";"BR-153/PR";"Crescente";"Tombamento";0;0;1;0;0;0;0;0;0;0;0;1;0;0;0
"06/06/2025";"17:05:28";"201";"Com vítima";"312,480";"151/PR";"Crescente";"Colisão frontal";1;1;0;0;0;0;0;0;0;0;2;0;0;0;0
"06/06/2025";"22:05:08";"235";"Sem vítima";"60,250";"BR-277/PR";"Crescente";"Colisão frontal";2;0;0;0;0;0;0;0;0;0;5;0;0;0;0
"07/06/2025";"01:54:19";"14";"Com vítima";"290,692";"151/PR";"Decrescente";"Colisão frontal";1;0;1;0;0;0;0;0;0;0;0;1;0;1;0
"07/06/2025";"02:45:22";"18";"Sem vítima";"11,900";"408/PR";"Decrescente";"Choque";1;0;0;0;0;0;0;0;0;0;0;0;0;0;0
"07/06/2025";"03:46:07";"23";"Sem vítima";"82,100";"BR-277/PR";"Crescente";"Colisão frontal";2;0;0;0;0;0;0;0;0;0;2;0;0;0;0
"07/06/2025";"04:55:39";"27";"Com vítima";"216,330";"151/PR";"Decrescente";"Capotamento";1;0;0;0;0;0;0;0;0;0;0;0;1;0;0
"07/06/2025";"05:45:12";"28";"Sem vítima";"12,700";"BR-277/PR";"Decrescente";"Acidentes de outra natureza";1;0;0;0;0;0;0;0;0;0;4;0;0;0;0
"07/06/2025";"08:28:03";"60";"Com vítima";"196,216";"151/PR";"Decrescente";"Colisão frontal";0;0;0;1;0;0;0;0;0;1;1;1;0;0;0
"07/06/2025";"11:01:40";"100";"Com vítima";"6,300";"BR-277/PR";"Decrescente";"Queda de moto";0;0;0;1;0;0;0;0;0;0;0;2;0;0;0
"07/06/2025";"11:34:16";"108";"Com vítima";"24,050";"BR-153/PR";"Crescente";"Colisão frontal";1;0;1;0;0;0;0;0;0;0;1;3;0;0;0
"07/06/2025";"12:20:25";"117";"Sem vítima";"55,655";"BR-277/PR";"Crescente";"Colisão frontal";1;0;1;0;0;0;0;0;0;0;2;0;0;0;0
"07/06/2025";"12:42:07";"123";"Sem vítima";"2,622";"BR-277/PR";"Crescente";"Colisão frontal";2;0;1;0;0;0;0;0;0;0;3;0;0;0;0
"07/06/2025";"13:40:34";"130";"Sem vítima";"3,519";"407/PR";"Crescente";"Choque";1;0;0;0;0;0;0;0;0;0;2;0;0;0;0
"07/06/2025";"16:43:36";"159";"Sem vítima";"33,850";"BR-277/PR";"Decrescente";"Colisão frontal";0;0;0;0;0;0;0;0;0;1;1;0;0;0;0
"07/06/2025";"18:45:32";"181";"Sem vítima";"70,200";"BR-277/PR";"Decrescente";"Acidentes de outra natureza";3;0;0;0;0;0;0;0;0;0;3;0;0;0;0
"07/06/2025";"20:27:50";"197";"Com vítima";"3,445";"BR-277/PR";"Decrescente";"Colisão frontal";1;0;2;0;0;0;0;0;0;0;2;0;4;0;0
"07/06/2025";"23:52:13";"219";"Sem vítima";"203,510";"092/PR";"Decrescente";"Colisão frontal";2;0;0;0;0;0;0;0;0;0;3;0;0;0;0
"08/06/2025";"02:36:22";"18";"Com vítima";"293,100";"092/PR";"Crescente";"Colisão frontal";3;0;0;0;0;0;0;0;0;0;1;2;0;0;0
"08/06/2025";"02:44:31";"19";"Sem vítima";"29,100";"BR-153/PR";"Crescente";"Capotamento";1;0;0;0;0;0;0;0;0;0;1;0;0;0;0
"08/06/2025";"02:57:14";"21";"Sem vítima";"204,754";"092/PR";"Decrescente";"Acidentes de outra natureza";1;0;0;0;0;0;0;0;0;0;2;0;0;0;0
"08/06/2025";"03:47:42";"25";"Sem vítima";"72,200";"BR-277/PR";"Decrescente";"Acidentes de outra natureza";1;0;0;0;0;0;0;0;0;0;2;0;0;0;0
"08/06/2025";"04:41:05";"28";"Com vítima";"46,200";"BR-277/PR";"Decrescente";"Choque";1;0;0;0;0;0;0;0;0;0;0;1;0;0;0
"08/06/2025";"04:52:43";"31";"Sem vítima";"316,200";"151/PR";"Decrescente";"Acidentes de outra natureza";1;0;0;0;0;0;0;0;0;0;2;0;0;0;0
"08/06/2025";"04:53:08";"32";"Sem vítima";"5,200";"408/PR";"Decrescente";"Acidentes de outra natureza";1;0;0;0;0;0;0;0;0;0;2;0;0;0;0
"08/06/2025";"05:18:32";"33";"Com vítima";"18,500";"BR-369/PR";"Crescente";"Acidentes de outra natureza";1;0;0;0;0;0;0;0;0;0;0;3;0;0;0
"08/06/2025";"09:18:29";"69";"Com vítima";"319,150";"151/PR";"Crescente";"Choque";1;0;0;0;0;0;0;0;0;0;0;1;0;0;0
"08/06/2025";"10:02:01";"82";"Com vítima";"83,730";"BR-277/PR";"Decrescente";"Capotamento";1;0;0;0;0;0;0;0;0;0;2;1;0;0;0
"08/06/2025";"14:34:34";"128";"Sem vítima";"262,331";"151/PR";"Decrescente";"Choque";1;0;0;0;0;0;0;0;0;0;1;0;0;0;0
"08/06/2025";"17:31:00";"168";"Sem vítima";"15,700";"407/PR";"Crescente";"Acidentes de outra natureza";1;0;0;0;0;0;0;0;0;0;4;0;0;0;0
"08/06/2025";"17:39:38";"169";"Sem vítima";"61,200";"BR-277/PR";"Decrescente";"Colisão traseira";1;0;0;0;0;0;0;0;0;0;2;0;0;0;0
"08/06/2025";"18:16:27";"178";"Sem vítima";"257,100";"151/PR";"Crescente";"Acidentes de outra natureza";1;0;0;0;0;0;0;0;0;0;2;0;0;0;0
"08/06/2025";"19:01:29";"186";"Com vítima";"65,600";"BR-277/PR";"Crescente";"Queda de moto";0;0;0;1;0;0;0;0;0;0;0;1;0;0;0
"08/06/2025";"20:22:11";"200";"Com vítima";"250,770";"092/PR";"Crescente";"Colisão frontal";0;0;1;1;0;0;0;0;0;0;1;1;0;0;0
"08/06/2025";"20:28:46";"202";"Com vítima";"255,910";"151/PR";"Decrescente";"Choque";1;0;1;0;0;0;0;0;0;0;2;1;0;0;0
"08/06/2025";"20:51:07";"204";"Com vítima";"72,100";"BR-277/PR";"Decrescente";"Colisão frontal";2;0;0;0;0;0;0;0;0;0;3;2;0;0;0
"08/06/2025";"22:26:28";"210";"Com vítima";"298,374";"092/PR";"Crescente";"Queda de moto";0;0;0;0;0;0;0;0;0;0;0;0;0;0;0
"08/06/2025";"22:26:39";"209";"Com vítima";"246,940";"092/PR";"Decrescente";"Acidentes de outra natureza";1;0;0;0;0;0;0;0;0;0;3;1;0;0;0
"08/06/2025";"23:22:23";"214";"Sem vítima";"201,200";"151/PR";"Decrescente";"Choque";0;0;1;0;0;0;0;0;0;0;1;0;0;0;0
"09/06/2025";"07:40:59";"50";"Com vítima";"85,236";"BR-369/PR";"Crescente";"Capotamento";1;0;0;0;0;0;0;0;0;0;0;1;0;0;0
"09/06/2025";"07:56:22";"58";"Com vítima";"65,800";"BR-277/PR";"Decrescente";"Colisão frontal";1;0;0;1;0;0;0;0;0;0;1;1;0;0;0
"09/06/2025";"10:32:30";"96";"Sem vítima";"311,800";"151/PR";"Decrescente";"Acidentes de outra natureza";0;0;1;0;0;0;0;0;0;0;1;0;0;0;0
"09/06/2025";"11:31:03";"105";"Sem vítima";"1,500";"BR-277/PR";"Crescente";"Colisão frontal";0;0;1;1;0;0;0;0;0;0;2;0;0;0;0
"09/06/2025";"14:45:34";"126";"Sem vítima";"297,000";"151/PR";"Decrescente";"Choque";0;0;0;0;0;0;0;0;0;1;1;0;0;0;0
"09/06/2025";"14:57:02";"130";"Sem vítima";"40,190";"BR-277/PR";"Decrescente";"Choque";1;0;0;0;0;0;0;0;0;0;1;0;0;0;0
"09/06/2025";"15:18:40";"133";"Sem vítima";"27,010";"BR-277/PR";"Crescente";"Colisão frontal";0;0;1;0;0;0;0;0;0;1;2;0;0;0;0
"09/06/2025";"15:48:06";"139";"Sem vítima";"316,010";"151/PR";"Decrescente";"Capotamento";1;0;0;0;0;0;0;0;0;0;1;0;0;0;0
"09/06/2025";"18:59:16";"163";"Com vítima";"25,420";"BR-277/PR";"Crescente";"Queda de moto";1;0;0;0;0;0;0;0;0;0;0;1;1;0;0
"09/06/2025";"21:25:11";"177";"Sem vítima";"31,010";"BR-277/PR";"Decrescente";"Queda de moto";1;0;0;0;0;0;0;0;0;0;4;0;0;0;0
"09/06/2025";"21:39:11";"178";"Sem vítima";"215,740";"151/PR";"Crescente";"Colisão frontal";0;0;2;0;0;0;0;0;0;0;2;0;0;0;0
"09/06/2025";"23:11:23";"184";"Sem vítima";"207,493";"092/PR";"Decrescente";"Choque";0;0;1;0;0;0;0;0;0;0;1;0;0;0;0
"10/06/2025";"02:58:32";"19";"Sem vítima";"322,100";"092/PR";"Decrescente";"Acidentes de outra natureza";1;0;0;0;0;0;0;0;0;0;3;0;0;0;0
"10/06/2025";"07:01:18";"34";"Com vítima";"80,030";"BR-277/PR";"Crescente";"Colisão traseira";0;0;0;2;0;0;0;0;0;0;2;4;0;0;0
"10/06/2025";"09:24:01";"62";"Com vítima";"10,000";"508/PR";"Crescente";"Tombamento";0;0;1;0;0;0;0;0;0;0;0;1;0;0;0
"10/06/2025";"18:34:42";"161";"Sem vítima";"76,010";"BR-277/PR";"Crescente";"Colisão traseira";1;0;0;0;0;0;0;0;0;0;2;0;0;0;0
"10/06/2025";"20:03:34";"176";"Sem vítima";"60,250";"BR-277/PR";"Crescente";"Colisão frontal";0;0;2;0;0;0;0;0;0;0;2;0;0;0;0
"10/06/2025";"21:07:27";"181";"Sem vítima";"54,010";"BR-277/PR";"Decrescente";"Colisão frontal";0;0;2;0;0;0;0;0;0;0;2;0;0;0;0
"10/06/2025";"21:45:55";"189";"Sem vítima";"52,010";"BR-277/PR";"Decrescente";"Colisão traseira";0;0;1;0;0;0;0;0;0;0;2;0;0;0;0
"11/06/2025";"06:59:31";"43";"Com vítima";"81,409";"BR-277/PR";"Crescente";"Queda de moto";0;0;0;1;0;0;0;0;0;0;0;1;0;0;0
"11/06/2025";"07:08:13";"45";"Com vítima";"1,310";"BR-277/PR";"Crescente";"Colisão traseira";1;0;0;1;0;0;0;0;0;0;2;2;0;0;0
"11/06/2025";"07:40:29";"63";"Com vítima";"216,130";"151/PR";"Decrescente";"Colisão frontal";0;0;2;0;0;0;0;0;0;0;1;1;0;0;0
"11/06/2025";"14:10:37";"150";"Sem vítima";"17,600";"BR-153/PR";"Crescente";"Colisão frontal";2;0;0;0;0;0;0;0;0;0;1;0;0;0;0
"11/06/2025";"17:00:45";"185";"Sem vítima";"0,670";"BR-277/PR";"Crescente";"Colisão traseira";0;0;0;0;0;0;0;0;0;1;2;0;0;0;0
"11/06/2025";"18:24:06";"197";"Sem vítima";"78,978";"BR-277/PR";"Decrescente";"Colisão frontal";1;0;0;0;0;0;0;0;0;0;1;0;0;0;0
"11/06/2025";"19:41:47";"204";"Sem vítima";"2,105";"BR-277/PR";"Decrescente";"Colisão traseira";0;0;1;0;0;0;0;0;0;0;2;0;0;0;0
"11/06/2025";"20:04:28";"206";"Com vítima";"54,915";"BR-277/PR";"Decrescente";"Acidentes de outra natureza";0;0;1;0;0;0;0;0;0;0;0;0;1;0;0
"11/06/2025";"21:05:01";"212";"Sem vítima";"44,925";"BR-277/PR";"Crescente";"Colisão frontal";0;0;2;0;0;0;0;0;0;0;2;0;0;0;0
"12/06/2025";"05:28:08";"32";"Sem vítima";"315,120";"151/PR";"Decrescente";"Choque";1;0;0;0;0;0;0;0;0;0;1;0;0;0;0
"12/06/2025";"08:57:30";"91";"Com vítima";"1,422";"BR-153/PR";"Crescente";"Queda de moto";0;0;0;1;0;0;0;0;0;0;0;1;0;0;0
"12/06/2025";"14:55:21";"171";"Sem vítima";"184,900";"151/PR";"Decrescente";"Colisão frontal";1;0;0;0;0;0;0;0;0;0;1;0;0;0;0
"12/06/2025";"18:05:43";"203";"Com vítima";"8,260";"BR-277/PR";"Decrescente";"Colisão frontal";1;0;1;0;0;0;0;0;0;0;2;1;0;0;0
"12/06/2025";"18:25:18";"204";"Com vítima";"311,188";"151/PR";"Crescente";"Atropelamento de pedestre";0;0;0;0;0;0;0;0;0;0;0;0;0;0;1
"12/06/2025";"18:35:43";"205";"Sem vítima";"62,110";"BR-277/PR";"Crescente";"Acidentes de outra natureza";1;0;0;0;0;0;0;0;0;0;1;0;0;0;0
"13/06/2025";"03:58:11";"27";"Sem vítima";"29,300";"BR-153/PR";"Crescente";"Choque";1;0;0;0;0;0;0;0;0;0;2;0;0;0;0
"13/06/2025";"04:46:41";"34";"Com vítima";"35,085";"BR-153/PR";"Crescente";"Choque";1;0;0;0;0;0;0;0;0;0;1;1;0;0;0
"13/06/2025";"07:49:10";"68";"Sem vítima";"83,015";"BR-277/PR";"Crescente";"Colisão frontal";1;0;0;1;0;0;0;0;0;0;2;0;0;0;0
"13/06/2025";"08:03:44";"72";"Com vítima";"3,500";"BR-277/PR";"Crescente";"Colisão frontal";0;0;1;1;0;0;0;0;0;0;1;1;0;0;0
"13/06/2025";"10:06:53";"98";"Sem vítima";"73,950";"BR-277/PR";"Decrescente";"Choque";1;0;0;0;0;0;0;0;0;0;0;0;0;0;0
"13/06/2025";"13:12:08";"127";"Com vítima";"280,500";"092/PR";"Crescente";"Colisão traseira";0;0;0;1;0;0;0;0;0;0;0;2;0;0;0
"13/06/2025";"16:11:51";"151";"Sem vítima";"37,847";"BR-153/PR";"Decrescente";"Tombamento";0;0;1;0;0;0;0;0;0;0;1;0;0;0;0
"13/06/2025";"16:23:01";"153";"Sem vítima";"23,165";"BR-277/PR";"Decrescente";"Colisão frontal";0;0;2;0;0;0;0;0;0;0;2;0;0;0;0
"13/06/2025";"16:45:13";"156";"Sem vítima";"276,871";"092/PR";"Crescente";"Colisão frontal";0;0;0;0;0;0;0;0;0;2;5;0;0;0;0
"13/06/2025";"18:16:38";"166";"Sem vítima";"80,100";"BR-277/PR";"Decrescente";"Colisão frontal";0;0;1;1;0;0;0;0;0;0;2;0;0;0;0
"13/06/2025";"18:34:29";"172";"Sem vítima";"73,300";"BR-277/PR";"Crescente";"Colisão traseira";1;0;0;0;0;0;0;0;0;0;2;0;0;0;0
"13/06/2025";"18:51:10";"176";"Com vítima";"75,300";"BR-277/PR";"Crescente";"Colisão frontal";1;0;0;1;0;0;0;0;0;1;2;1;0;0;0
"13/06/2025";"19:08:47";"180";"Com vítima";"254,500";"151/PR";"Crescente";"Colisão frontal";1;0;0;0;0;0;0;0;0;1;3;3;1;0;0
"13/06/2025";"19:56:08";"184";"Sem vítima";"80,500";"BR-277/PR";"Crescente";"Colisão traseira";1;0;0;0;0;0;0;0;0;0;2;0;0;0;0
"13/06/2025";"21:49:16";"197";"Sem vítima";"306,100";"151/PR";"Decrescente";"Choque";1;0;0;0;0;0;0;0;0;0;1;0;0;0;0
"13/06/2025";"22:55:22";"204";"Sem vítima";"36,300";"BR-277/PR";"Decrescente";"Choque";0;0;1;0;0;0;0;0;0;0;1;0;0;0;0
"14/06/2025";"12:04:40";"87";"Sem vítima";"276,000";"151/PR";"Crescente";"Capotamento";1;0;0;0;0;0;0;0;0;0;1;0;0;0;0
"14/06/2025";"14:04:44";"98";"Sem vítima";"6,128";"508/PR";"Crescente";"Colisão frontal";1;0;0;1;0;0;0;0;0;0;2;0;0;0;0
"14/06/2025";"18:37:38";"137";"Com vítima";"23,294";"BR-369/PR";"Crescente";"Engavetamento";1;0;0;1;0;0;0;0;0;0;1;1;0;1;0
"14/06/2025";"18:39:49";"138";"Com vítima";"82,010";"BR-277/PR";"Crescente";"Colisão frontal";1;0;0;1;0;0;0;0;0;0;1;1;0;0;0