data;horario;n_da_ocorrencia;tipo_de_ocorrencia;km;trecho;sentido;tipo_de_acidente;automovel;bicicleta;caminhao;moto;onibus;outros;tracao_animal;transporte_de_cargas_especiais;trator_maquinas;utilitarios;ilesos;levemente_feridos;moderadamente_feridos;gravemente_feridos;mortos
"14/06/2025";"19:08:09";"142";"Com vítima";"65,900";"BR-277/PR";"Decrescente";"Colisão frontal";1;0;0;1;0;0;0;0;0;0;1;1;0;0;0
"14/06/2025";"19:15:42";"145";"Sem vítima";"26,010";"508/PR";"Crescente";"Atropelamento de animal";1;0;0;0;0;0;0;0;0;0;1;0;0;0;0
"14/06/2025";"21:27:07";"160";"Sem vítima";"76,010";"BR-277/PR";"Crescente";"Choque";1;0;0;0;0;0;0;0;0;0;1;0;0;0;0
"14/06/2025";"22:35:14";"168";"Com vítima";"3,280";"BR-277/PR";"Decrescente";"Acidentes de outra natureza";0;0;0;0;0;0;0;0;0;0;0;0;0;0;0
"14/06/2025";"22:48:57";"169";"Sem vítima";"2,800";"508/PR";"Decrescente";"Atropelamento de animal";1;0;0;0;0;0;0;0;0;0;1;0;0;0;0
"15/06/2025";"05:16:11";"28";"Sem vítima";"285,500";"092/PR";"Crescente";"Choque";0;0;1;0;0;0;0;0;0;0;1;0;0;0;0
"15/06/2025";"05:38:59";"31";"Sem vítima";"82,010";"BR-369/PR";"Decrescente";"Choque";1;0;0;0;0;0;0;0;0;0;1;0;0;0;0
"15/06/2025";"05:43:19";"32";"Com vítima";"38,894";"BR-369/PR";"Crescente";"Colisão frontal";1;0;0;0;0;0;0;0;0;0;0;0;1;0;0
"15/06/2025";"06:53:27";"35";"Sem vítima";"79,180";"BR-277/PR";"Decrescente";"Colisão frontal";2;0;0;0;0;0;0;0;0;0;2;0;0;0;0
"15/06/2025";"09:11:20";"49";"Sem vítima";"310,000";"151/PR";"Crescente";"Choque";1;0;0;0;0;0;0;0;0;0;1;0;0;0;0
"15/06/2025";"12:49:03";"79";"Sem vítima";"230,135";"151/PR";"Crescente";"Tombamento";0;0;1;0;0;0;0;0;0;0;0;0;0;0;0
"15/06/2025";"15:24:54";"96";"Sem vítima";"14,200";"BR-369/PR";"Decrescente";"Choque";1;0;0;0;0;0;0;0;0;0;1;0;0;0;0
"15/06/2025";"19:41:34";"119";"Com vítima";"24,010";"508/PR";"Crescente";"Colisão frontal";0;1;0;1;0;0;0;0;0;0;0;1;0;0;0
"15/06/2025";"22:37:38";"143";"Sem vítima";"1,400";"BR-369/PR";"Decrescente";"Colisão frontal";1;0;1;0;0;0;0;0;0;0;4;0;0;0;0
"16/06/2025";"03:06:48";"13";"Sem vítima";"5,300";"BR-277/PR";"Crescente";"Engavetamento";0;0;2;0;0;0;0;0;0;0;2;0;0;0;0
"16/06/2025";"07:06:47";"40";"Com vítima";"2,130";"BR-277/PR";"Decrescente";"Colisão traseira";1;0;0;1;0;0;0;0;0;0;2;2;0;0;0
"16/06/2025";"07:18:27";"45";"Com vítima";"80,080";"BR-277/PR";"Crescente";"Colisão frontal";0;0;0;1;0;0;0;0;0;0;0;1;0;0;0
"16/06/2025";"11:00:21";"118";"Sem vítima";"29,200";"BR-277/PR";"Decrescente";"Colisão traseira";0;0;0;0;0;0;0;0;0;1;2;0;0;0;0
"16/06/2025";"17:51:01";"195";"Sem vítima";"14,400";"BR-369/PR";"Decrescente";"Colisão frontal";0;0;0;0;0;0;0;0;0;2;3;0;0;0;0
"16/06/2025";"19:40:35";"204";"Sem vítima";"308,480";"092/PR";"Crescente";"Colisão frontal";2;0;0;0;0;0;0;0;0;0;2;0;0;0;0
"17/06/2025";"03:23:30";"18";"Sem vítima";"72,190";"BR-277/PR";"Decrescente";"Atropelamento de animal";0;0;0;0;0;0;0;0;0;1;1;0;0;0;0
"17/06/2025";"07:17:19";"53";"Sem vítima";"36,729";"BR-277/PR";"Crescente";"Choque";0;0;1;0;0;0;0;0;0;0;1;0;0;0;0
"17/06/2025";"07:47:25";"64";"Com vítima";"82,760";"BR-277/PR";"Crescente";"Queda de moto";0;0;0;1;0;0;0;0;0;0;0;1;1;0;0
"17/06/2025";"10:01:57";"102";"Com vítima";"305,850";"092/PR";"Decrescente";"Colisão frontal";0;0;0;1;0;0;0;0;0;1;1;1;0;0;0
"17/06/2025";"18:05:37";"203";"Sem vítima";"22,100";"BR-153/PR";"Crescente";"Colisão frontal";1;0;0;1;0;0;0;0;0;0;2;0;0;0;0
"17/06/2025";"20:53:07";"228";"Sem vítima";"253,110";"151/PR";"Crescente";"Engavetamento";1;0;1;0;0;0;0;0;0;0;5;0;0;0;0
"17/06/2025";"23:03:23";"240";"Com vítima";"9,380";"408/PR";"Crescente";"Engavetamento";0;0;0;2;0;0;0;0;0;0;0;0;0;1;1
"18/06/2025";"09:08:53";"80";"Com vítima";"5,009";"BR-277/PR";"Decrescente";"Colisão traseira";0;0;1;0;1;0;0;0;0;0;3;3;0;0;0
"18/06/2025";"12:14:41";"113";"Sem vítima";"64,000";"BR-369/PR";"Crescente";"Colisão traseira";1;0;0;1;0;0;0;0;0;0;2;0;0;0;0
"18/06/2025";"14:45:21";"145";"Sem vítima";"3,807";"BR-277/PR";"Decrescente";"Colisão traseira";1;0;0;1;0;0;0;0;0;0;2;0;0;0;0
"18/06/2025";"18:48:58";"194";"Com vítima";"81,010";"BR-277/PR";"Decrescente";"Colisão frontal";0;0;0;1;0;0;0;0;0;0;1;0;1;0;0
"18/06/2025";"18:59:54";"197";"Sem vítima";"76,010";"BR-277/PR";"Crescente";"Engavetamento";3;0;0;0;0;0;0;0;0;0;3;0;0;0;0
"18/06/2025";"20:56:52";"208";"Com vítima";"217,964";"151/PR";"Decrescente";"Colisão frontal";1;0;1;0;0;0;0;0;0;0;0;2;0;0;0
"19/06/2025";"01:16:59";"12";"Sem vítima";"30,260";"BR-277/PR";"Decrescente";"Saída de pista";1;0;0;0;0;0;0;0;0;0;2;0;0;0;0
"19/06/2025";"03:21:41";"21";"Sem vítima";"70,819";"BR-277/PR";"Crescente";"Capotamento";1;0;0;0;0;0;0;0;0;0;1;0;0;0;0
"19/06/2025";"08:25:04";"44";"Sem vítima";"223,340";"151/PR";"Crescente";"Colisão traseira";0;0;1;0;0;0;0;0;0;0;2;0;0;0;0
"19/06/2025";"08:49:01";"49";"Com vítima";"213,603";"092/PR";"Crescente";"Tombamento";0;0;1;0;0;0;0;0;0;0;0;1;0;0;0
"19/06/2025";"15:23:14";"112";"Com vítima";"14,550";"408/PR";"Decrescente";"Colisão traseira";0;0;1;1;0;0;0;0;0;0;0;2;0;0;0
"19/06/2025";"17:06:34";"125";"Sem vítima";"2,000";"BR-277/PR";"Decrescente";"Colisão traseira";1;0;1;0;0;0;0;0;0;0;4;0;0;0;0
"19/06/2025";"18:18:02";"131";"Com vítima";"0,400";"508/PR";"Crescente";"Colisão frontal";0;0;0;0;0;0;0;0;0;0;0;0;0;0;0
"19/06/2025";"18:53:14";"140";"Com vítima";"311,214";"151/PR";"Crescente";"Queda de moto";1;0;0;0;0;0;0;0;0;0;0;0;0;1;0
"19/06/2025";"22:40:41";"170";"Com vítima";"17,480";"BR-369/PR";"Decrescente";"Atropelamento de animal";1;0;0;0;0;0;0;0;0;0;8;2;0;0;0
"19/06/2025";"23:34:43";"175";"Com vítima";"68,159";"BR-277/PR";"Crescente";"Colisão frontal";1;0;1;0;0;0;0;0;0;0;1;0;0;1;1
"20/06/2025";"03:51:12";"15";"Com vítima";"201,940";"092/PR";"Crescente";"Queda de moto";1;0;0;0;0;0;0;0;0;0;3;1;0;0;0
"20/06/2025";"04:30:29";"19";"Com vítima";"82,430";"BR-277/PR";"Crescente";"Colisão frontal";2;0;0;0;0;0;0;0;0;0;1;1;1;0;0
"20/06/2025";"08:18:13";"65";"Com vítima";"72,704";"BR-369/PR";"Crescente";"Saída de pista";1;0;0;0;0;0;0;0;0;0;0;1;0;0;0
"20/06/2025";"18:27:43";"217";"Com vítima";"8,200";"239/PR";"Crescente";"Colisão frontal";2;0;0;0;0;0;0;0;0;0;0;2;0;0;0
"20/06/2025";"18:34:14";"218";"Sem vítima";"307,060";"092/PR";"Crescente";"Colisão frontal";2;0;0;0;0;0;0;0;0;0;2;0;0;0;0
"20/06/2025";"21:10:41";"240";"Com vítima";"310,200";"151/PR";"Crescente";"Queda de moto";0;0;0;1;0;0;0;0;0;0;0;1;0;0;0
"20/06/2025";"21:49:36";"243";"Com vítima";"84,500";"BR-369/PR";"Decrescente";"Capotamento";1;0;0;0;0;0;0;0;0;0;3;1;0;0;0
"21/06/2025";"04:18:19";"24";"Sem vítima";"35,615";"BR-277/PR";"Crescente";"Colisão frontal";0;0;2;0;0;0;0;0;0;0;2;0;0;0;0
"21/06/2025";"14:48:53";"120";"Sem vítima";"82,620";"BR-277/PR";"Crescente";"Colisão traseira";2;0;0;0;0;0;0;0;0;0;4;0;0;0;0
"21/06/2025";"14:49:33";"121";"Sem vítima";"82,280";"BR-277/PR";"Decrescente";"Colisão frontal";3;0;0;0;0;0;0;0;0;0;5;0;0;0;0
"21/06/2025";"22:02:28";"183";"Com vítima";"22,880";"408/PR";"Crescente";"Colisão frontal";0;0;1;1;0;0;0;0;0;0;1;0;0;0;1
"21/06/2025";"22:38:05";"187";"Sem vítima";"0,812";"804/PR";"Crescente";"Acidentes de outra natureza";1;0;0;0;0;0;0;0;0;0;1;0;0;0;0
"22/06/2025";"02:37:36";"25";"Sem vítima";"283,010";"151/PR";"Decrescente";"Choque";0;0;0;0;0;0;0;0;0;1;0;0;0;0;0
"22/06/2025";"04:40:45";"27";"Sem vítima";"4,218";"BR-277/PR";"Decrescente";"Acidentes de outra natureza";1;0;0;0;0;0;0;0;0;0;3;0;0;0;0
"22/06/2025";"05:52:13";"32";"Sem vítima";"243,500";"092/PR";"Decrescente";"Acidentes de outra natureza";1;0;0;0;0;0;0;0;0;0;2;0;0;0;0
"22/06/2025";"09:03:05";"63";"Sem vítima";"11,250";"508/PR";"Crescente";"Choque";1;0;0;0;0;0;0;0;0;0;2;0;0;0;0
"22/06/2025";"09:38:24";"72";"Sem vítima";"36,800";"BR-277/PR";"Crescente";"Choque";0;0;0;0;0;0;0;0;0;1;1;0;0;0;0
"22/06/2025";"11:41:47";"98";"Com vítima";"6,690";"BR-277/PR";"Decrescente";"Queda de moto";0;0;0;1;0;0;0;0;0;0;0;1;0;0;0
"22/06/2025";"15:03:33";"135";"Com vítima";"78,754";"BR-277/PR";"Crescente";"Colisão frontal";1;0;0;1;0;0;0;0;0;0;4;2;0;0;0
"22/06/2025";"15:22:42";"144";"Com vítima";"10,070";"BR-277/PR";"Crescente";"Queda de moto";0;0;0;1;0;0;0;0;0;0;0;1;0;0;0
"22/06/2025";"17:51:40";"178";"Sem vítima";"79,200";"BR-369/PR";"Decrescente";"Engavetamento";3;0;0;0;0;0;0;0;0;0;2;0;0;0;0
"22/06/2025";"20:04:23";"201";"Com vítima";"7,738";"BR-277/PR";"Decrescente";"Queda de moto";0;0;0;1;0;0;0;0;0;0;0;1;1;0;0
"22/06/2025";"20:42:06";"206";"Com vítima";"275,535";"092/PR";"Crescente";"Colisão traseira";2;0;0;0;0;0;0;0;0;0;1;4;4;0;0
"23/06/2025";"05:55:41";"33";"Sem vítima";"216,200";"151/PR";"Decrescente";"Colisão frontal";1;0;0;0;0;0;0;0;0;0;0;0;0;0;0
"23/06/2025";"12:04:14";"112";"Sem vítima";"60,250";"BR-277/PR";"Crescente";"Colisão traseira";1;0;0;0;0;0;0;0;0;0;1;0;0;0;0
"23/06/2025";"12:36:25";"118";"Sem vítima";"31,600";"BR-277/PR";"Crescente";"Saída de pista";1;0;0;0;0;0;0;0;0;0;2;0;0;0;0
"23/06/2025";"13:44:18";"127";"Sem vítima";"36,500";"BR-277/PR";"Crescente";"Choque";0;0;0;0;0;0;0;0;0;1;1;0;0;0;0
"23/06/2025";"14:09:37";"130";"Sem vítima";"36,200";"BR-277/PR";"Crescente";"Choque";0;0;0;0;0;0;0;0;0;1;2;0;0;0;0
"23/06/2025";"15:37:42";"143";"Com vítima";"70,010";"BR-277/PR";"Decrescente";"Queda de moto";0;0;0;1;0;0;0;0;0;0;0;1;0;0;0
"23/06/2025";"18:12:09";"163";"Com vítima";"309,486";"151/PR";"Crescente";"Queda de moto";1;0;0;0;0;0;0;0;0;0;0;0;1;0;0
"23/06/2025";"23:39:36";"183";"Com vítima";"77,010";"BR-277/PR";"Crescente";"Atropelamento de pedestre";0;0;0;1;0;0;0;0;0;0;0;2;0;0;0
"23/06/2025";"23:51:14";"184";"Com vítima";"15,160";"407/PR";"Crescente";"Colisão frontal";0;1;0;1;0;0;0;0;0;0;0;0;1;0;0
"24/06/2025";"03:31:13";"18";"Sem vítima";"16,500";"407/PR";"Crescente";"Queda de moto";1;0;0;0;0;0;0;0;0;0;3;0;0;0;0
"24/06/2025";"06:52:01";"33";"Com vítima";"80,010";"BR-277/PR";"Crescente";"Colisão frontal";1;0;0;1;0;0;0;0;0;0;1;1;1;0;0
"24/06/2025";"08:11:51";"71";"Sem vítima";"37,140";"BR-369/PR";"Crescente";"Colisão frontal";2;0;0;0;0;0;0;0;0;0;2;0;0;0;0
"24/06/2025";"14:02:32";"138";"Com vítima";"41,700";"BR-369/PR";"Crescente";"Colisão frontal";2;0;0;0;0;0;0;0;0;2;2;2;1;2;2
"24/06/2025";"17:19:39";"163";"Sem vítima";"217,620";"092/PR";"Decrescente";"Queda de moto";1;0;0;0;0;0;0;0;0;0;1;0;0;0;0
"24/06/2025";"17:23:34";"164";"Com vítima";"177,010";"151/PR";"Crescente";"Colisão transversal";1;0;0;1;0;0;0;0;0;0;1;1;0;0;0
"24/06/2025";"18:23:48";"170";"Sem vítima";"74,400";"BR-277/PR";"Decrescente";"Queda de moto";0;1;0;0;0;0;0;0;0;0;0;0;0;0;0
"25/06/2025";"07:12:59";"56";"Sem vítima";"203,232";"092/PR";"Decrescente";"Atropelamento de animal";1;0;0;0;0;0;0;0;0;0;1;0;0;0;0
"25/06/2025";"08:04:50";"74";"Sem vítima";"6,800";"BR-277/PR";"Crescente";"Colisão traseira";1;0;0;0;0;0;0;0;0;0;1;0;0;0;0
"25/06/2025";"08:11:26";"80";"Com vítima";"5,750";"BR-153/PR";"Crescente";"Colisão frontal";1;0;0;1;0;0;0;0;0;0;0;1;2;0;0
"25/06/2025";"09:28:08";"100";"Sem vítima";"22,260";"BR-277/PR";"Decrescente";"Colisão traseira";0;0;1;0;0;0;0;0;0;0;2;0;0;0;0
"25/06/2025";"15:22:02";"176";"Sem vítima";"36,800";"BR-277/PR";"Decrescente";"Queda de moto";0;0;1;0;0;0;0;0;0;0;1;0;0;0;0
"25/06/2025";"17:41:21";"195";"Sem vítima";"74,350";"BR-277/PR";"Crescente";"Colisão traseira";2;0;0;0;0;0;0;0;0;0;2;0;0;0;0
"25/06/2025";"17:59:15";"196";"Sem vítima";"71,200";"BR-277/PR";"Crescente";"Colisão traseira";2;0;0;0;0;0;0;0;0;0;2;0;0;0;0
"25/06/2025";"18:11:19";"201";"Sem vítima";"71,280";"BR-277/PR";"Crescente";"Colisão frontal";2;0;0;0;0;0;0;0;0;0;2;0;0;0;0
"25/06/2025";"18:14:02";"202";"Com vítima";"317,200";"151/PR";"Decrescente";"Colisão transversal";0;0;1;1;0;0;0;0;0;0;1;0;1;0;0
"26/06/2025";"03:13:57";"18";"Sem vítima";"3,250";"855/PR";"Decrescente";"Capotamento";1;0;0;0;0;0;0;0;0;0;3;0;0;0;0
"26/06/2025";"06:46:58";"35";"Sem vítima";"22,236";"BR-369/PR";"Decrescente";"Colisão transversal";0;0;2;0;0;0;0;0;0;0;2;0;0;0;0
"26/06/2025";"07:21:43";"57";"Com vítima";"2,100";"BR-277/PR";"Decrescente";"Colisão frontal";0;0;1;1;0;0;0;0;0;0;1;1;0;0;0
"26/06/2025";"07:41:34";"62";"Com vítima";"278,523";"151/PR";"Decrescente";"Capotamento";0;0;0;0;0;0;0;0;0;1;0;1;0;0;0
"26/06/2025";"10:16:27";"113";"Com vítima";"302,431";"092/PR";"Decrescente";"Colisão frontal";2;0;0;0;0;0;0;0;0;0;2;1;0;0;0
"26/06/2025";"11:43:32";"126";"Com vítima";"51,720";"BR-369/PR";"Crescente";"Tombamento";0;0;1;0;0;0;0;0;0;0;0;2;0;0;0
"26/06/2025";"12:03:49";"128";"Com vítima";"30,530";"BR-277/PR";"Decrescente";"Capotamento";0;0;1;0;0;0;0;0;0;0;1;0;1;0;0
"26/06/2025";"12:42:08";"135";"Sem vítima";"60,250";"BR-277/PR";"Crescente";"Colisão traseira";2;0;0;0;0;0;0;0;0;0;6;0;0;0;0
"26/06/2025";"12:44:29";"137";"Com vítima";"36,800";"BR-277/PR";"Decrescente";"Engavetamento";0;0;2;0;0;0;0;0;0;0;1;1;0;0;0
"26/06/2025";"17:34:47";"201";"Sem vítima";"68,205";"BR-369/PR";"Decrescente";"Colisão traseira";1;0;1;0;0;0;0;0;0;0;2;0;0;0;0
"26/06/2025";"18:17:42";"207";"Sem vítima";"9,300";"BR-369/PR";"Decrescente";"Acidentes de outra natureza";1;0;0;0;0;0;0;0;0;0;1;0;0;0;0
"27/06/2025";"07:39:37";"54";"Sem vítima";"314,800";"151/PR";"Crescente";"Tombamento";0;0;1;0;0;0;0;0;0;0;1;0;0;0;0
"27/06/2025";"07:58:49";"57";"Sem vítima";"68,150";"BR-277/PR";"Crescente";"Colisão traseira";1;0;1;0;0;0;0;0;0;0;2;0;0;0;0
"27/06/2025";"11:06:30";"90";"Sem vítima";"37,909";"BR-277/PR";"Decrescente";"Colisão traseira";2;0;0;0;0;0;0;0;0;0;2;0;0;0;0
"27/06/2025";"16:35:14";"131";"Sem vítima";"36,700";"BR-277/PR";"Crescente";"Choque";0;0;0;0;0;0;0;0;0;1;3;0;0;0;0
"27/06/2025";"17:57:39";"207";"Sem vítima";"38,050";"BR-369/PR";"Crescente";"Colisão traseira";3;0;0;0;0;0;0;0;0;0;3;0;0;0;0
"27/06/2025";"18:57:58";"208";"Com vítima";"281,220";"092/PR";"Crescente";"Colisão frontal";1;0;0;1;0;0;0;0;0;0;1;2;0;0;0
"27/06/2025";"21:55:41";"235";"Com vítima";"4,910";"508/PR";"Decrescente";"Colisão frontal";2;0;0;0;0;0;0;0;0;0;0;0;3;0;0
"28/06/2025";"01:51:09";"14";"Com vítima";"276,397";"151/PR";"Crescente";"Queda de moto";1;0;0;0;0;0;0;0;0;0;0;5;0;0;0
"28/06/2025";"05:08:59";"21";"Sem vítima";"12,260";"407/PR";"Decrescente";"Queda de moto";0;0;0;0;0;0;0;0;0;1;1;0;0;0;0
"28/06/2025";"14:05:30";"86";"Sem vítima";"42,180";"BR-277/PR";"Decrescente";"Choque";0;0;1;0;0;0;0;0;0;0;1;0;0;0;0
"28/06/2025";"20:35:39";"148";"Com vítima";"291,900";"151/PR";"Decrescente";"Queda de moto";1;0;0;0;0;0;0;0;0;0;0;3;0;0;0
"29/06/2025";"02:18:12";"16";"Com vítima";"227,766";"092/PR";"Crescente";"Queda de moto";1;0;0;0;0;0;0;0;0;0;0;1;0;0;0
"29/06/2025";"18:27:35";"118";"Sem vítima";"36,800";"BR-277/PR";"Decrescente";"Queda de moto";0;0;1;0;0;0;0;0;0;0;1;0;0;0;0
"29/06/2025";"19:19:03";"129";"Com vítima";"271,350";"092/PR";"Decrescente";"Colisão frontal";0;0;1;1;0;0;0;0;0;0;2;0;0;0;1
"30/06/2025";"00:23:04";"5";"Com vítima";"77,480";"BR-277/PR";"Decrescente";"Colisão frontal";4;0;0;0;0;0;0;0;0;0;3;0;1;0;0
"30/06/2025";"01:56:39";"14";"Sem vítima";"282,500";"151/PR";"Crescente";"Tombamento";0;0;1;0;0;0;0;0;0;0;1;0;0;0;0
"30/06/2025";"06:05:18";"23";"Com vítima";"307,660";"092/PR";"Decrescente";"Queda de moto";0;0;0;1;0;0;0;0;0;0;0;1;0;0;0
"30/06/2025";"06:24:26";"31";"Com vítima";"37,515";"BR-153/PR";"Decrescente";"Tombamento";0;0;1;0;0;0;0;0;0;0;0;1;0;0;0
"30/06/2025";"07:58:28";"57";"Com vítima";"49,630";"BR-277/PR";"Decrescente";"Choque";1;0;0;0;0;0;0;0;0;0;0;1;0;0;0
"30/06/2025";"11:18:51";"101";"Com vítima";"31,685";"BR-277/PR";"Decrescente";"Choque";1;0;0;0;0;0;0;0;0;0;1;1;0;0;0
"30/06/2025";"11:48:28";"107";"Sem vítima";"31,700";"BR-277/PR";"Decrescente";"Colisão frontal";2;0;0;0;0;0;0;0;0;0;6;0;0;0;0
"30/06/2025";"12:56:17";"117";"Sem vítima";"60,250";"BR-277/PR";"Crescente";"Acidentes de outra natureza";0;0;1;0;0;0;0;0;0;0;3;0;0;0;0
"30/06/2025";"13:43:19";"122";"Com vítima";"71,400";"BR-369/PR";"Crescente";"Colisão frontal";1;0;1;0;0;0;0;0;0;0;0;1;0;1;1
"30/06/2025";"17:04:32";"162";"Com vítima";"221,120";"092/PR";"Decrescente";"Choque";1;0;0;0;0;0;0;0;0;0;1;1;0;0;0
"30/06/2025";"17:59:47";"171";"Sem vítima";"11,750";"BR-277/PR";"Crescente";"Colisão frontal";1;0;1;0;0;0;0;0;0;0;2;0;0;0;0
"01/07/2025";"02:46:22";"17";"Sem vítima";"13,277";"BR-277/PR";"Decrescente";"Tombamento";0;0;1;0;0;0;0;0;0;0;1;0;0;0;0
"01/07/2025";"03:39:36";"21";"Sem vítima";"65,130";"BR-277/PR";"Decrescente";"Atropelamento de animal";0;0;1;0;0;0;0;0;0;0;1;0;0;0;0
"01/07/2025";"07:05:56";"53";"Sem vítima";"40,500";"BR-277/PR";"Crescente";"Colisão traseira";1;0;0;0;0;0;0;0;0;1;4;0;0;0;0
"01/07/2025";"07:18:16";"55";"Com vítima";"34,120";"BR-153/PR";"Crescente";"Capotamento";1;0;0;0;0;0;0;0;0;0;0;1;0;0;0
"01/07/2025";"08:45:14";"79";"Sem vítima";"295,060";"151/PR";"Crescente";"Acidentes de outra natureza";0;0;0;0;0;0;0;0;0;1;3;0;0;0;0
"01/07/2025";"12:04:50";"119";"Sem vítima";"69,590";"BR-277/PR";"Crescente";"Capotamento";1;0;0;0;0;0;0;0;0;0;2;0;0;0;0
"01/07/2025";"16:33:37";"165";"Sem vítima";"82,300";"BR-277/PR";"Crescente";"Colisão traseira";0;0;0;0;0;0;0;0;0;0;0;0;0;0;0
"01/07/2025";"18:13:17";"183";"Com vítima";"82,500";"BR-277/PR";"Decrescente";"Colisão frontal";1;0;0;1;0;0;0;0;0;0;1;1;0;0;0
"01/07/2025";"23:42:30";"218";"Com vítima";"52,190";"BR-277/PR";"Crescente";"Queda de moto";1;0;1;0;0;0;0;0;0;0;0;0;1;0;0
"02/07/2025";"04:18:03";"19";"Sem vítima";"28,015";"BR-277/PR";"Crescente";"Colisão frontal";0;0;1;0;0;0;0;0;0;0;1;0;0;0;0
"02/07/2025";"06:43:38";"40";"Com vítima";"72,096";"BR-277/PR";"Crescente";"Colisão frontal";1;0;0;1;0;0;0;0;0;0;0;2;0;0;0
"02/07/2025";"07:23:07";"43";"Sem vítima";"32,010";"BR-277/PR";"Decrescente";"Choque";0;0;1;0;0;0;0;0;0;0;1;0;0;0;0
"02/07/2025";"07:26:25";"45";"Sem vítima";"4,300";"411/PR";"Crescente";"Tombamento";0;0;1;0;0;0;0;0;0;0;1;0;0;0;0
"02/07/2025";"09:44:37";"89";"Sem vítima";"69,800";"BR-277/PR";"Crescente";"Choque";1;0;0;0;0;0;0;0;0;0;1;0;0;0;0
"02/07/2025";"12:48:56";"112";"Sem vítima";"6,800";"407/PR";"Decrescente";"Acidentes de outra natureza";1;0;0;0;0;0;0;0;0;0;0;0;0;0;0
"02/07/2025";"17:33:22";"161";"Sem vítima";"15,500";"BR-277/PR";"Decrescente";"Queda de moto";1;0;0;0;0;0;0;0;0;0;1;0;0;0;0
"02/07/2025";"17:52:17";"163";"Sem vítima";"23,700";"BR-277/PR";"Crescente";"Queda de moto";1;0;0;0;0;0;0;0;0;0;1;0;0;0;0
"03/07/2025";"04:51:10";"23";"Com vítima";"41,440";"BR-153/PR";"Crescente";"Colisão transversal";0;0;0;0;2;0;0;0;0;0;4;1;0;0;0
"03/07/2025";"08:26:01";"70";"Sem vítima";"293,121";"151/PR";"Decrescente";"Colisão frontal";1;0;1;0;0;0;0;0;0;0;2;0;0;0;0
"03/07/2025";"10:14:00";"91";"Com vítima";"260,190";"092/PR";"Crescente";"Colisão frontal";0;0;2;0;0;0;0;0;0;0;1;0;1;0;0
"03/07/2025";"10:38:30";"95";"Sem vítima";"281,760";"151/PR";"Crescente";"Colisão frontal";1;0;1;0;0;0;0;0;0;0;2;0;0;0;0
"03/07/2025";"13:03:17";"111";"Com vítima";"11,040";"508/PR";"Decrescente";"Capotamento";0;0;0;0;0;0;0;0;0;1;0;1;0;0;0
"03/07/2025";"13:44:48";"116";"Sem vítima";"221,930";"092/PR";"Crescente";"Colisão frontal";2;0;0;0;0;0;0;0;0;0;2;0;0;0;0
"03/07/2025";"14:06:53";"121";"Com vítima";"268,010";"092/PR";"Decrescente";"Colisão frontal";0;0;1;0;1;0;0;0;0;0;0;2;1;0;0
"03/07/2025";"19:25:18";"158";"Sem vítima";"1,450";"BR-277/PR";"Crescente";"Colisão frontal";1;0;2;1;0;0;0;0;0;0;4;0;0;0;0
"04/07/2025";"00:10:47";"5";"Sem vítima";"18,220";"BR-277/PR";"Crescente";"Atropelamento de animal";0;0;0;0;0;0;0;0;0;1;2;0;0;0;0
"04/07/2025";"06:04:43";"20";"Sem vítima";"216,131";"151/PR";"Crescente";"Tombamento";0;0;1;0;0;0;0;0;0;0;1;0;0;0;0
"04/07/2025";"06:29:09";"24";"Sem vítima";"0,100";"BR-277/PR";"Crescente";"Colisão frontal";2;0;1;0;0;0;0;0;0;0;3;0;0;0;0
"04/07/2025";"11:01:45";"108";"Sem vítima";"258,017";"151/PR";"Crescente";"Colisão traseira";0;0;2;0;0;0;0;0;0;0;2;0;0;0;0
"04/07/2025";"12:41:49";"132";"Com vítima";"34,200";"BR-153/PR";"Decrescente";"Choque";1;0;0;0;0;0;0;0;0;0;0;0;2;0;0
"04/07/2025";"14:54:22";"159";"Sem vítima";"15,120";"408/PR";"Crescente";"Colisão frontal";1;0;0;1;0;0;0;0;0;0;2;0;0;0;0
"04/07/2025";"16:09:42";"177";"Com vítima";"75,200";"BR-277/PR";"Decrescente";"Queda de moto";0;0;0;1;0;0;0;0;0;0;1;0;1;0;0
"04/07/2025";"16:35:20";"182";"Com vítima";"0,010";"855/PR";"Crescente";"Tombamento";0;0;1;0;0;0;0;0;0;0;0;0;1;0;0
"04/07/2025";"17:34:28";"196";"Sem vítima";"51,120";"BR-277/PR";"Crescente";"Colisão frontal";1;0;1;0;0;0;0;0;0;0;4;0;0;0;0
"04/07/2025";"19:49:54";"221";"Sem vítima";"71,200";"BR-369/PR";"Crescente";"Colisão traseira";2;0;0;0;0;0;0;0;0;0;2;0;0;0;0
"04/07/2025";"22:43:58";"250";"Com vítima";"219,932";"092/PR";"Crescente";"Atropelamento de pedestre";0;0;2;1;0;0;0;0;0;0;0;0;1;0;1