data;horario;n_da_ocorrencia;tipo_de_ocorrencia;km;trecho;sentido;tipo_de_acidente;automovel;bicicleta;caminhao;moto;onibus;outros;tracao_animal;transporte_de_cargas_especiais;trator_maquinas;utilitarios;ilesos;levemente_feridos;moderadamente_feridos;gravemente_feridos;mortos
"05/07/2025";"02:52:52";"22";"Sem vítima";"193,645";"151/PR";"Crescente";"Tombamento";0;0;1;0;0;0;0;0;0;0;1;0;0;0;0
"05/07/2025";"05:45:43";"29";"Sem vítima";"2,880";"BR-277/PR";"Decrescente";"Choque";1;0;0;0;0;0;0;0;0;0;1;0;0;0;0
"05/07/2025";"06:20:52";"31";"Sem vítima";"1,867";"407/PR";"Decrescente";"Choque";1;0;0;0;0;0;0;0;0;0;1;0;0;0;0
"05/07/2025";"16:32:16";"162";"Com vítima";"210,120";"092/PR";"Crescente";"Choque";1;0;0;0;0;0;0;0;0;0;0;1;0;0;0
"05/07/2025";"18:35:28";"179";"Com vítima";"70,583";"BR-369/PR";"Crescente";"Colisão frontal";1;0;0;1;0;0;0;0;0;0;0;0;3;0;0
"06/07/2025";"08:56:19";"68";"Sem vítima";"54,680";"BR-277/PR";"Crescente";"Choque";1;0;0;0;0;1;0;0;0;0;1;0;0;0;0
"06/07/2025";"09:11:54";"73";"Sem vítima";"74,970";"BR-277/PR";"Decrescente";"Capotamento";1;0;0;0;0;0;0;0;0;0;1;0;0;0;0
"06/07/2025";"13:45:57";"121";"Com vítima";"37,890";"BR-277/PR";"Decrescente";"Queda de moto";0;0;0;1;0;0;0;0;0;0;0;0;2;0;0
"06/07/2025";"15:58:01";"145";"Sem vítima";"80,900";"BR-277/PR";"Crescente";"Colisão frontal";2;0;0;0;0;0;0;0;0;0;5;0;0;0;0
"06/07/2025";"18:48:16";"177";"Com vítima";"228,104";"092/PR";"Crescente";"Engavetamento";1;0;0;1;0;0;0;0;0;0;1;0;0;0;1
"06/07/2025";"18:57:35";"179";"Com vítima";"64,304";"BR-277/PR";"Decrescente";"Capotamento";1;0;0;0;0;0;0;0;0;0;0;1;0;0;0
"06/07/2025";"20:49:05";"204";"Com vítima";"5,740";"508/PR";"Crescente";"Capotamento";1;0;0;0;0;0;0;0;0;0;0;0;2;0;1
"07/07/2025";"03:51:34";"30";"Com vítima";"8,776";"BR-277/PR";"Decrescente";"Queda de moto";1;0;0;0;0;0;0;0;0;1;2;0;0;0;0
"07/07/2025";"09:43:26";"95";"Sem vítima";"39,500";"BR-277/PR";"Decrescente";"Colisão frontal";1;0;0;0;0;0;0;0;0;1;2;0;0;0;0
"07/07/2025";"16:06:37";"159";"Sem vítima";"262,558";"092/PR";"Decrescente";"Colisão frontal";0;0;0;1;0;0;0;0;0;1;2;0;0;0;0
"08/07/2025";"06:49:41";"35";"Sem vítima";"302,570";"151/PR";"Crescente";"Queda de moto";1;0;0;0;0;0;0;0;0;0;3;0;0;0;0
"08/07/2025";"07:01:51";"38";"Com vítima";"11,540";"239/PR";"Decrescente";"Colisão frontal";1;0;1;0;0;0;0;0;0;0;1;3;0;0;0
"08/07/2025";"07:33:02";"48";"Com vítima";"0,050";"BR-277/PR";"Crescente";"Queda de moto";0;0;0;1;0;0;0;0;0;0;0;1;0;1;0
"08/07/2025";"08:18:05";"67";"Sem vítima";"16,000";"BR-277/PR";"Decrescente";"Choque";1;0;0;0;0;0;0;0;0;0;2;0;0;0;0
"08/07/2025";"11:04:38";"103";"Com vítima";"192,180";"151/PR";"Decrescente";"Engavetamento";1;0;2;0;0;0;0;0;0;0;2;3;0;0;0
"08/07/2025";"16:11:45";"156";"Sem vítima";"23,010";"BR-277/PR";"Crescente";"Choque";1;0;0;0;0;0;0;0;0;0;1;0;0;0;0
"08/07/2025";"17:07:37";"165";"Sem vítima";"0,050";"BR-277/PR";"Decrescente";"Colisão frontal";2;0;0;0;0;0;0;0;0;0;2;0;0;0;0
"08/07/2025";"20:10:12";"192";"Com vítima";"255,380";"151/PR";"Crescente";"Atropelamento de pedestre";1;0;0;0;0;0;0;0;0;0;1;0;0;0;1
"09/07/2025";"05:37:03";"17";"Sem vítima";"213,500";"092/PR";"Crescente";"Acidentes de outra natureza";0;0;1;0;0;0;0;0;0;0;1;0;0;0;0
"09/07/2025";"08:05:41";"59";"Com vítima";"214,188";"151/PR";"Decrescente";"Colisão frontal";0;0;0;2;0;0;0;0;0;0;0;1;1;0;0
"09/07/2025";"10:52:22";"100";"Com vítima";"2,381";"239/PR";"Decrescente";"Tombamento";0;0;1;0;0;0;0;0;0;0;0;0;0;1;0
"09/07/2025";"12:05:01";"122";"Sem vítima";"43,200";"BR-277/PR";"Crescente";"Colisão traseira";0;0;1;0;0;0;0;0;0;0;2;0;0;0;0
"09/07/2025";"13:19:17";"136";"Sem vítima";"74,200";"BR-277/PR";"Decrescente";"Colisão frontal";1;0;0;0;0;0;0;0;0;1;4;0;0;0;0
"09/07/2025";"16:51:14";"169";"Com vítima";"70,120";"BR-277/PR";"Crescente";"Colisão frontal";0;0;2;0;0;0;0;0;0;0;1;1;0;0;0
"09/07/2025";"18:17:43";"185";"Com vítima";"310,200";"151/PR";"Decrescente";"Colisão frontal";1;0;1;0;0;0;0;0;0;0;1;3;0;0;0
"10/07/2025";"07:42:27";"61";"Com vítima";"78,392";"BR-369/PR";"Decrescente";"Engavetamento";1;0;0;1;0;0;0;0;0;0;1;1;0;0;0
"10/07/2025";"10:04:38";"100";"Com vítima";"77,480";"BR-277/PR";"Crescente";"Acidentes de outra natureza";1;0;0;1;0;0;0;0;0;1;2;1;0;0;0
"10/07/2025";"11:15:20";"112";"Sem vítima";"35,070";"BR-277/PR";"Decrescente";"Colisão frontal";2;0;0;0;0;0;0;0;0;0;3;0;0;0;0
"10/07/2025";"12:42:03";"132";"Com vítima";"253,120";"092/PR";"Crescente";"Colisão frontal";1;1;0;0;0;0;0;0;0;0;1;0;0;0;0
"10/07/2025";"13:38:04";"141";"Com vítima";"27,800";"BR-277/PR";"Decrescente";"Colisão frontal";1;0;1;0;0;0;0;0;0;0;2;1;0;0;0
"10/07/2025";"16:34:19";"166";"Sem vítima";"301,120";"151/PR";"Decrescente";"Colisão frontal";0;0;2;0;0;0;0;0;0;0;2;0;0;0;0
"10/07/2025";"16:54:11";"174";"Sem vítima";"312,700";"151/PR";"Crescente";"Choque";1;0;0;0;0;0;0;0;0;0;2;0;0;0;0
"10/07/2025";"17:07:15";"175";"Com vítima";"2,650";"BR-277/PR";"Crescente";"Colisão frontal";1;0;0;1;0;0;0;0;0;0;0;1;1;0;0
"10/07/2025";"17:28:08";"180";"Sem vítima";"18,796";"BR-153/PR";"Decrescente";"Tombamento";0;0;1;0;0;0;0;0;0;0;1;0;0;0;0
"10/07/2025";"17:41:53";"183";"Com vítima";"5,140";"BR-277/PR";"Crescente";"Colisão frontal";0;0;1;1;0;0;0;0;0;0;1;0;0;0;1
"10/07/2025";"17:51:01";"186";"Sem vítima";"230,120";"151/PR";"Decrescente";"Colisão frontal";0;0;1;0;0;0;0;0;0;0;1;0;0;0;0
"10/07/2025";"18:51:19";"192";"Sem vítima";"37,100";"BR-369/PR";"Crescente";"Colisão frontal";1;0;1;0;0;0;0;0;0;0;2;0;0;0;0
"10/07/2025";"22:52:07";"227";"Com vítima";"225,100";"151/PR";"Decrescente";"Capotamento";1;0;0;0;0;0;0;0;0;0;0;1;0;0;0
"10/07/2025";"22:53:44";"228";"Sem vítima";"307,100";"151/PR";"Crescente";"Acidentes de outra natureza";1;0;0;0;0;0;0;0;0;0;2;0;0;0;0
"11/07/2025";"04:06:30";"22";"Sem vítima";"258,800";"092/PR";"Crescente";"Atropelamento de animal";0;0;1;0;0;0;0;0;0;0;1;0;0;0;0
"11/07/2025";"07:32:06";"58";"Sem vítima";"314,300";"151/PR";"Crescente";"Choque";1;0;0;0;0;0;0;0;0;0;1;0;0;0;0
"11/07/2025";"09:40:48";"88";"Com vítima";"313,350";"151/PR";"Decrescente";"Capotamento";1;0;0;0;0;0;0;0;0;0;0;0;1;0;0
"11/07/2025";"11:52:07";"108";"Sem vítima";"207,150";"092/PR";"Crescente";"Queda de moto";0;0;0;1;0;0;0;0;0;0;1;0;0;0;0
"11/07/2025";"12:39:39";"115";"Sem vítima";"23,050";"BR-153/PR";"Crescente";"Colisão frontal";2;0;0;0;0;0;0;0;0;0;2;0;0;0;0
"11/07/2025";"17:24:45";"172";"Sem vítima";"68,100";"BR-277/PR";"Decrescente";"Queda de moto";0;0;0;0;0;0;0;0;0;1;2;0;0;0;0
"11/07/2025";"19:02:10";"189";"Sem vítima";"83,200";"BR-277/PR";"Decrescente";"Colisão frontal";4;0;0;0;0;0;0;0;0;1;5;0;0;0;0
"11/07/2025";"21:31:10";"212";"Com vítima";"45,810";"BR-153/PR";"Crescente";"Colisão frontal";1;0;1;0;0;0;0;0;0;0;1;0;1;0;0
"12/07/2025";"00:03:02";"1";"Com vítima";"37,852";"BR-153/PR";"Decrescente";"Tombamento";0;0;1;0;0;0;0;0;0;0;0;1;0;0;0
"12/07/2025";"00:36:20";"10";"Sem vítima";"25,010";"BR-277/PR";"Crescente";"Capotamento";1;0;0;0;0;0;0;0;0;0;1;0;0;0;0
"12/07/2025";"02:23:56";"20";"Sem vítima";"262,020";"151/PR";"Decrescente";"Saída de pista";1;0;0;0;0;0;0;0;0;0;1;0;0;0;0
"12/07/2025";"06:26:20";"28";"Sem vítima";"22,100";"BR-369/PR";"Crescente";"Choque";1;0;0;0;0;0;0;0;0;0;2;0;0;0;0
"12/07/2025";"06:53:17";"33";"Sem vítima";"70,102";"BR-277/PR";"Crescente";"Acidentes de outra natureza";0;0;1;0;0;0;0;0;0;0;1;0;0;0;0
"12/07/2025";"09:42:07";"63";"Com vítima";"21,180";"BR-277/PR";"Crescente";"Colisão frontal";1;0;1;0;0;0;0;0;0;0;1;1;0;0;0
"12/07/2025";"12:30:25";"88";"Sem vítima";"46,850";"BR-277/PR";"Decrescente";"Colisão frontal";2;0;0;0;0;0;0;0;0;0;2;0;0;0;0
"12/07/2025";"16:21:32";"122";"Com vítima";"37,500";"BR-277/PR";"Decrescente";"Queda de moto";0;0;0;1;0;0;0;0;0;0;0;0;0;1;0
"12/07/2025";"16:27:11";"124";"Sem vítima";"18,010";"508/PR";"Decrescente";"Choque";1;0;0;0;0;0;0;0;0;0;1;0;0;0;0
"12/07/2025";"18:10:35";"136";"Com vítima";"10,301";"407/PR";"Crescente";"Colisão frontal";1;0;0;0;0;0;0;0;0;1;0;1;1;0;1
"13/07/2025";"02:37:14";"19";"Sem vítima";"301,010";"151/PR";"Crescente";"Engavetamento";2;0;0;0;0;1;0;0;0;0;8;0;0;0;0
"13/07/2025";"15:05:17";"84";"Sem vítima";"250,160";"092/PR";"Crescente";"Capotamento";1;0;0;0;0;0;0;0;0;0;1;0;0;0;0
"13/07/2025";"18:38:39";"127";"Sem vítima";"34,900";"BR-277/PR";"Decrescente";"Colisão frontal";1;0;0;2;0;0;0;0;0;0;4;0;0;0;0
"13/07/2025";"19:09:06";"133";"Sem vítima";"78,090";"BR-277/PR";"Crescente";"Choque";1;0;0;0;0;0;0;0;0;0;4;0;0;0;0
"13/07/2025";"19:59:12";"138";"Com vítima";"44,600";"BR-277/PR";"Crescente";"Colisão frontal";1;0;1;0;0;0;0;0;0;0;2;1;0;0;0
"13/07/2025";"21:09:21";"150";"Com vítima";"87,090";"BR-369/PR";"Crescente";"Tombamento";0;0;2;0;0;0;0;0;0;0;0;2;0;0;0
"13/07/2025";"21:17:04";"151";"Sem vítima";"16,800";"408/PR";"Crescente";"Queda de moto";0;0;0;1;0;0;0;0;0;0;1;0;0;0;0
"13/07/2025";"23:20:04";"162";"Com vítima";"5,009";"239/PR";"Crescente";"Queda de moto";0;0;0;1;0;0;0;0;0;0;0;1;0;0;0
"14/07/2025";"00:24:03";"10";"Com vítima";"3,600";"407/PR";"Decrescente";"Colisão frontal";0;0;0;1;0;0;0;0;0;1;1;0;1;0;0
"14/07/2025";"01:49:58";"16";"Com vítima";"28,010";"BR-277/PR";"Decrescente";"Tombamento";0;0;2;0;0;0;0;0;0;0;1;0;1;0;0
"14/07/2025";"02:59:27";"26";"Com vítima";"36,780";"BR-277/PR";"Crescente";"Tombamento";0;0;1;0;0;0;0;0;0;0;0;1;0;0;0
"14/07/2025";"07:58:25";"80";"Com vítima";"0,488";"BR-277/PR";"Crescente";"Colisão frontal";1;0;0;1;0;0;0;0;0;0;1;1;0;0;0
"14/07/2025";"12:32:38";"139";"Sem vítima";"217,240";"092/PR";"Decrescente";"Colisão frontal";0;0;1;0;0;0;0;0;0;1;2;0;0;0;0
"14/07/2025";"16:17:44";"183";"Com vítima";"84,540";"BR-369/PR";"Crescente";"Colisão frontal";1;0;1;0;0;0;0;0;0;0;1;2;0;0;0
"14/07/2025";"18:49:49";"200";"Com vítima";"305,500";"092/PR";"Crescente";"Colisão frontal";0;0;0;2;0;0;0;0;0;0;0;1;1;0;0
"14/07/2025";"22:52:44";"230";"Sem vítima";"292,726";"151/PR";"Decrescente";"Colisão traseira";1;0;1;0;0;0;0;0;0;0;2;0;0;0;0
"15/07/2025";"07:16:49";"69";"Sem vítima";"200,803";"092/PR";"Decrescente";"Colisão frontal";1;0;0;0;0;0;0;0;0;1;6;0;0;0;0
"15/07/2025";"09:04:27";"100";"Sem vítima";"8,010";"BR-277/PR";"Decrescente";"Choque";1;0;0;0;0;0;0;0;0;0;2;0;0;0;0
"15/07/2025";"11:33:46";"132";"Sem vítima";"1,470";"BR-277/PR";"Decrescente";"Colisão frontal";0;0;2;0;0;0;0;0;0;0;2;0;0;0;0
"15/07/2025";"13:38:07";"149";"Sem vítima";"42,100";"BR-277/PR";"Crescente";"Colisão frontal";0;0;1;0;0;0;0;0;0;0;1;0;0;0;0
"15/07/2025";"14:37:45";"161";"Sem vítima";"308,010";"151/PR";"Crescente";"Colisão frontal";0;0;3;0;0;0;0;0;0;0;3;0;0;0;0
"15/07/2025";"17:40:43";"202";"Com vítima";"80,200";"BR-369/PR";"Crescente";"Colisão frontal";2;0;0;0;0;0;0;0;0;0;1;1;0;0;0
"15/07/2025";"20:12:36";"230";"Sem vítima";"3,500";"BR-277/PR";"Decrescente";"Colisão frontal";0;0;1;0;0;0;0;0;0;0;1;0;0;0;0
"15/07/2025";"22:36:46";"257";"Sem vítima";"82,335";"BR-277/PR";"Crescente";"Choque";1;0;0;0;0;1;0;0;0;0;1;0;0;0;0
"16/07/2025";"07:41:37";"61";"Com vítima";"4,100";"BR-277/PR";"Crescente";"Colisão frontal";2;0;0;0;0;0;0;0;0;0;1;1;0;0;0
"16/07/2025";"07:52:34";"64";"Sem vítima";"3,900";"BR-277/PR";"Decrescente";"Colisão frontal";1;0;0;0;0;0;0;0;0;1;4;0;0;0;0
"16/07/2025";"10:43:21";"106";"Com vítima";"12,500";"407/PR";"Crescente";"Capotamento";1;0;0;0;0;0;0;0;0;0;0;0;2;0;0
"16/07/2025";"16:52:58";"156";"Com vítima";"70,400";"BR-277/PR";"Crescente";"Colisão frontal";1;0;0;1;0;0;0;0;0;0;1;0;1;0;0
"16/07/2025";"19:27:13";"179";"Com vítima";"298,587";"151/PR";"Decrescente";"Colisão frontal";2;0;0;0;0;0;0;0;0;0;0;3;0;0;0
"17/07/2025";"00:23:41";"11";"Sem vítima";"11,540";"508/PR";"Decrescente";"Atropelamento de animal";0;0;0;0;0;0;0;0;0;1;1;0;0;0;0
"17/07/2025";"09:54:11";"102";"Sem vítima";"47,400";"BR-277/PR";"Decrescente";"Colisão frontal";0;0;2;0;0;0;0;0;0;0;2;0;0;0;0
"17/07/2025";"13:48:12";"148";"Com vítima";"37,496";"BR-153/PR";"Decrescente";"Tombamento";0;0;1;0;0;0;0;0;0;0;0;1;0;0;0
"17/07/2025";"20:44:39";"216";"Com vítima";"295,010";"151/PR";"Crescente";"Capotamento";1;0;0;0;0;0;0;0;0;0;0;1;0;0;0
"17/07/2025";"22:16:08";"221";"Com vítima";"245,195";"151/PR";"Decrescente";"Choque";0;0;0;0;0;0;0;0;0;1;0;4;0;0;0
"17/07/2025";"22:26:18";"222";"Com vítima";"12,610";"BR-153/PR";"Crescente";"Atropelamento de pedestre";0;0;0;1;0;0;0;0;0;0;0;2;0;0;0
"17/07/2025";"23:32:10";"226";"Sem vítima";"15,830";"BR-369/PR";"Crescente";"Colisão frontal";1;0;0;0;0;0;0;0;0;0;1;0;0;0;0
"18/07/2025";"03:41:29";"22";"Com vítima";"319,731";"092/PR";"Crescente";"Choque";1;0;0;0;0;0;0;0;0;0;0;0;1;1;0
"18/07/2025";"07:52:53";"70";"Sem vítima";"292,900";"151/PR";"Decrescente";"Colisão frontal";0;0;2;0;0;0;0;0;0;0;2;0;0;0;0
"18/07/2025";"08:03:33";"79";"Sem vítima";"72,670";"BR-277/PR";"Crescente";"Colisão frontal";1;0;1;0;0;0;0;0;0;0;3;0;0;0;0
"18/07/2025";"09:41:45";"114";"Sem vítima";"75,560";"BR-369/PR";"Crescente";"Colisão frontal";1;0;0;0;0;0;0;0;0;1;11;0;0;0;0
"18/07/2025";"11:10:01";"129";"Sem vítima";"213,430";"092/PR";"Crescente";"Tombamento";0;0;1;0;0;0;0;0;0;0;1;0;0;0;0
"18/07/2025";"11:10:17";"130";"Sem vítima";"46,470";"BR-277/PR";"Decrescente";"Colisão frontal";1;0;1;0;0;0;0;0;0;0;3;0;0;0;0
"18/07/2025";"13:51:37";"166";"Com vítima";"297,194";"092/PR";"Decrescente";"Queda de moto";0;0;0;1;0;0;0;0;0;0;0;2;0;0;0
"18/07/2025";"15:17:17";"187";"Sem vítima";"296,120";"151/PR";"Decrescente";"Capotamento";1;0;0;0;0;0;0;0;0;0;2;0;0;0;0
"18/07/2025";"18:46:37";"219";"Com vítima";"77,940";"BR-277/PR";"Decrescente";"Colisão frontal";1;0;0;1;0;0;0;0;0;0;1;1;0;0;0
"18/07/2025";"21:58:09";"253";"Sem vítima";"73,101";"BR-369/PR";"Decrescente";"Queda de moto";1;0;0;0;0;0;0;0;0;0;1;0;0;0;0
"19/07/2025";"02:48:03";"31";"Com vítima";"81,023";"BR-369/PR";"Crescente";"Queda de moto";1;0;0;0;0;0;0;0;0;0;0;0;1;0;0
"19/07/2025";"03:03:27";"32";"Com vítima";"214,600";"092/PR";"Crescente";"Choque";0;0;0;0;0;0;0;0;0;1;0;1;0;0;0
"19/07/2025";"04:47:49";"37";"Sem vítima";"2,360";"BR-277/PR";"Crescente";"Choque";1;0;0;0;0;0;0;0;0;0;4;0;0;0;0
"19/07/2025";"07:13:54";"51";"Com vítima";"50,100";"BR-369/PR";"Crescente";"Capotamento";1;0;0;0;0;0;0;0;0;0;0;1;0;0;0
"19/07/2025";"07:59:39";"61";"Sem vítima";"24,150";"BR-277/PR";"Crescente";"Choque";1;0;0;0;0;0;0;0;0;0;2;0;0;0;0
"19/07/2025";"08:44:38";"78";"Sem vítima";"7,800";"BR-277/PR";"Decrescente";"Colisão frontal";1;0;1;0;0;0;0;0;0;0;2;0;0;0;0
"19/07/2025";"09:21:21";"87";"Com vítima";"13,200";"508/PR";"Decrescente";"Queda de moto";0;1;0;0;0;0;0;0;0;0;0;0;0;0;0
"19/07/2025";"09:41:36";"95";"Com vítima";"2,430";"BR-277/PR";"Crescente";"Colisão frontal";1;0;1;0;0;0;0;0;0;0;1;2;0;0;0
"19/07/2025";"14:17:11";"156";"Com vítima";"51,163";"BR-277/PR";"Crescente";"Engavetamento";1;0;1;0;0;0;0;0;0;0;1;2;1;0;0
"19/07/2025";"17:18:17";"196";"Com vítima";"299,940";"092/PR";"Decrescente";"Colisão frontal";1;0;1;0;0;0;0;0;0;0;1;0;0;1;0
"19/07/2025";"20:55:36";"237";"Sem vítima";"81,180";"BR-277/PR";"Crescente";"Choque";1;0;0;0;0;0;0;0;0;0;2;0;0;0;0
"19/07/2025";"21:27:11";"243";"Com vítima";"1,200";"BR-277/PR";"Crescente";"Queda de moto";1;0;0;1;0;0;0;0;0;0;1;1;0;0;0
"20/07/2025";"00:57:47";"8";"Sem vítima";"280,250";"092/PR";"Crescente";"Colisão frontal";2;0;0;0;0;0;0;0;0;0;4;0;0;0;0
"20/07/2025";"05:13:31";"30";"Com vítima";"313,800";"151/PR";"Decrescente";"Acidentes de outra natureza";1;0;0;0;0;0;0;0;0;0;1;1;0;0;0
"20/07/2025";"05:25:19";"31";"Sem vítima";"304,500";"151/PR";"Crescente";"Choque";1;0;0;0;0;0;0;0;0;0;0;0;0;0;0
"20/07/2025";"05:26:49";"32";"Com vítima";"286,460";"151/PR";"Crescente";"Atropelamento de animal";0;0;0;1;0;0;0;0;0;0;0;0;2;0;0
"20/07/2025";"06:11:35";"34";"Com vítima";"14,500";"BR-277/PR";"Decrescente";"Choque";1;0;0;0;0;0;0;0;0;0;0;1;0;0;0
"20/07/2025";"09:58:04";"77";"Com vítima";"2,500";"508/PR";"Crescente";"Queda de moto";0;0;0;1;0;0;0;0;0;0;0;0;2;0;0
"20/07/2025";"17:17:41";"179";"Sem vítima";"75,980";"BR-277/PR";"Crescente";"Colisão frontal";2;0;0;0;0;0;0;0;0;0;3;0;0;0;0
"20/07/2025";"17:23:32";"183";"Sem vítima";"75,980";"BR-277/PR";"Crescente";"Colisão frontal";2;0;0;0;0;0;0;0;0;0;3;0;0;0;0
"20/07/2025";"17:32:18";"185";"Sem vítima";"74,010";"BR-277/PR";"Crescente";"Colisão frontal";1;0;0;1;0;0;0;0;0;0;2;0;0;0;0
"20/07/2025";"17:44:57";"188";"Com vítima";"255,010";"092/PR";"Crescente";"Capotamento";1;0;0;0;0;0;0;0;0;0;0;0;1;0;0
"20/07/2025";"19:06:00";"204";"Sem vítima";"60,250";"BR-277/PR";"Crescente";"Colisão frontal";1;0;1;0;0;0;0;0;0;0;2;0;0;0;0
"20/07/2025";"19:40:57";"213";"Com vítima";"22,100";"BR-277/PR";"Decrescente";"Queda de moto";0;0;0;1;0;0;0;0;0;0;0;2;0;0;0
"20/07/2025";"20:21:34";"222";"Com vítima";"4,650";"407/PR";"Crescente";"Colisão frontal";1;0;1;0;0;0;0;0;0;0;1;1;1;0;0
"21/07/2025";"01:45:15";"8";"Com vítima";"7,230";"239/PR";"Decrescente";"Acidentes de outra natureza";1;0;0;0;0;0;0;0;0;0;0;1;0;0;0
"21/07/2025";"05:45:38";"25";"Sem vítima";"12,500";"BR-277/PR";"Crescente";"Atropelamento de animal";1;0;0;0;0;0;0;0;0;0;1;0;0;0;0
"21/07/2025";"07:37:16";"63";"Com vítima";"307,110";"151/PR";"Decrescente";"Colisão frontal";1;0;0;0;1;0;0;0;0;0;2;1;0;0;0
"21/07/2025";"07:52:18";"70";"Sem vítima";"307,110";"151/PR";"Decrescente";"Colisão traseira";1;0;0;0;0;0;0;0;0;0;2;0;0;0;0
"21/07/2025";"10:50:56";"108";"Com vítima";"212,940";"151/PR";"Decrescente";"Colisão frontal";1;0;1;0;0;0;0;0;0;0;1;0;1;0;0
"21/07/2025";"11:37:21";"119";"Sem vítima";"268,756";"151/PR";"Decrescente";"Choque";0;0;1;0;0;0;0;0;0;0;5;0;0;0;0
"21/07/2025";"15:15:31";"152";"Sem vítima";"217,010";"092/PR";"Crescente";"Queda de moto";0;0;1;0;0;0;0;0;0;0;1;0;0;0;0
"21/07/2025";"17:33:52";"174";"Com vítima";"77,530";"BR-277/PR";"Decrescente";"Colisão frontal";1;0;0;0;0;0;0;0;0;1;0;2;0;0;0
"21/07/2025";"19:27:56";"185";"Sem vítima";"288,160";"092/PR";"Crescente";"Engavetamento";2;0;0;0;0;0;0;0;0;0;7;0;0;0;0
"21/07/2025";"19:55:56";"190";"Com vítima";"78,102";"BR-277/PR";"Decrescente";"Colisão traseira";0;0;0;1;0;0;0;0;0;0;0;2;0;0;0
"22/07/2025";"05:49:11";"26";"Sem vítima";"314,500";"092/PR";"Crescente";"Colisão frontal";1;0;0;0;0;0;0;0;0;0;2;0;0;0;0
"22/07/2025";"07:05:38";"51";"Sem vítima";"86,000";"BR-369/PR";"Crescente";"Colisão frontal";2;0;0;0;0;0;0;0;0;0;3;0;0;0;0
"22/07/2025";"10:02:52";"106";"Sem vítima";"260,250";"151/PR";"Crescente";"Queda de moto";1;0;0;0;0;0;0;0;0;0;3;0;0;0;0
"22/07/2025";"15:57:02";"176";"Com vítima";"11,100";"BR-277/PR";"Crescente";"Queda de moto";0;0;0;1;0;0;0;0;0;0;0;1;0;0;0
"22/07/2025";"17:05:11";"182";"Sem vítima";"306,180";"151/PR";"Crescente";"Colisão frontal";0;0;0;0;0;0;0;0;0;2;3;0;0;0;0
"22/07/2025";"20:25:13";"202";"Com vítima";"16,500";"508/PR";"Crescente";"Capotamento";1;0;0;0;0;0;0;0;0;0;0;0;1;0;0
"22/07/2025";"20:43:01";"204";"Com vítima";"12,010";"BR-277/PR";"Decrescente";"Colisão frontal";1;0;1;0;0;0;0;0;0;0;2;1;0;0;0
"22/07/2025";"22:19:53";"213";"Com vítima";"2,010";"BR-277/PR";"Crescente";"Colisão frontal";0;0;1;1;0;0;0;0;0;0;1;0;0;0;1
"23/07/2025";"02:07:45";"23";"Com vítima";"27,910";"BR-277/PR";"Decrescente";"Tombamento";0;0;1;0;0;0;0;0;0;0;0;0;1;0;0
"23/07/2025";"02:44:26";"29";"Sem vítima";"4,710";"BR-277/PR";"Crescente";"Acidentes de outra natureza";1;0;0;0;0;0;0;0;0;0;2;0;0;0;0
"23/07/2025";"06:30:09";"44";"Sem vítima";"2,540";"BR-277/PR";"Decrescente";"Choque";0;0;1;0;0;0;0;0;0;0;1;0;0;0;0
"23/07/2025";"06:56:47";"65";"Sem vítima";"41,130";"BR-369/PR";"Crescente";"Tombamento";0;0;1;0;0;0;0;0;0;0;1;0;0;0;0
"23/07/2025";"07:26:19";"79";"Sem vítima";"17,555";"407/PR";"Crescente";"Choque";1;0;0;0;0;0;0;0;0;0;1;0;0;0;0
"23/07/2025";"17:17:48";"256";"Sem vítima";"69,130";"BR-277/PR";"Crescente";"Capotamento";2;0;0;0;0;0;0;0;0;0;5;0;0;0;0
"23/07/2025";"18:13:45";"266";"Com vítima";"1,600";"508/PR";"Decrescente";"Queda de moto";1;0;0;0;0;0;0;0;0;0;0;1;1;0;0
"23/07/2025";"18:14:40";"268";"Com vítima";"68,500";"BR-277/PR";"Crescente";"Colisão frontal";1;0;1;0;0;0;0;0;0;0;0;2;0;0;0
"23/07/2025";"18:24:32";"270";"Com vítima";"68,010";"BR-277/PR";"Crescente";"Colisão frontal";1;0;1;0;0;0;0;0;0;0;1;1;0;0;0
"24/07/2025";"01:09:41";"9";"Com vítima";"77,700";"BR-277/PR";"Decrescente";"Atropelamento de animal";1;0;0;0;0;0;0;0;0;0;0;1;0;0;0
"24/07/2025";"01:32:29";"12";"Com vítima";"77,700";"BR-277/PR";"Decrescente";"Colisão frontal";1;0;0;0;0;0;0;0;0;1;0;1;3;0;0
"24/07/2025";"02:54:50";"23";"Com vítima";"3,500";"BR-277/PR";"Decrescente";"Choque";1;0;0;0;0;0;0;0;0;0;0;1;0;0;0
"24/07/2025";"04:25:38";"27";"Sem vítima";"304,050";"151/PR";"Decrescente";"Colisão transversal";1;0;1;0;0;0;0;0;0;0;3;0;0;0;0
"24/07/2025";"06:33:05";"50";"Sem vítima";"44,200";"BR-277/PR";"Crescente";"Choque";0;0;1;0;0;0;0;0;0;0;1;0;0;0;0