data;horario;n_da_ocorrencia;tipo_de_ocorrencia;km;trecho;sentido;tipo_de_acidente;automovel;bicicleta;caminhao;moto;onibus;outros;tracao_animal;transporte_de_cargas_especiais;trator_maquinas;utilitarios;ilesos;levemente_feridos;moderadamente_feridos;gravemente_feridos;mortos
"01/09/2025";"19:03:18";"164";"Sem vítima";"24,800";"BR-153/PR";"Decrescente";"Colisão frontal";1;0;0;0;0;0;0;0;0;0;1;0;0;0;0
"01/09/2025";"21:02:26";"182";"Com vítima";"76,100";"BR-277/PR";"Crescente";"Choque";1;0;0;0;0;0;0;0;0;0;0;1;1;0;0
"02/09/2025";"08:00:53";"91";"Sem vítima";"31,620";"BR-277/PR";"Decrescente";"Choque";1;0;0;0;0;0;0;0;0;0;2;0;0;0;0
"02/09/2025";"11:36:53";"143";"Sem vítima";"9,700";"BR-369/PR";"Crescente";"Colisão frontal";0;0;2;0;0;0;0;0;0;0;3;0;0;0;0
"02/09/2025";"12:25:54";"150";"Sem vítima";"11,544";"508/PR";"Decrescente";"Queda de moto";0;0;0;1;0;0;0;0;0;0;2;0;0;0;0
"03/09/2025";"06:27:50";"51";"Sem vítima";"38,280";"BR-277/PR";"Decrescente";"Choque";0;0;1;0;0;0;0;0;0;0;1;0;0;0;0
"03/09/2025";"13:09:41";"174";"Com vítima";"1,010";"BR-277/PR";"Decrescente";"Colisão frontal";0;1;0;0;0;0;0;0;0;0;0;0;0;0;0
"03/09/2025";"13:32:01";"178";"Com vítima";"50,698";"BR-153/PR";"Decrescente";"Engavetamento";2;0;0;0;0;0;0;0;0;0;2;1;0;0;0
"03/09/2025";"19:37:39";"249";"Com vítima";"17,400";"407/PR";"Decrescente";"Acidentes de outra natureza";0;0;0;0;0;0;0;0;0;0;0;0;0;0;0
"03/09/2025";"19:42:45";"252";"Com vítima";"76,180";"BR-277/PR";"Crescente";"Acidentes de outra natureza";0;0;0;1;0;0;0;0;0;0;0;1;1;0;0
"04/09/2025";"07:31:49";"63";"Com vítima";"216,600";"092/PR";"Crescente";"Colisão frontal";0;0;0;1;0;0;0;0;0;1;1;1;0;0;0
"04/09/2025";"07:43:10";"70";"Com vítima";"39,108";"BR-369/PR";"Decrescente";"Colisão frontal";1;0;1;0;0;0;0;0;0;0;2;3;0;0;0
"04/09/2025";"08:00:34";"78";"Sem vítima";"74,414";"BR-277/PR";"Crescente";"Colisão frontal";2;0;0;0;0;0;0;0;0;0;2;0;0;0;0
"04/09/2025";"08:50:29";"96";"Com vítima";"82,500";"BR-277/PR";"Crescente";"Colisão frontal";1;0;0;1;0;0;0;0;0;0;1;1;0;0;0
"04/09/2025";"09:39:53";"109";"Sem vítima";"286,300";"151/PR";"Decrescente";"Colisão traseira";0;0;0;0;0;0;0;0;0;1;2;0;0;0;0
"04/09/2025";"10:43:39";"131";"Sem vítima";"3,500";"BR-277/PR";"Decrescente";"Colisão traseira";0;0;1;0;0;0;0;0;0;0;2;0;0;0;0
"04/09/2025";"13:02:52";"169";"Sem vítima";"29,870";"BR-277/PR";"Decrescente";"Engavetamento";1;0;1;0;0;0;0;0;0;0;6;0;0;0;0
"04/09/2025";"13:28:28";"176";"Sem vítima";"270,479";"092/PR";"Decrescente";"Choque";1;0;0;0;0;0;0;0;0;0;1;0;0;0;0
"04/09/2025";"17:30:22";"238";"Com vítima";"16,664";"BR-153/PR";"Decrescente";"Choque";1;0;0;0;0;0;0;0;0;0;0;0;0;1;0
"04/09/2025";"19:36:57";"253";"Com vítima";"75,940";"BR-277/PR";"Decrescente";"Queda de moto";0;0;0;1;0;0;0;0;0;0;0;2;0;0;0
"05/09/2025";"02:02:45";"22";"Com vítima";"80,839";"BR-277/PR";"Decrescente";"Queda de moto";1;0;0;1;0;0;0;0;0;0;1;1;0;0;0
"05/09/2025";"05:09:43";"39";"Sem vítima";"292,730";"092/PR";"Crescente";"Atropelamento de animal";0;0;0;0;0;0;0;0;0;1;6;0;0;0;0
"05/09/2025";"13:01:14";"151";"Sem vítima";"38,515";"BR-277/PR";"Crescente";"Colisão frontal";0;0;1;0;0;0;0;0;0;1;2;0;0;0;0
"05/09/2025";"13:52:29";"160";"Sem vítima";"32,150";"BR-277/PR";"Decrescente";"Engavetamento";4;0;1;0;0;0;0;0;0;2;8;0;0;0;0
"05/09/2025";"15:58:28";"178";"Sem vítima";"38,120";"BR-277/PR";"Crescente";"Choque";1;0;0;0;0;0;0;0;0;0;1;0;0;0;0
"05/09/2025";"20:00:35";"210";"Sem vítima";"54,070";"BR-277/PR";"Decrescente";"Colisão transversal";1;0;1;0;0;0;0;0;0;0;5;0;0;0;0
"05/09/2025";"21:45:42";"226";"Sem vítima";"296,200";"092/PR";"Crescente";"Colisão frontal";0;0;0;0;0;0;0;0;0;2;3;0;0;0;0
"06/09/2025";"04:50:31";"30";"Sem vítima";"5,251";"407/PR";"Decrescente";"Queda de moto";0;0;0;1;0;0;0;0;0;0;1;0;0;0;0
"06/09/2025";"06:33:21";"35";"Sem vítima";"0,050";"BR-277/PR";"Crescente";"Choque";1;0;0;0;0;0;0;0;0;0;1;0;0;0;0
"06/09/2025";"08:04:39";"56";"Sem vítima";"17,300";"508/PR";"Crescente";"Choque";1;0;0;0;0;0;0;0;0;0;1;0;0;0;0
"06/09/2025";"08:57:31";"69";"Sem vítima";"289,567";"151/PR";"Decrescente";"Acidentes de outra natureza";1;0;0;0;0;0;0;0;0;0;2;0;0;0;0
"06/09/2025";"09:29:06";"72";"Sem vítima";"23,250";"BR-153/PR";"Decrescente";"Colisão frontal";1;0;1;0;0;0;0;0;0;0;4;0;0;0;0
"06/09/2025";"16:33:00";"124";"Com vítima";"30,000";"BR-277/PR";"Decrescente";"Capotamento";1;0;0;0;0;0;0;0;0;0;1;2;1;0;0
"06/09/2025";"16:36:28";"125";"Sem vítima";"60,250";"BR-277/PR";"Crescente";"Colisão frontal";0;0;2;0;0;0;0;0;0;0;2;0;0;0;0
"06/09/2025";"22:08:30";"157";"Sem vítima";"42,025";"BR-277/PR";"Decrescente";"Colisão frontal";0;0;2;0;0;0;0;0;0;0;3;0;0;0;0
"07/09/2025";"04:22:01";"33";"Sem vítima";"3,500";"407/PR";"Crescente";"Colisão frontal";0;0;0;0;1;0;0;0;0;1;4;0;0;0;0
"07/09/2025";"05:23:13";"35";"Com vítima";"0,992";"407/PR";"Crescente";"Queda de moto";0;0;0;1;0;0;0;0;0;0;0;0;1;0;0
"07/09/2025";"07:13:53";"44";"Sem vítima";"70,900";"BR-277/PR";"Crescente";"Choque";1;0;0;0;0;0;0;0;0;0;1;0;0;0;0
"07/09/2025";"08:41:57";"62";"Sem vítima";"70,103";"BR-277/PR";"Crescente";"Acidentes de outra natureza";1;0;0;0;0;0;0;0;0;0;1;0;0;0;0
"07/09/2025";"18:58:06";"136";"Com vítima";"82,420";"BR-277/PR";"Crescente";"Choque";0;0;0;0;0;0;0;0;0;1;0;0;0;1;0
"07/09/2025";"20:50:19";"150";"Com vítima";"37,200";"BR-369/PR";"Crescente";"Colisão transversal";1;0;0;1;0;0;0;0;0;0;4;1;0;0;0
"08/09/2025";"04:55:21";"28";"Sem vítima";"225,230";"151/PR";"Decrescente";"Tombamento";0;0;1;0;0;0;0;0;0;0;1;0;0;0;0
"08/09/2025";"07:10:38";"56";"Sem vítima";"61,770";"BR-369/PR";"Crescente";"Tombamento";0;0;1;0;0;0;0;0;0;0;2;0;0;0;0
"08/09/2025";"07:25:07";"62";"Com vítima";"5,473";"BR-277/PR";"Decrescente";"Colisão frontal";0;0;1;2;0;0;0;0;0;0;1;2;0;0;0
"08/09/2025";"09:01:14";"94";"Com vítima";"3,065";"BR-277/PR";"Crescente";"Colisão frontal";1;0;1;0;0;0;0;0;0;0;1;1;0;0;0
"08/09/2025";"18:08:00";"233";"Sem vítima";"1,470";"BR-277/PR";"Decrescente";"Colisão traseira";1;0;0;1;0;0;0;0;0;0;6;0;0;0;0
"08/09/2025";"18:31:22";"239";"Com vítima";"4,920";"508/PR";"Crescente";"Colisão frontal";0;1;1;0;0;0;0;0;0;0;0;1;0;0;0
"08/09/2025";"21:04:24";"262";"Sem vítima";"272,500";"151/PR";"Crescente";"Atropelamento de animal";1;0;0;0;0;0;0;0;0;0;1;0;0;0;0
"08/09/2025";"22:40:38";"271";"Com vítima";"6,700";"BR-277/PR";"Decrescente";"Colisão frontal";0;1;0;1;0;0;0;0;0;0;0;1;0;0;0
"08/09/2025";"22:56:18";"275";"Sem vítima";"76,140";"BR-277/PR";"Decrescente";"Colisão traseira";2;0;0;0;0;0;0;0;0;0;4;0;0;0;0
"09/09/2025";"01:48:30";"30";"Com vítima";"76,500";"BR-277/PR";"Decrescente";"Queda de moto";0;0;0;1;0;0;0;0;0;0;0;2;0;0;0
"09/09/2025";"04:28:05";"38";"Sem vítima";"1,900";"407/PR";"Crescente";"Choque";1;0;0;0;0;0;0;0;0;0;1;0;0;0;0
"09/09/2025";"07:22:46";"66";"Sem vítima";"198,408";"151/PR";"Decrescente";"Choque";1;0;0;0;0;0;0;0;0;0;4;0;0;0;0
"09/09/2025";"08:26:12";"93";"Sem vítima";"74,959";"BR-277/PR";"Crescente";"Colisão frontal";1;0;0;1;0;0;0;0;0;0;2;0;0;0;0
"09/09/2025";"08:29:38";"97";"Com vítima";"33,991";"BR-153/PR";"Crescente";"Choque";1;0;0;0;0;0;0;0;0;0;0;0;1;0;0
"09/09/2025";"09:36:54";"108";"Sem vítima";"180,577";"151/PR";"Decrescente";"Choque";1;0;0;0;0;0;0;0;0;0;4;0;0;0;0
"09/09/2025";"13:18:44";"158";"Com vítima";"3,500";"407/PR";"Crescente";"Colisão frontal";1;0;1;0;0;0;0;0;0;0;0;1;0;0;0
"10/09/2025";"08:17:51";"80";"Sem vítima";"67,150";"BR-277/PR";"Decrescente";"Engavetamento";1;0;1;0;0;0;0;0;0;0;3;0;0;0;0
"10/09/2025";"08:23:26";"83";"Sem vítima";"67,700";"BR-277/PR";"Decrescente";"Colisão frontal";1;0;1;0;0;0;0;0;0;0;2;0;0;0;0
"10/09/2025";"10:10:31";"107";"Sem vítima";"1,200";"BR-277/PR";"Decrescente";"Colisão traseira";1;0;1;0;0;0;0;0;0;0;4;0;0;0;0
"10/09/2025";"13:01:22";"126";"Sem vítima";"50,500";"BR-153/PR";"Crescente";"Choque";1;0;0;0;0;0;0;0;0;0;1;0;0;0;0
"10/09/2025";"19:17:08";"183";"Sem vítima";"291,220";"151/PR";"Decrescente";"Atropelamento de animal";1;0;0;0;0;0;0;0;0;0;1;0;0;0;0
"10/09/2025";"19:54:00";"188";"Com vítima";"1,010";"BR-277/PR";"Crescente";"Colisão traseira";0;1;1;0;0;0;0;0;0;0;2;0;1;0;0
"10/09/2025";"21:46:27";"200";"Com vítima";"277,270";"092/PR";"Decrescente";"Colisão traseira";0;0;1;0;0;0;0;0;0;0;2;0;0;0;0
"10/09/2025";"22:34:33";"205";"Sem vítima";"221,880";"092/PR";"Crescente";"Queda de moto";1;0;0;0;0;0;0;0;0;0;1;0;0;0;0
"11/09/2025";"07:59:15";"84";"Sem vítima";"78,010";"BR-277/PR";"Decrescente";"Colisão frontal";1;0;0;1;0;0;0;0;0;0;3;0;0;0;0
"11/09/2025";"11:50:11";"132";"Sem vítima";"37,100";"BR-369/PR";"Decrescente";"Colisão frontal";2;0;0;0;0;0;0;0;0;0;3;0;0;0;0
"11/09/2025";"17:23:35";"191";"Sem vítima";"47,500";"BR-277/PR";"Decrescente";"Queda de moto";0;0;0;1;0;0;0;0;0;0;0;0;0;0;0
"11/09/2025";"19:27:58";"205";"Com vítima";"238,060";"092/PR";"Crescente";"Atropelamento de pedestre";0;0;1;0;0;0;0;0;0;0;1;0;0;0;1
"12/09/2025";"14:14:05";"186";"Com vítima";"278,827";"092/PR";"Decrescente";"Colisão frontal";0;0;0;0;0;0;0;0;0;2;0;2;0;0;0
"12/09/2025";"16:49:27";"221";"Sem vítima";"75,771";"BR-369/PR";"Crescente";"Colisão traseira";1;0;0;0;0;0;0;0;0;0;2;0;0;0;0
"12/09/2025";"17:41:36";"238";"Com vítima";"8,500";"408/PR";"Decrescente";"Colisão frontal";1;0;0;1;0;0;0;0;0;0;1;1;0;0;0
"12/09/2025";"19:15:44";"252";"Com vítima";"32,700";"BR-277/PR";"Crescente";"Choque";1;0;0;0;0;0;0;0;0;0;0;1;0;0;0
"13/09/2025";"00:15:00";"3";"Sem vítima";"203,100";"092/PR";"Crescente";"Atropelamento de animal";1;0;0;0;0;0;0;0;0;0;3;0;0;0;0
"13/09/2025";"05:58:21";"39";"Sem vítima";"38,500";"BR-277/PR";"Decrescente";"Choque";1;0;0;0;0;0;0;0;0;0;2;0;0;0;0
"13/09/2025";"06:58:27";"56";"Sem vítima";"80,120";"BR-277/PR";"Decrescente";"Colisão frontal";2;0;0;0;0;0;0;0;0;0;1;0;0;0;0
"13/09/2025";"07:12:11";"63";"Com vítima";"66,120";"BR-277/PR";"Decrescente";"Engavetamento";2;0;0;0;0;0;0;0;0;0;5;0;0;1;0
"13/09/2025";"08:14:15";"86";"Com vítima";"19,500";"BR-369/PR";"Decrescente";"Colisão frontal";0;0;0;2;0;0;0;0;0;0;0;3;0;0;0
"13/09/2025";"11:29:53";"131";"Sem vítima";"51,500";"BR-153/PR";"Crescente";"Colisão frontal";0;0;0;1;0;0;0;0;0;1;2;0;0;0;0
"13/09/2025";"12:25:55";"144";"Sem vítima";"74,010";"BR-277/PR";"Decrescente";"Colisão frontal";1;0;0;0;0;0;0;0;0;0;1;0;0;0;0
"13/09/2025";"14:22:02";"163";"Sem vítima";"73,120";"BR-277/PR";"Decrescente";"Colisão frontal";2;0;0;0;0;0;0;0;0;0;4;0;0;0;0
"13/09/2025";"14:30:43";"165";"Sem vítima";"7,800";"408/PR";"Decrescente";"Choque";1;0;0;0;0;0;0;0;0;0;2;0;0;0;0
"13/09/2025";"23:38:37";"228";"Com vítima";"6,720";"BR-277/PR";"Crescente";"Queda de moto";0;0;0;1;0;0;0;0;0;0;0;2;0;0;0
"14/09/2025";"00:28:14";"10";"Sem vítima";"284,178";"151/PR";"Decrescente";"Choque";1;0;0;0;0;0;0;0;0;0;1;0;0;0;0
"14/09/2025";"05:30:17";"46";"Com vítima";"49,160";"BR-369/PR";"Crescente";"Colisão frontal";1;0;1;0;0;0;0;0;0;0;0;3;2;0;0
"14/09/2025";"05:54:52";"49";"Sem vítima";"6,720";"BR-277/PR";"Crescente";"Colisão frontal";2;0;0;0;0;0;0;0;0;0;2;0;0;0;0
"14/09/2025";"10:34:40";"96";"Com vítima";"33,307";"BR-277/PR";"Crescente";"Colisão frontal";0;0;1;1;0;0;0;0;0;0;1;0;1;0;0
"14/09/2025";"13:11:12";"121";"Com vítima";"8,426";"407/PR";"Decrescente";"Colisão frontal";1;0;0;1;0;0;0;0;0;0;0;0;0;2;0
"14/09/2025";"15:47:05";"157";"Com vítima";"308,271";"092/PR";"Decrescente";"Colisão frontal";2;0;0;0;0;0;0;0;0;0;2;3;0;0;0
"14/09/2025";"16:03:53";"162";"Com vítima";"4,740";"BR-277/PR";"Crescente";"Tombamento";0;1;1;0;0;0;0;0;0;0;0;0;1;0;0
"14/09/2025";"19:13:22";"209";"Com vítima";"0,500";"408/PR";"Crescente";"Queda de moto";0;0;0;1;0;0;0;0;0;0;0;1;1;0;0
"14/09/2025";"19:35:34";"214";"Com vítima";"62,500";"BR-277/PR";"Decrescente";"Colisão transversal";1;0;0;1;0;0;0;0;0;0;5;0;1;0;0
"14/09/2025";"19:46:59";"217";"Com vítima";"1,980";"408/PR";"Crescente";"Colisão frontal";0;0;0;2;0;0;0;0;0;0;0;1;0;0;1
"14/09/2025";"19:52:13";"218";"Com vítima";"12,100";"BR-277/PR";"Decrescente";"Colisão frontal";2;0;0;0;0;0;0;0;0;0;1;1;0;1;0
"14/09/2025";"20:34:56";"224";"Com vítima";"215,240";"151/PR";"Decrescente";"Colisão frontal";0;0;0;1;0;0;0;0;0;1;3;0;1;1;0
"14/09/2025";"22:49:02";"236";"Sem vítima";"73,019";"BR-277/PR";"Crescente";"Queda de moto";1;0;0;0;0;0;0;0;0;0;1;0;0;0;0
"15/09/2025";"08:00:20";"90";"Com vítima";"0,555";"BR-277/PR";"Crescente";"Queda de moto";0;0;0;1;0;0;0;0;0;0;0;2;0;0;0
"15/09/2025";"13:35:44";"148";"Sem vítima";"38,125";"BR-277/PR";"Crescente";"Colisão frontal";1;0;1;0;0;0;0;0;0;0;3;0;0;0;0
"15/09/2025";"13:50:24";"152";"Com vítima";"21,285";"508/PR";"Decrescente";"Capotamento";1;0;0;0;0;0;0;0;0;0;0;0;0;1;0
"15/09/2025";"14:29:00";"161";"Com vítima";"66,010";"BR-277/PR";"Decrescente";"Colisão frontal";1;0;0;1;0;0;0;0;0;0;0;1;2;0;0
"15/09/2025";"18:34:51";"208";"Sem vítima";"68,109";"BR-277/PR";"Crescente";"Engavetamento";3;0;0;0;0;0;0;0;0;0;4;0;0;0;0
"15/09/2025";"19:02:41";"211";"Com vítima";"36,010";"BR-369/PR";"Decrescente";"Engavetamento";1;0;0;1;0;0;0;0;0;0;1;1;1;0;0
"16/09/2025";"05:50:30";"36";"Sem vítima";"273,000";"151/PR";"Decrescente";"Capotamento";1;0;0;0;0;0;0;0;0;0;1;0;0;0;0
"16/09/2025";"07:28:04";"65";"Com vítima";"80,050";"BR-277/PR";"Crescente";"Colisão frontal";1;0;0;1;0;0;0;0;0;0;1;1;0;0;0
"16/09/2025";"07:41:58";"75";"Sem vítima";"77,700";"BR-277/PR";"Crescente";"Queda de moto";0;0;0;1;0;0;0;0;0;0;2;0;0;0;0
"16/09/2025";"08:03:11";"84";"Com vítima";"71,100";"BR-277/PR";"Crescente";"Colisão frontal";2;0;0;0;0;0;0;0;0;0;2;1;0;0;0
"16/09/2025";"15:12:22";"164";"Sem vítima";"0,400";"BR-277/PR";"Crescente";"Colisão traseira";0;0;1;0;0;0;0;0;0;1;4;0;0;0;0
"17/09/2025";"06:58:05";"61";"Com vítima";"187,950";"151/PR";"Crescente";"Tombamento";0;0;1;0;0;0;0;0;0;0;0;2;0;0;0
"17/09/2025";"07:19:27";"75";"Com vítima";"11,950";"408/PR";"Crescente";"Colisão frontal";1;0;0;1;0;0;0;0;0;0;1;1;0;0;0
"17/09/2025";"09:18:56";"146";"Sem vítima";"216,120";"151/PR";"Crescente";"Colisão frontal";0;0;2;0;0;0;0;0;0;0;2;0;0;0;0
"17/09/2025";"12:11:08";"184";"Sem vítima";"3,000";"BR-277/PR";"Crescente";"Colisão frontal";2;0;1;0;0;0;0;0;0;0;3;0;0;0;0
"17/09/2025";"12:46:05";"194";"Com vítima";"1,500";"BR-277/PR";"Crescente";"Queda de moto";0;0;0;1;0;0;0;0;0;0;0;2;0;0;0
"17/09/2025";"15:01:59";"228";"Com vítima";"2,400";"BR-277/PR";"Decrescente";"Colisão frontal";0;0;1;1;0;0;0;0;0;0;1;0;1;0;0
"17/09/2025";"16:29:16";"256";"Com vítima";"78,621";"BR-277/PR";"Decrescente";"Colisão frontal";0;0;1;0;0;0;0;0;0;1;1;1;0;0;0
"17/09/2025";"17:07:23";"266";"Sem vítima";"35,980";"BR-277/PR";"Crescente";"Colisão frontal";0;0;2;0;0;0;0;0;0;0;2;0;0;0;0
"17/09/2025";"20:04:35";"296";"Sem vítima";"74,900";"BR-277/PR";"Crescente";"Choque";0;0;0;0;0;0;0;0;0;0;0;0;0;0;0
"17/09/2025";"20:05:21";"297";"Com vítima";"11,100";"239/PR";"Decrescente";"Colisão frontal";1;0;0;1;0;0;0;0;0;0;1;1;0;0;0
"18/09/2025";"06:50:24";"63";"Com vítima";"81,100";"BR-277/PR";"Crescente";"Engavetamento";1;0;0;1;0;0;0;0;0;0;2;1;1;0;0
"18/09/2025";"08:05:33";"95";"Sem vítima";"1,460";"BR-277/PR";"Decrescente";"Engavetamento";1;0;0;1;0;0;0;0;0;0;2;0;0;0;0
"18/09/2025";"08:32:14";"102";"Sem vítima";"223,340";"151/PR";"Decrescente";"Colisão frontal";1;0;1;0;0;0;0;0;0;0;3;0;0;0;0
"18/09/2025";"09:46:26";"122";"Com vítima";"0,500";"BR-277/PR";"Decrescente";"Queda de moto";0;0;0;1;0;0;0;0;0;0;0;1;0;0;0
"18/09/2025";"11:50:03";"151";"Com vítima";"1,653";"BR-153/PR";"Decrescente";"Queda de moto";0;0;0;1;0;0;0;0;0;0;0;1;0;0;0
"18/09/2025";"14:56:27";"185";"Com vítima";"7,120";"BR-277/PR";"Crescente";"Colisão frontal";1;1;0;0;0;0;0;0;0;0;1;0;0;0;0
"18/09/2025";"15:06:39";"186";"Sem vítima";"4,381";"BR-369/PR";"Decrescente";"Capotamento";1;0;0;0;0;0;0;0;0;0;1;0;0;0;0
"19/09/2025";"02:57:10";"27";"Com vítima";"280,750";"092/PR";"Decrescente";"Colisão traseira";0;0;0;1;0;0;0;0;0;0;0;0;1;0;0
"19/09/2025";"11:56:45";"134";"Sem vítima";"75,500";"BR-369/PR";"Decrescente";"Colisão frontal";0;0;0;0;0;0;0;0;0;2;2;0;0;0;0
"19/09/2025";"17:44:02";"207";"Sem vítima";"39,100";"BR-369/PR";"Crescente";"Colisão frontal";0;0;0;1;1;0;0;0;0;0;2;0;0;0;0
"19/09/2025";"18:13:22";"212";"Com vítima";"1,300";"BR-277/PR";"Crescente";"Colisão frontal";1;0;0;1;0;0;0;0;0;0;1;0;2;0;0
"19/09/2025";"18:38:34";"217";"Com vítima";"311,400";"151/PR";"Crescente";"Capotamento";1;0;0;0;0;0;0;0;0;0;0;1;0;0;0
"19/09/2025";"19:16:45";"224";"Com vítima";"81,200";"BR-277/PR";"Crescente";"Colisão frontal";1;0;0;1;0;0;0;0;0;0;1;0;1;0;0
"19/09/2025";"20:58:37";"235";"Sem vítima";"37,400";"BR-277/PR";"Decrescente";"Acidentes de outra natureza";1;0;0;0;0;0;0;0;0;0;4;0;0;0;0
"19/09/2025";"22:55:44";"249";"Sem vítima";"312,700";"151/PR";"Decrescente";"Queda de moto";1;0;0;0;0;0;0;0;0;0;0;0;0;0;0
"19/09/2025";"23:50:51";"260";"Com vítima";"311,100";"151/PR";"Decrescente";"Atropelamento de pedestre";0;0;0;1;0;0;0;0;0;0;0;1;0;1;0
"20/09/2025";"05:15:26";"52";"Sem vítima";"283,010";"092/PR";"Decrescente";"Queda de moto";1;0;0;0;0;0;0;0;0;0;4;0;0;0;0
"20/09/2025";"11:24:10";"104";"Sem vítima";"300,010";"151/PR";"Crescente";"Choque";0;0;0;0;0;0;0;0;0;1;1;0;0;0;0
"20/09/2025";"11:52:07";"106";"Com vítima";"63,900";"BR-369/PR";"Decrescente";"Capotamento";1;0;0;0;0;0;0;0;0;0;2;1;0;0;0
"20/09/2025";"14:27:45";"142";"Com vítima";"0,640";"407/PR";"Decrescente";"Colisão frontal";1;0;0;1;0;0;0;0;0;0;2;1;0;0;0
"20/09/2025";"14:47:52";"145";"Com vítima";"77,500";"BR-277/PR";"Crescente";"Queda de moto";0;0;0;1;0;0;0;0;0;0;0;1;0;0;0
"20/09/2025";"15:53:27";"163";"Sem vítima";"41,700";"BR-277/PR";"Decrescente";"Colisão traseira";0;0;0;1;0;0;0;0;0;0;2;0;0;0;0
"20/09/2025";"17:09:49";"181";"Com vítima";"281,152";"151/PR";"Decrescente";"Colisão frontal";1;0;0;1;0;0;0;0;0;0;4;1;0;0;1
"20/09/2025";"17:23:43";"186";"Com vítima";"18,300";"BR-153/PR";"Crescente";"Colisão frontal";0;1;0;0;0;0;0;0;0;1;1;0;0;0;0
"20/09/2025";"20:01:43";"211";"Sem vítima";"76,300";"BR-277/PR";"Decrescente";"Choque";1;0;0;0;0;0;0;0;0;0;1;0;0;0;0
"20/09/2025";"22:17:12";"223";"Sem vítima";"2,800";"BR-277/PR";"Decrescente";"Choque";1;0;0;0;0;0;0;0;0;0;1;0;0;0;0
"20/09/2025";"22:37:59";"225";"Com vítima";"19,390";"BR-369/PR";"Crescente";"Atropelamento de pedestre";1;0;0;0;0;0;0;0;0;0;1;0;1;0;0
"21/09/2025";"10:08:28";"89";"Com vítima";"78,000";"BR-277/PR";"Crescente";"Choque";0;1;0;1;0;0;0;0;0;0;1;1;0;0;0
"21/09/2025";"12:35:19";"112";"Sem vítima";"33,900";"BR-369/PR";"Decrescente";"Choque";1;0;0;0;0;0;0;0;0;0;1;0;0;0;0
"21/09/2025";"14:12:30";"132";"Sem vítima";"23,080";"BR-153/PR";"Decrescente";"Tombamento";0;0;1;0;0;0;0;0;0;0;2;0;0;0;0
"21/09/2025";"17:06:56";"187";"Sem vítima";"23,800";"BR-277/PR";"Crescente";"Choque";1;0;0;0;0;0;0;0;0;0;1;0;0;0;0
"21/09/2025";"17:13:07";"188";"Sem vítima";"1,100";"855/PR";"Decrescente";"Queda de moto";0;0;0;1;0;0;0;0;0;0;1;0;0;0;0
"21/09/2025";"17:53:38";"201";"Sem vítima";"28,010";"BR-277/PR";"Crescente";"Colisão frontal";1;0;0;0;0;0;0;0;0;0;1;0;0;0;0
"21/09/2025";"18:04:38";"203";"Sem vítima";"7,630";"407/PR";"Decrescente";"Queda de moto";1;0;0;0;0;0;0;0;0;0;5;0;0;0;0
"21/09/2025";"18:35:26";"210";"Sem vítima";"39,200";"BR-277/PR";"Crescente";"Colisão frontal";0;0;0;1;0;0;0;0;0;1;4;0;0;0;0
"21/09/2025";"20:02:24";"235";"Com vítima";"224,920";"092/PR";"Crescente";"Colisão traseira";0;0;1;0;0;0;0;0;0;0;2;0;0;0;0
"21/09/2025";"20:17:37";"238";"Sem vítima";"38,200";"BR-277/PR";"Crescente";"Colisão frontal";1;0;0;0;0;0;0;0;0;1;4;0;0;0;0
"22/09/2025";"06:26:38";"51";"Sem vítima";"38,200";"BR-277/PR";"Crescente";"Choque";0;0;0;0;0;0;0;0;0;1;1;0;0;0;0
"22/09/2025";"06:33:06";"56";"Sem vítima";"246,400";"092/PR";"Crescente";"Choque";1;0;0;0;0;0;0;0;0;0;1;0;0;0;0
"22/09/2025";"06:54:01";"66";"Sem vítima";"6,589";"BR-277/PR";"Crescente";"Choque";1;0;0;0;0;0;0;0;0;0;1;0;0;0;0
"22/09/2025";"07:05:09";"75";"Sem vítima";"284,900";"151/PR";"Decrescente";"Choque";1;0;0;0;0;0;0;0;0;0;1;0;0;0;0
"22/09/2025";"07:15:24";"78";"Com vítima";"6,653";"BR-277/PR";"Crescente";"Queda de moto";0;0;0;1;0;0;0;0;0;0;0;1;0;0;0
"22/09/2025";"09:56:18";"151";"Sem vítima";"1,600";"BR-369/PR";"Decrescente";"Choque";1;0;0;0;0;0;0;0;0;0;1;0;0;0;0
"22/09/2025";"11:15:43";"167";"Sem vítima";"219,700";"151/PR";"Decrescente";"Capotamento";1;0;0;0;0;0;0;0;0;0;1;0;0;0;0
"22/09/2025";"12:59:13";"186";"Sem vítima";"38,833";"BR-277/PR";"Crescente";"Choque";0;0;0;0;0;0;0;0;0;1;1;0;0;0;0
"22/09/2025";"14:24:21";"205";"Sem vítima";"83,833";"BR-277/PR";"Decrescente";"Choque";1;0;0;0;0;0;0;0;0;0;1;0;0;0;0
"23/09/2025";"08:39:17";"127";"Sem vítima";"273,259";"151/PR";"Crescente";"Acidentes de outra natureza";1;0;0;0;0;0;0;0;0;0;1;0;0;0;0
"23/09/2025";"10:37:58";"161";"Sem vítima";"4,500";"BR-277/PR";"Crescente";"Colisão frontal";0;0;2;0;0;0;0;0;0;0;2;0;0;0;0