data;horario;n_da_ocorrencia;tipo_de_ocorrencia;km;trecho;sentido;tipo_de_acidente;automovel;bicicleta;caminhao;moto;onibus;outros;tracao_animal;transporte_de_cargas_especiais;trator_maquinas;utilitarios;ilesos;levemente_feridos;moderadamente_feridos;gravemente_feridos;mortos
"23/09/2025";"12:51:17";"189";"Sem vítima";"38,250";"BR-153/PR";"Decrescente";"Tombamento";0;0;1;0;0;0;0;0;0;0;1;0;0;0;0
"23/09/2025";"17:26:10";"245";"Sem vítima";"75,400";"BR-277/PR";"Crescente";"Colisão frontal";3;0;0;0;0;0;0;0;0;0;6;0;0;0;0
"23/09/2025";"19:57:07";"268";"Com vítima";"292,500";"092/PR";"Crescente";"Colisão frontal";1;0;1;0;0;0;0;0;0;0;3;2;0;0;0
"23/09/2025";"21:32:08";"278";"Sem vítima";"288,400";"092/PR";"Crescente";"Atropelamento de animal";0;0;0;0;0;0;0;0;0;1;1;0;0;0;0
"23/09/2025";"22:34:27";"287";"Com vítima";"72,970";"BR-277/PR";"Decrescente";"Atropelamento de pedestre";0;0;0;0;0;0;0;0;0;0;0;1;0;0;0
"24/09/2025";"18:57:52";"215";"Sem vítima";"309,500";"151/PR";"Decrescente";"Queda de moto";0;0;0;0;0;0;0;0;0;1;1;0;0;0;0
"24/09/2025";"19:55:41";"221";"Sem vítima";"31,150";"BR-277/PR";"Crescente";"Colisão frontal";1;0;1;0;0;0;0;0;0;0;2;0;0;0;0
"25/09/2025";"08:06:09";"79";"Sem vítima";"8,650";"BR-277/PR";"Decrescente";"Capotamento";1;0;0;0;0;0;0;0;0;0;1;0;0;0;0
"25/09/2025";"10:31:05";"117";"Sem vítima";"60,250";"BR-277/PR";"Crescente";"Colisão frontal";0;0;2;0;0;0;0;0;0;0;2;0;0;0;0
"25/09/2025";"18:36:11";"189";"Com vítima";"81,209";"BR-277/PR";"Decrescente";"Engavetamento";1;0;0;1;0;0;0;0;0;0;3;0;1;0;0
"25/09/2025";"21:14:48";"208";"Com vítima";"217,300";"092/PR";"Crescente";"Capotamento";0;0;0;0;0;0;0;0;0;1;0;1;0;0;0
"25/09/2025";"23:10:57";"223";"Com vítima";"204,150";"151/PR";"Decrescente";"Tombamento";0;0;1;0;0;0;0;0;0;0;0;1;0;0;0
"26/09/2025";"01:51:41";"23";"Sem vítima";"83,762";"BR-277/PR";"Decrescente";"Choque";1;0;0;0;0;0;0;0;0;0;1;0;0;0;0
"26/09/2025";"07:44:47";"92";"Sem vítima";"83,680";"BR-277/PR";"Decrescente";"Choque";1;0;0;0;0;0;0;0;0;0;1;0;0;0;0
"26/09/2025";"08:06:57";"97";"Sem vítima";"223,340";"151/PR";"Decrescente";"Colisão frontal";0;0;2;0;0;0;0;0;0;0;2;0;0;0;0
"26/09/2025";"08:22:13";"104";"Com vítima";"80,069";"BR-277/PR";"Crescente";"Colisão frontal";1;0;0;1;0;0;0;0;0;0;2;0;1;0;0
"26/09/2025";"16:35:28";"217";"Sem vítima";"294,444";"151/PR";"Crescente";"Choque";1;0;0;0;0;0;0;0;0;0;1;0;0;0;0
"26/09/2025";"17:36:18";"228";"Sem vítima";"284,090";"092/PR";"Crescente";"Acidentes de outra natureza";1;0;0;0;0;0;0;0;0;0;1;0;0;0;0
"26/09/2025";"18:35:58";"234";"Sem vítima";"36,460";"BR-277/PR";"Crescente";"Choque";0;0;0;0;0;0;0;0;0;1;1;0;0;0;0
"26/09/2025";"19:12:59";"241";"Com vítima";"83,516";"BR-277/PR";"Crescente";"Queda de moto";0;0;0;1;0;0;0;0;0;0;0;1;0;0;0
"27/09/2025";"02:18:19";"27";"Sem vítima";"218,095";"151/PR";"Crescente";"Choque";0;0;0;0;0;0;0;0;0;0;0;0;0;0;0
"27/09/2025";"07:36:06";"59";"Sem vítima";"34,501";"BR-277/PR";"Decrescente";"Colisão frontal";1;0;1;0;0;0;0;0;0;0;3;0;0;0;0
"27/09/2025";"07:50:11";"63";"Sem vítima";"59,677";"BR-277/PR";"Crescente";"Capotamento";0;0;0;0;0;0;0;0;0;0;0;0;0;0;0
"27/09/2025";"08:46:46";"78";"Com vítima";"22,310";"BR-369/PR";"Crescente";"Colisão frontal";2;0;0;0;0;0;0;0;0;0;0;4;0;0;0
"27/09/2025";"13:13:15";"138";"Com vítima";"0,320";"BR-277/PR";"Decrescente";"Atropelamento de pedestre";1;0;0;0;0;0;0;0;0;0;1;0;1;0;0
"27/09/2025";"16:05:10";"174";"Sem vítima";"13,070";"411/PR";"Decrescente";"Capotamento";1;0;0;0;0;0;0;0;0;0;1;0;0;0;0
"27/09/2025";"18:14:22";"196";"Sem vítima";"32,490";"BR-277/PR";"Crescente";"Choque";1;0;0;0;0;0;0;0;0;0;5;0;0;0;0
"27/09/2025";"22:05:52";"226";"Com vítima";"20,910";"508/PR";"Decrescente";"Atropelamento de animal";2;0;0;0;0;0;0;0;0;0;6;2;1;0;0
"28/09/2025";"01:12:30";"5";"Com vítima";"51,494";"BR-153/PR";"Crescente";"Choque";1;0;0;0;0;0;0;0;0;0;0;1;0;0;0
"28/09/2025";"01:38:08";"15";"Sem vítima";"15,259";"508/PR";"Crescente";"Atropelamento de animal";0;0;0;0;0;0;0;0;0;1;1;0;0;0;0
"28/09/2025";"02:36:50";"30";"Com vítima";"316,943";"151/PR";"Decrescente";"Capotamento";1;0;0;0;0;0;0;0;0;0;0;1;0;0;0
"28/09/2025";"02:40:09";"31";"Com vítima";"205,329";"092/PR";"Decrescente";"Colisão frontal";1;0;1;0;0;0;0;0;0;0;1;2;1;0;0
"28/09/2025";"03:28:15";"38";"Com vítima";"248,905";"092/PR";"Crescente";"Atropelamento de pedestre";0;0;0;0;0;0;0;0;0;0;0;0;1;1;0
"28/09/2025";"04:47:33";"42";"Sem vítima";"272,865";"151/PR";"Crescente";"Choque";1;0;0;0;0;0;0;0;0;0;1;0;0;0;0
"28/09/2025";"08:53:24";"209";"Sem vítima";"294,856";"151/PR";"Decrescente";"Acidentes de outra natureza";1;0;0;0;0;0;0;0;0;0;1;0;0;0;0
"28/09/2025";"11:05:06";"239";"Sem vítima";"216,165";"151/PR";"Decrescente";"Choque";1;0;0;0;0;0;0;0;0;0;1;0;0;0;0
"28/09/2025";"14:54:32";"288";"Com vítima";"2,350";"BR-277/PR";"Decrescente";"Colisão traseira";2;0;0;0;0;0;0;0;0;0;0;8;0;0;0
"29/09/2025";"02:01:50";"29";"Sem vítima";"16,364";"BR-277/PR";"Decrescente";"Acidentes de outra natureza";1;0;0;0;0;0;0;0;0;0;1;0;0;0;0
"29/09/2025";"07:19:34";"77";"Sem vítima";"81,420";"BR-277/PR";"Crescente";"Colisão frontal";1;0;0;1;0;0;0;0;0;0;2;0;0;0;0
"29/09/2025";"14:37:54";"169";"Sem vítima";"66,715";"BR-369/PR";"Crescente";"Colisão frontal";0;0;2;0;0;0;0;0;0;0;2;0;0;0;0
"30/09/2025";"08:09:56";"88";"Com vítima";"80,839";"BR-277/PR";"Crescente";"Colisão frontal";2;0;0;1;0;0;0;0;0;0;0;4;1;0;0
"30/09/2025";"14:16:20";"156";"Sem vítima";"77,860";"BR-277/PR";"Decrescente";"Colisão frontal";0;0;2;0;0;0;0;0;0;0;3;0;0;0;0
"30/09/2025";"17:34:04";"190";"Com vítima";"312,050";"092/PR";"Crescente";"Queda de moto";0;0;0;1;0;0;0;0;0;0;0;2;0;0;0
"30/09/2025";"19:34:14";"209";"Com vítima";"30,020";"BR-277/PR";"Decrescente";"Capotamento";1;0;0;0;0;0;0;0;0;0;0;1;0;0;0
"01/10/2025";"11:01:14";"138";"Sem vítima";"69,750";"BR-277/PR";"Crescente";"Colisão frontal";0;0;2;0;0;0;0;0;0;0;2;0;0;0;0
"01/10/2025";"13:35:02";"174";"Sem vítima";"223,500";"151/PR";"Crescente";"Colisão frontal";1;0;1;0;0;0;0;0;0;0;2;0;0;0;0
"01/10/2025";"14:43:10";"186";"Com vítima";"36,942";"BR-369/PR";"Decrescente";"Colisão frontal";0;0;0;1;0;0;0;0;0;1;2;0;1;0;0
"01/10/2025";"15:37:11";"196";"Sem vítima";"29,900";"BR-277/PR";"Decrescente";"Colisão frontal";2;0;1;0;0;0;0;0;0;0;5;0;0;0;0
"01/10/2025";"15:42:24";"197";"Sem vítima";"31,620";"BR-277/PR";"Decrescente";"Capotamento";1;0;0;0;0;0;0;0;0;0;1;0;0;0;0
"01/10/2025";"17:29:03";"220";"Sem vítima";"4,380";"BR-277/PR";"Decrescente";"Colisão frontal";1;0;1;0;0;0;0;0;0;0;4;0;0;0;0
"01/10/2025";"17:57:03";"224";"Com vítima";"38,610";"BR-369/PR";"Decrescente";"Queda de moto";0;0;0;1;0;0;0;0;0;0;0;1;0;0;0
"01/10/2025";"20:19:16";"251";"Com vítima";"255,545";"092/PR";"Crescente";"Colisão frontal";1;0;0;1;0;0;0;0;0;0;0;3;0;1;0
"01/10/2025";"20:48:35";"255";"Sem vítima";"0,553";"508/PR";"Decrescente";"Atropelamento de animal";1;0;0;0;0;0;0;0;0;0;2;0;0;0;0
"02/10/2025";"01:23:06";"25";"Com vítima";"8,028";"BR-277/PR";"Decrescente";"Tombamento";0;0;1;0;0;0;0;0;0;0;0;2;0;0;0
"02/10/2025";"03:54:09";"31";"Sem vítima";"73,950";"BR-277/PR";"Crescente";"Atropelamento de animal";1;0;0;0;0;0;0;0;0;0;3;0;0;0;0
"02/10/2025";"04:21:40";"32";"Com vítima";"306,411";"151/PR";"Decrescente";"Tombamento";0;0;1;0;0;0;0;0;0;0;0;1;0;0;0
"02/10/2025";"04:57:45";"33";"Com vítima";"306,981";"092/PR";"Crescente";"Atropelamento de pedestre";0;0;0;0;0;0;0;0;0;0;0;0;1;0;0
"02/10/2025";"06:33:58";"47";"Sem vítima";"1,210";"BR-277/PR";"Decrescente";"Colisão frontal";0;0;1;0;0;0;0;0;0;0;1;0;0;0;0
"02/10/2025";"12:22:43";"148";"Com vítima";"282,988";"151/PR";"Decrescente";"Choque";0;0;0;0;0;0;0;0;0;1;0;1;0;0;0
"02/10/2025";"16:19:58";"189";"Sem vítima";"5,006";"BR-277/PR";"Crescente";"Choque";0;0;0;0;0;0;0;0;0;1;2;0;0;0;0
"02/10/2025";"16:36:12";"196";"Sem vítima";"4,980";"BR-277/PR";"Crescente";"Colisão frontal";1;0;1;0;0;0;0;0;0;0;2;0;0;0;0
"02/10/2025";"17:51:00";"203";"Com vítima";"3,446";"407/PR";"Decrescente";"Colisão frontal";2;0;0;0;0;0;0;0;0;0;0;2;0;0;0
"02/10/2025";"23:20:30";"230";"Com vítima";"76,515";"BR-277/PR";"Decrescente";"Engavetamento";2;0;0;0;0;0;0;0;0;0;0;1;0;1;1
"03/10/2025";"04:43:34";"29";"Com vítima";"5,176";"855/PR";"Crescente";"Colisão frontal";1;0;0;0;1;0;0;0;0;0;44;1;0;0;0
"03/10/2025";"04:56:02";"30";"Sem vítima";"36,800";"BR-277/PR";"Decrescente";"Acidentes de outra natureza";0;0;1;0;0;0;0;0;0;0;1;0;0;0;0
"03/10/2025";"10:04:31";"110";"Sem vítima";"60,780";"BR-277/PR";"Crescente";"Colisão frontal";1;0;1;0;0;0;0;0;0;0;4;0;0;0;0
"03/10/2025";"12:43:00";"135";"Sem vítima";"318,100";"151/PR";"Decrescente";"Colisão frontal";2;0;0;0;0;0;0;0;0;0;2;0;0;0;0
"03/10/2025";"15:45:02";"158";"Sem vítima";"315,500";"151/PR";"Crescente";"Acidentes de outra natureza";0;0;1;0;0;0;0;0;0;0;1;0;0;0;0
"03/10/2025";"15:53:28";"161";"Sem vítima";"315,230";"151/PR";"Crescente";"Colisão frontal";0;0;1;0;0;0;0;0;0;1;2;0;0;0;0
"03/10/2025";"17:27:12";"177";"Sem vítima";"284,010";"151/PR";"Decrescente";"Capotamento";1;0;0;0;0;0;0;0;0;0;0;0;0;0;0
"03/10/2025";"18:20:52";"187";"Sem vítima";"8,660";"BR-277/PR";"Decrescente";"Queda de moto";0;0;1;0;0;0;0;0;0;0;2;0;0;0;0
"03/10/2025";"20:05:04";"200";"Sem vítima";"70,380";"BR-277/PR";"Crescente";"Choque";1;0;0;0;0;0;0;0;0;0;1;0;0;0;0
"03/10/2025";"20:05:53";"202";"Sem vítima";"84,760";"BR-369/PR";"Decrescente";"Choque";1;0;0;0;0;0;0;0;0;0;1;0;0;0;0
"03/10/2025";"20:29:19";"206";"Sem vítima";"3,460";"BR-277/PR";"Decrescente";"Engavetamento";0;0;2;0;0;0;0;0;0;0;3;0;0;0;0
"03/10/2025";"20:58:17";"208";"Com vítima";"1,470";"BR-277/PR";"Decrescente";"Atropelamento de pedestre";0;0;1;0;0;0;0;0;0;0;1;0;1;0;0
"03/10/2025";"21:45:26";"220";"Sem vítima";"43,317";"BR-277/PR";"Crescente";"Choque";1;0;0;0;0;0;0;0;0;0;1;0;0;0;0
"03/10/2025";"21:49:37";"221";"Sem vítima";"31,774";"BR-277/PR";"Decrescente";"Choque";1;0;0;0;0;0;0;0;0;0;1;0;0;0;0
"04/10/2025";"00:37:27";"9";"Sem vítima";"12,177";"BR-277/PR";"Crescente";"Acidentes de outra natureza";1;0;0;0;0;0;0;0;0;0;5;0;0;0;0
"04/10/2025";"00:40:35";"10";"Sem vítima";"262,900";"092/PR";"Crescente";"Colisão frontal";0;0;1;0;0;0;0;0;0;1;3;0;0;0;0
"04/10/2025";"02:37:39";"35";"Com vítima";"16,800";"BR-153/PR";"Decrescente";"Capotamento";1;0;0;0;0;0;0;0;0;0;0;1;0;0;0
"04/10/2025";"05:59:17";"44";"Sem vítima";"49,331";"BR-369/PR";"Crescente";"Colisão lateral no mesmo sentido";1;0;0;0;0;1;0;0;0;1;5;0;0;0;0
"04/10/2025";"19:10:24";"179";"Com vítima";"318,960";"092/PR";"Crescente";"Atropelamento de animal";1;0;0;0;0;0;0;0;0;0;0;2;0;0;0
"04/10/2025";"19:30:43";"182";"Com vítima";"24,320";"BR-153/PR";"Crescente";"Colisão frontal";1;0;1;0;0;0;0;0;0;0;1;5;0;0;0
"04/10/2025";"21:46:46";"197";"Com vítima";"18,510";"BR-153/PR";"Crescente";"Engavetamento";1;0;0;1;0;0;0;0;0;0;2;0;1;0;0
"04/10/2025";"22:29:01";"203";"Com vítima";"237,450";"092/PR";"Crescente";"Queda de moto";1;0;0;0;0;0;0;0;0;0;0;1;0;0;0
"05/10/2025";"01:51:23";"26";"Com vítima";"29,520";"BR-153/PR";"Crescente";"Capotamento";1;0;0;0;0;0;0;0;0;0;0;3;1;0;0
"05/10/2025";"05:59:30";"36";"Com vítima";"62,680";"BR-277/PR";"Decrescente";"Capotamento";1;0;0;0;0;0;0;0;0;0;0;1;3;0;0
"05/10/2025";"06:39:30";"38";"Com vítima";"19,400";"408/PR";"Decrescente";"Queda de moto";0;0;0;1;0;0;0;0;0;0;0;1;0;0;0
"05/10/2025";"06:40:00";"39";"Sem vítima";"313,300";"151/PR";"Decrescente";"Choque";0;0;0;0;0;0;0;0;0;1;1;0;0;0;0
"05/10/2025";"09:30:25";"67";"Com vítima";"309,560";"151/PR";"Crescente";"Tombamento";0;0;1;0;0;0;0;0;0;0;0;0;0;0;1
"05/10/2025";"14:01:28";"110";"Sem vítima";"272,770";"092/PR";"Crescente";"Capotamento";1;0;0;0;0;0;0;0;0;0;0;0;0;0;0
"05/10/2025";"14:40:12";"122";"Com vítima";"0,010";"508/PR";"Crescente";"Queda de moto";0;0;0;1;0;0;0;0;0;0;0;1;0;0;0
"05/10/2025";"16:51:01";"160";"Com vítima";"16,920";"BR-277/PR";"Crescente";"Queda de moto";0;0;0;1;0;0;0;0;0;0;0;1;0;0;0
"05/10/2025";"19:30:56";"205";"Sem vítima";"219,010";"092/PR";"Decrescente";"Colisão traseira";1;0;0;0;0;0;0;0;0;0;2;0;0;0;0
"05/10/2025";"20:05:19";"219";"Sem vítima";"38,894";"BR-369/PR";"Decrescente";"Choque";1;0;0;0;0;0;0;0;0;0;1;0;0;0;0
"05/10/2025";"20:44:59";"227";"Sem vítima";"21,020";"BR-277/PR";"Decrescente";"Capotamento";1;0;0;0;0;0;0;0;0;0;0;0;0;0;0
"05/10/2025";"21:06:01";"234";"Com vítima";"18,910";"BR-277/PR";"Decrescente";"Colisão frontal";2;0;0;0;0;0;0;0;0;0;2;2;0;0;0
"05/10/2025";"21:58:34";"241";"Com vítima";"302,700";"151/PR";"Decrescente";"Capotamento";1;0;0;0;0;0;0;0;0;0;0;1;0;0;0
"05/10/2025";"22:37:53";"246";"Com vítima";"309,840";"151/PR";"Crescente";"Choque";1;0;0;0;0;0;0;0;0;0;0;1;0;0;0
"06/10/2025";"10:10:37";"134";"Com vítima";"12,696";"407/PR";"Decrescente";"Colisão frontal";2;0;0;0;0;0;0;0;0;0;0;4;0;0;0
"06/10/2025";"14:51:24";"204";"Com vítima";"1,200";"BR-277/PR";"Decrescente";"Queda de moto";0;0;0;1;0;0;0;0;0;0;0;1;0;0;0
"06/10/2025";"15:27:24";"214";"Com vítima";"71,833";"BR-277/PR";"Decrescente";"Colisão frontal";0;0;1;1;0;0;0;0;0;0;1;1;0;0;0
"06/10/2025";"18:36:27";"245";"Sem vítima";"77,098";"BR-277/PR";"Crescente";"Colisão traseira";1;0;0;0;0;0;0;0;0;0;2;0;0;0;0
"06/10/2025";"18:53:34";"248";"Com vítima";"286,392";"151/PR";"Decrescente";"Colisão transversal";3;0;1;0;0;0;1;0;0;1;0;6;0;0;0
"06/10/2025";"22:17:06";"276";"Sem vítima";"60,250";"BR-277/PR";"Crescente";"Colisão frontal";1;0;1;0;0;0;0;0;0;0;3;0;0;0;0
"07/10/2025";"00:00:42";"1";"Sem vítima";"47,577";"BR-277/PR";"Crescente";"Colisão frontal";0;0;2;0;0;0;0;0;0;0;2;0;0;0;0
"07/10/2025";"04:32:04";"40";"Sem vítima";"0,143";"508/PR";"Crescente";"Choque";0;0;0;0;0;0;0;0;0;1;2;0;0;0;0
"07/10/2025";"07:08:11";"79";"Com vítima";"43,170";"BR-153/PR";"Crescente";"Queda de moto";0;0;0;1;0;0;0;0;0;0;0;1;0;0;0
"07/10/2025";"08:08:10";"107";"Sem vítima";"60,300";"BR-277/PR";"Crescente";"Colisão frontal";0;0;1;0;0;0;0;0;0;1;5;0;0;0;0
"07/10/2025";"08:23:42";"109";"Com vítima";"7,600";"BR-277/PR";"Crescente";"Colisão frontal";1;0;0;1;0;0;0;0;0;0;1;0;1;0;0
"07/10/2025";"09:47:20";"122";"Sem vítima";"38,009";"BR-277/PR";"Crescente";"Choque";1;0;0;0;0;0;0;0;0;0;2;0;0;0;0
"07/10/2025";"13:01:17";"161";"Com vítima";"31,530";"BR-277/PR";"Crescente";"Capotamento";1;0;0;0;0;0;0;0;0;0;1;2;0;0;0
"07/10/2025";"19:31:07";"224";"Com vítima";"0,132";"BR-277/PR";"Decrescente";"Colisão frontal";1;1;0;0;0;0;0;0;0;0;1;0;0;0;0
"07/10/2025";"20:44:49";"233";"Sem vítima";"1,882";"BR-277/PR";"Decrescente";"Colisão frontal";1;0;1;0;0;0;0;0;0;0;1;0;0;0;0
"07/10/2025";"20:50:16";"234";"Sem vítima";"10,197";"239/PR";"Decrescente";"Choque";1;0;0;0;0;0;0;0;0;0;1;0;0;0;0
"08/10/2025";"04:05:26";"29";"Sem vítima";"42,130";"BR-277/PR";"Crescente";"Choque";1;0;0;0;0;0;0;0;0;0;3;0;0;0;0
"08/10/2025";"06:35:11";"47";"Sem vítima";"219,180";"092/PR";"Decrescente";"Colisão frontal";1;0;0;0;0;0;0;0;0;0;1;0;0;0;0
"08/10/2025";"08:35:16";"85";"Sem vítima";"80,050";"BR-277/PR";"Crescente";"Colisão frontal";1;0;0;1;0;0;0;0;0;0;2;0;0;0;0
"08/10/2025";"09:10:45";"95";"Sem vítima";"7,120";"239/PR";"Crescente";"Choque";1;0;0;0;0;0;0;0;0;0;1;0;0;0;0
"08/10/2025";"09:43:30";"106";"Com vítima";"204,010";"092/PR";"Decrescente";"Colisão frontal";1;0;0;0;0;0;0;0;0;0;0;1;0;0;0
"08/10/2025";"11:30:36";"123";"Sem vítima";"37,950";"BR-277/PR";"Crescente";"Choque";1;0;0;0;0;0;0;0;0;0;3;0;0;0;0
"08/10/2025";"11:51:00";"124";"Sem vítima";"230,800";"151/PR";"Decrescente";"Choque";1;0;0;0;0;1;0;0;0;0;1;0;0;0;0
"08/10/2025";"12:01:58";"125";"Com vítima";"25,400";"BR-153/PR";"Decrescente";"Choque";1;0;0;0;0;0;0;0;0;0;0;0;1;0;0
"08/10/2025";"13:46:14";"138";"Sem vítima";"248,876";"092/PR";"Crescente";"Colisão frontal";0;0;2;0;0;0;0;0;0;0;2;0;0;0;0
"08/10/2025";"14:15:14";"140";"Sem vítima";"69,010";"BR-277/PR";"Crescente";"Acidentes de outra natureza";1;0;0;0;0;0;0;0;0;0;1;0;0;0;0
"08/10/2025";"15:47:12";"154";"Com vítima";"1,500";"407/PR";"Decrescente";"Colisão traseira";0;0;0;0;0;0;0;0;0;0;0;0;0;0;0
"08/10/2025";"16:03:13";"158";"Sem vítima";"23,760";"BR-277/PR";"Decrescente";"Queda de moto";0;0;0;1;0;0;0;0;0;0;1;0;0;0;0
"08/10/2025";"16:55:45";"169";"Sem vítima";"31,467";"BR-277/PR";"Crescente";"Choque";1;0;0;0;0;0;0;0;0;0;1;0;0;0;0
"08/10/2025";"17:55:07";"176";"Sem vítima";"25,220";"BR-277/PR";"Decrescente";"Colisão traseira";1;0;0;0;0;0;0;0;0;0;4;0;0;0;0
"08/10/2025";"20:17:02";"188";"Sem vítima";"12,190";"239/PR";"Crescente";"Colisão frontal";1;0;0;1;0;0;0;0;0;0;3;0;0;0;0
"08/10/2025";"20:39:58";"190";"Sem vítima";"43,320";"BR-277/PR";"Crescente";"Choque";1;0;0;0;0;0;0;0;0;0;2;0;0;0;0
"09/10/2025";"07:44:58";"81";"Com vítima";"5,009";"BR-277/PR";"Decrescente";"Queda de moto";0;0;0;1;0;0;0;0;0;0;0;1;0;0;0
"09/10/2025";"10:10:22";"122";"Sem vítima";"2,024";"BR-277/PR";"Decrescente";"Colisão frontal";0;0;2;0;0;0;0;0;0;0;2;0;0;0;0
"09/10/2025";"10:23:25";"124";"Com vítima";"5,261";"BR-277/PR";"Decrescente";"Colisão frontal";0;0;2;0;0;0;0;0;0;0;1;1;0;0;0
"09/10/2025";"10:32:02";"128";"Com vítima";"283,600";"151/PR";"Decrescente";"Colisão frontal";1;0;1;0;0;0;0;0;0;0;3;2;0;0;0
"09/10/2025";"11:10:05";"134";"Sem vítima";"68,500";"BR-277/PR";"Crescente";"Colisão frontal";1;0;0;0;0;0;0;0;0;0;2;0;0;0;0
"09/10/2025";"11:54:22";"143";"Com vítima";"9,869";"508/PR";"Decrescente";"Choque";1;0;0;0;0;0;0;0;0;0;0;2;0;0;0
"09/10/2025";"12:48:57";"155";"Com vítima";"289,350";"092/PR";"Crescente";"Colisão frontal";1;0;0;0;0;0;0;0;0;1;2;1;0;0;0
"09/10/2025";"16:24:25";"182";"Sem vítima";"70,593";"BR-277/PR";"Crescente";"Choque";1;0;0;0;0;0;0;0;0;0;0;0;0;0;0
"09/10/2025";"18:35:50";"204";"Sem vítima";"37,590";"BR-369/PR";"Crescente";"Choque";0;0;1;0;0;0;0;0;0;0;1;0;0;0;0
"09/10/2025";"19:46:13";"213";"Sem vítima";"42,600";"BR-277/PR";"Crescente";"Choque";1;0;0;0;0;0;0;0;0;0;1;0;0;0;0
"10/10/2025";"01:06:50";"18";"Sem vítima";"271,500";"151/PR";"Crescente";"Atropelamento de animal";0;0;0;0;0;0;0;0;0;1;1;0;0;0;0
"10/10/2025";"04:53:06";"41";"Sem vítima";"0,650";"407/PR";"Crescente";"Colisão frontal";0;0;0;0;0;0;0;0;0;1;1;0;0;0;0
"10/10/2025";"09:28:50";"140";"Com vítima";"22,540";"408/PR";"Decrescente";"Choque";0;0;0;1;0;0;0;0;0;0;0;1;0;0;0
"10/10/2025";"10:25:14";"150";"Com vítima";"25,180";"BR-277/PR";"Crescente";"Capotamento";1;0;0;0;0;0;0;0;0;0;0;2;1;0;0
"10/10/2025";"10:33:49";"156";"Com vítima";"22,865";"408/PR";"Crescente";"Choque";0;0;1;0;0;0;0;0;0;0;0;1;0;0;0
"10/10/2025";"13:27:21";"187";"Com vítima";"295,202";"151/PR";"Crescente";"Capotamento";1;0;0;0;0;0;0;0;0;0;0;0;4;0;0
"10/10/2025";"14:04:28";"191";"Sem vítima";"73,030";"BR-277/PR";"Crescente";"Choque";1;0;0;0;0;0;0;0;0;0;1;0;0;0;0
"10/10/2025";"14:14:49";"193";"Sem vítima";"20,120";"BR-369/PR";"Decrescente";"Colisão frontal";2;0;0;0;0;0;0;0;0;0;4;0;0;0;0
"10/10/2025";"14:35:18";"196";"Sem vítima";"38,150";"BR-277/PR";"Crescente";"Choque";1;0;0;0;0;0;0;0;0;0;1;0;0;0;0
"10/10/2025";"16:42:29";"221";"Sem vítima";"268,810";"151/PR";"Decrescente";"Colisão frontal";2;0;0;0;0;0;0;0;0;0;2;0;0;0;0
"10/10/2025";"17:11:20";"226";"Sem vítima";"43,115";"BR-277/PR";"Decrescente";"Choque";1;0;0;0;0;0;0;0;0;0;1;0;0;0;0
"10/10/2025";"20:18:07";"254";"Com vítima";"18,850";"407/PR";"Crescente";"Colisão frontal";1;0;0;1;0;0;0;0;0;0;0;2;0;0;0
"10/10/2025";"21:01:13";"260";"Sem vítima";"43,120";"BR-277/PR";"Decrescente";"Choque";1;0;0;0;0;0;0;0;0;0;3;0;0;0;0
"11/10/2025";"01:13:22";"13";"Sem vítima";"61,412";"BR-277/PR";"Crescente";"Choque";1;0;0;0;0;0;0;0;0;0;1;0;0;0;0
"11/10/2025";"05:35:13";"39";"Sem vítima";"299,070";"151/PR";"Crescente";"Acidentes de outra natureza";1;0;0;0;0;0;0;0;0;0;1;0;0;0;0
"11/10/2025";"06:02:42";"40";"Sem vítima";"36,240";"BR-277/PR";"Crescente";"Choque";1;0;0;0;0;0;0;0;0;0;2;0;0;0;0
"11/10/2025";"15:56:01";"168";"Sem vítima";"7,348";"508/PR";"Crescente";"Queda de moto";1;0;0;0;0;0;0;0;0;0;2;0;0;0;0
"11/10/2025";"17:48:26";"181";"Com vítima";"305,990";"151/PR";"Decrescente";"Choque";1;0;0;0;0;0;0;0;0;0;0;3;0;0;0
"11/10/2025";"18:39:52";"193";"Sem vítima";"41,640";"BR-369/PR";"Decrescente";"Choque";1;0;0;0;0;0;0;0;0;0;2;0;0;0;0
"11/10/2025";"18:46:08";"194";"Com vítima";"11,379";"239/PR";"Decrescente";"Atropelamento de pedestre";1;0;1;0;0;0;0;0;0;0;1;1;0;0;1
"11/10/2025";"23:09:56";"227";"Com vítima";"85,339";"BR-369/PR";"Decrescente";"Acidentes de outra natureza";1;0;0;0;0;0;0;0;0;0;0;1;0;0;0
"12/10/2025";"01:44:04";"26";"Sem vítima";"19,653";"BR-369/PR";"Crescente";"Colisão traseira";1;0;0;0;0;0;0;0;0;1;1;0;0;0;0
"12/10/2025";"02:03:44";"30";"Sem vítima";"46,640";"BR-369/PR";"Crescente";"Atropelamento de animal";1;0;0;0;0;0;0;0;0;0;1;0;0;0;0