data;horario;n_da_ocorrencia;tipo_de_ocorrencia;km;trecho;sentido;tipo_de_acidente;automovel;bicicleta;caminhao;moto;onibus;outros;tracao_animal;transporte_de_cargas_especiais;trator_maquinas;utilitarios;ilesos;levemente_feridos;moderadamente_feridos;gravemente_feridos;mortos
"30/10/2025";"07:20:13";"86";"Com vítima";"77,190";"BR-277/PR";"Decrescente";"Colisão traseira";6;0;0;0;0;0;0;0;0;0;5;1;0;0;0
"30/10/2025";"10:22:29";"139";"Sem vítima";"19,820";"BR-277/PR";"Crescente";"Queda de moto";0;0;0;1;0;0;0;0;0;0;1;0;0;0;0
"30/10/2025";"11:27:45";"158";"Com vítima";"18,365";"BR-369/PR";"Crescente";"Colisão frontal";1;0;0;1;0;0;0;0;0;0;1;1;1;0;0
"30/10/2025";"13:51:31";"187";"Sem vítima";"33,200";"BR-277/PR";"Decrescente";"Choque";0;0;1;0;0;0;0;0;0;0;1;0;0;0;0
"30/10/2025";"19:47:23";"254";"Sem vítima";"21,374";"BR-369/PR";"Decrescente";"Choque";1;0;0;0;0;0;0;0;0;0;2;0;0;0;0
"31/10/2025";"04:08:30";"39";"Com vítima";"43,369";"BR-277/PR";"Crescente";"Choque";1;0;0;0;0;0;0;0;0;0;0;2;0;0;0
"31/10/2025";"04:52:53";"41";"Com vítima";"68,269";"BR-369/PR";"Crescente";"Choque";1;0;0;0;0;0;0;0;0;0;0;0;0;1;0
"31/10/2025";"13:47:33";"172";"Sem vítima";"70,400";"BR-277/PR";"Decrescente";"Acidentes de outra natureza";0;0;0;0;0;0;0;0;0;0;0;0;0;0;0
"31/10/2025";"18:00:04";"208";"Sem vítima";"40,500";"BR-277/PR";"Crescente";"Queda de moto";0;0;0;1;0;0;0;0;0;0;2;0;0;0;0
"31/10/2025";"19:44:35";"220";"Sem vítima";"30,020";"BR-277/PR";"Decrescente";"Capotamento";0;0;0;0;0;0;0;0;0;1;1;0;0;0;0
"31/10/2025";"19:58:12";"224";"Sem vítima";"7,100";"BR-277/PR";"Decrescente";"Choque";0;0;0;0;0;0;0;0;0;1;2;0;0;0;0
"31/10/2025";"21:00:30";"232";"Sem vítima";"15,010";"408/PR";"Crescente";"Queda de moto";1;0;0;0;0;0;0;0;0;0;2;0;0;0;0
"01/11/2025";"02:30:58";"29";"Com vítima";"83,320";"BR-277/PR";"Decrescente";"Engavetamento";2;0;0;1;0;0;0;0;0;0;3;1;1;1;0
"01/11/2025";"04:26:35";"44";"Com vítima";"7,200";"BR-277/PR";"Crescente";"Colisão frontal";0;0;1;0;0;0;0;0;0;1;1;0;1;0;0
"01/11/2025";"05:32:06";"47";"Sem vítima";"21,190";"BR-277/PR";"Decrescente";"Queda de moto";1;0;0;0;0;0;0;0;0;0;0;0;0;0;0
"01/11/2025";"14:27:47";"167";"Com vítima";"197,100";"151/PR";"Crescente";"Colisão frontal";1;0;0;0;0;0;0;0;0;1;2;2;0;0;0
"02/11/2025";"01:06:46";"17";"Com vítima";"29,720";"BR-369/PR";"Decrescente";"Engavetamento";0;0;1;1;0;0;0;0;0;0;1;2;0;0;0
"02/11/2025";"02:51:54";"40";"Sem vítima";"12,550";"407/PR";"Decrescente";"Choque";1;0;0;0;0;0;0;0;0;0;2;0;0;0;0
"02/11/2025";"05:42:11";"45";"Sem vítima";"317,010";"151/PR";"Decrescente";"Capotamento";1;0;0;0;0;0;0;0;0;0;1;0;0;0;0
"02/11/2025";"06:36:57";"49";"Sem vítima";"9,500";"BR-369/PR";"Crescente";"Choque";1;0;0;0;0;0;0;0;0;0;3;0;0;0;0
"02/11/2025";"06:50:30";"52";"Sem vítima";"11,912";"BR-277/PR";"Decrescente";"Choque";1;0;0;0;0;0;0;0;0;0;2;0;0;0;0
"02/11/2025";"09:02:08";"75";"Sem vítima";"19,250";"408/PR";"Crescente";"Choque";1;0;0;0;0;0;0;0;0;0;1;0;0;0;0
"02/11/2025";"10:46:08";"87";"Sem vítima";"284,200";"151/PR";"Decrescente";"Choque";1;0;0;0;0;0;0;0;0;0;1;0;0;0;0
"02/11/2025";"11:21:40";"94";"Sem vítima";"34,200";"BR-277/PR";"Decrescente";"Acidentes de outra natureza";1;0;0;0;0;0;0;0;0;0;2;0;0;0;0
"02/11/2025";"12:59:47";"106";"Sem vítima";"25,120";"BR-277/PR";"Crescente";"Choque";1;0;0;0;0;0;0;0;0;0;1;0;0;0;0
"02/11/2025";"15:37:47";"128";"Sem vítima";"38,180";"BR-277/PR";"Crescente";"Acidentes de outra natureza";0;0;0;0;0;0;0;0;0;1;1;0;0;0;0
"02/11/2025";"18:23:29";"152";"Sem vítima";"32,020";"BR-277/PR";"Decrescente";"Queda de moto";1;0;0;0;0;0;0;0;0;0;3;0;0;0;0
"02/11/2025";"18:36:18";"153";"Sem vítima";"10,100";"BR-277/PR";"Crescente";"Choque";1;0;0;0;0;0;0;0;0;0;2;0;0;0;0
"02/11/2025";"22:13:01";"176";"Com vítima";"34,230";"BR-277/PR";"Decrescente";"Colisão frontal";0;0;1;0;0;0;0;0;0;1;1;0;1;0;0
"03/11/2025";"02:23:42";"34";"Com vítima";"288,200";"151/PR";"Crescente";"Choque";1;0;0;0;0;0;0;0;0;0;1;1;0;0;0
"03/11/2025";"04:40:14";"41";"Sem vítima";"10,100";"BR-277/PR";"Decrescente";"Colisão lateral em sentido contrário";0;0;1;0;0;0;0;0;0;1;2;0;0;0;0
"03/11/2025";"10:55:48";"177";"Sem vítima";"218,920";"092/PR";"Crescente";"Colisão frontal";1;0;0;0;0;0;0;0;0;1;3;0;0;0;0
"03/11/2025";"14:49:37";"232";"Sem vítima";"206,051";"092/PR";"Decrescente";"Choque";0;0;0;0;0;0;0;0;0;1;1;0;0;0;0
"03/11/2025";"14:57:57";"233";"Sem vítima";"279,049";"151/PR";"Crescente";"Choque";1;0;0;0;0;0;0;0;0;0;1;0;0;0;0
"04/11/2025";"00:40:45";"15";"Sem vítima";"43,324";"BR-277/PR";"Crescente";"Choque";1;0;0;0;0;0;0;0;0;0;1;0;0;0;0
"04/11/2025";"14:37:28";"248";"Com vítima";"43,050";"BR-153/PR";"Decrescente";"Colisão frontal";2;0;0;0;0;0;0;0;0;0;1;1;0;0;0
"04/11/2025";"16:29:15";"267";"Sem vítima";"72,818";"BR-277/PR";"Decrescente";"Engavetamento";1;0;0;0;0;1;0;0;0;1;3;0;0;0;0
"04/11/2025";"17:13:10";"275";"Com vítima";"292,240";"151/PR";"Crescente";"Tombamento";0;0;1;0;0;0;0;0;0;0;0;0;1;0;0
"04/11/2025";"18:46:14";"290";"Com vítima";"82,890";"BR-277/PR";"Decrescente";"Colisão frontal";1;0;0;1;0;0;0;0;0;0;2;2;0;0;0
"04/11/2025";"18:57:09";"292";"Com vítima";"18,133";"BR-369/PR";"Crescente";"Colisão frontal";0;1;0;0;0;0;0;0;0;1;1;0;0;0;0
"04/11/2025";"20:04:48";"305";"Sem vítima";"184,820";"151/PR";"Decrescente";"Colisão frontal";0;0;2;0;0;0;0;0;0;0;2;0;0;0;0
"04/11/2025";"21:36:05";"315";"Com vítima";"56,432";"BR-277/PR";"Crescente";"Engavetamento";1;0;2;0;0;0;0;0;0;0;2;2;0;0;0
"04/11/2025";"23:46:31";"327";"Com vítima";"318,641";"151/PR";"Decrescente";"Choque";1;0;0;0;0;0;0;0;0;0;0;1;0;0;0
"05/11/2025";"01:33:40";"16";"Sem vítima";"70,780";"BR-277/PR";"Decrescente";"Acidentes de outra natureza";1;0;0;0;0;0;0;0;0;0;0;0;0;0;0
"05/11/2025";"07:13:56";"93";"Com vítima";"2,770";"BR-277/PR";"Decrescente";"Colisão frontal";1;0;0;1;0;0;0;0;0;0;1;0;1;0;0
"05/11/2025";"12:44:30";"177";"Sem vítima";"73,114";"BR-277/PR";"Decrescente";"Colisão frontal";1;0;0;0;0;0;0;0;0;0;1;0;0;0;0
"05/11/2025";"13:57:01";"184";"Com vítima";"37,700";"BR-369/PR";"Decrescente";"Colisão frontal";1;0;0;1;0;0;0;0;0;0;1;1;0;0;0
"05/11/2025";"16:25:51";"210";"Com vítima";"81,148";"BR-277/PR";"Decrescente";"Colisão traseira";0;0;0;0;0;0;0;0;0;1;2;0;0;0;0
"05/11/2025";"16:51:01";"214";"Com vítima";"206,785";"092/PR";"Crescente";"Queda de moto";1;0;0;0;0;0;0;0;0;0;1;2;0;0;0
"05/11/2025";"21:09:19";"240";"Com vítima";"58,820";"BR-277/PR";"Crescente";"Atropelamento de pedestre";0;0;0;0;0;0;0;0;0;0;0;0;0;0;1
"05/11/2025";"22:13:48";"249";"Sem vítima";"233,380";"151/PR";"Crescente";"Colisão frontal";0;0;2;0;0;0;0;0;0;0;2;0;0;0;0
"06/11/2025";"06:07:14";"39";"Sem vítima";"72,010";"BR-369/PR";"Decrescente";"Colisão frontal";1;0;0;0;0;0;0;0;0;1;3;0;0;0;0
"06/11/2025";"07:58:48";"97";"Sem vítima";"315,190";"151/PR";"Decrescente";"Colisão frontal";2;0;0;0;0;0;0;0;0;0;2;0;0;0;0
"06/11/2025";"09:57:14";"136";"Sem vítima";"30,620";"BR-277/PR";"Crescente";"Choque";1;0;0;0;0;0;0;0;0;0;1;0;0;0;0
"06/11/2025";"11:49:35";"157";"Com vítima";"194,313";"151/PR";"Crescente";"Tombamento";0;0;1;0;0;0;0;0;0;0;0;1;0;0;0
"06/11/2025";"13:41:50";"170";"Com vítima";"34,128";"BR-369/PR";"Crescente";"Choque";1;0;0;0;0;0;0;0;0;0;0;0;2;0;0
"06/11/2025";"14:32:19";"181";"Com vítima";"0,820";"BR-277/PR";"Decrescente";"Colisão frontal";1;0;0;1;0;0;0;0;0;0;2;0;1;0;0
"06/11/2025";"15:13:22";"188";"Sem vítima";"0,260";"BR-277/PR";"Decrescente";"Colisão frontal";0;0;0;2;0;0;0;0;0;0;2;0;0;0;0
"07/11/2025";"00:10:35";"3";"Com vítima";"4,331";"BR-277/PR";"Decrescente";"Colisão frontal";0;0;0;1;0;0;0;0;0;0;0;1;1;0;0
"07/11/2025";"06:19:20";"52";"Sem vítima";"23,073";"BR-153/PR";"Crescente";"Choque";1;0;0;0;0;0;0;0;0;0;1;0;0;0;0
"07/11/2025";"08:05:09";"118";"Sem vítima";"75,409";"BR-277/PR";"Crescente";"Colisão frontal";0;0;0;0;0;0;0;0;0;2;2;0;0;0;0
"07/11/2025";"08:32:56";"132";"Sem vítima";"7,500";"BR-277/PR";"Decrescente";"Colisão frontal";1;0;1;0;0;0;0;0;0;0;1;0;0;0;0
"07/11/2025";"16:30:38";"236";"Sem vítima";"86,265";"BR-369/PR";"Decrescente";"Colisão frontal";2;0;0;0;0;0;0;0;0;0;5;0;0;0;0
"07/11/2025";"19:07:15";"263";"Com vítima";"80,140";"BR-277/PR";"Decrescente";"Engavetamento";3;0;0;0;0;0;0;0;0;1;5;2;0;0;0
"07/11/2025";"20:10:47";"274";"Com vítima";"48,463";"BR-277/PR";"Decrescente";"Queda de moto";0;0;0;1;0;0;0;0;0;0;0;1;0;0;0
"07/11/2025";"21:21:03";"283";"Com vítima";"308,302";"092/PR";"Decrescente";"Colisão traseira";2;0;0;0;0;0;0;0;0;0;6;2;0;0;0
"07/11/2025";"21:25:56";"284";"Com vítima";"12,330";"BR-277/PR";"Decrescente";"Colisão frontal";0;0;1;0;0;0;0;0;0;1;1;2;0;0;0
"07/11/2025";"21:53:05";"286";"Com vítima";"8,513";"BR-277/PR";"Decrescente";"Choque";1;0;0;0;0;0;0;0;0;0;0;2;1;0;0
"07/11/2025";"22:56:18";"294";"Sem vítima";"213,210";"092/PR";"Crescente";"Choque";1;0;0;0;0;0;0;0;0;0;1;0;0;0;0
"07/11/2025";"23:02:24";"297";"Sem vítima";"197,811";"151/PR";"Decrescente";"Colisão frontal";0;0;0;0;0;0;0;0;0;2;2;0;0;0;0
"08/11/2025";"00:31:33";"5";"Com vítima";"221,230";"151/PR";"Decrescente";"Choque";1;0;0;0;0;0;0;0;0;0;3;1;0;0;0
"08/11/2025";"00:35:01";"6";"Sem vítima";"289,430";"151/PR";"Crescente";"Acidentes de outra natureza";1;0;0;0;0;0;0;0;0;0;1;0;0;0;0
"08/11/2025";"00:47:51";"9";"Com vítima";"82,548";"BR-277/PR";"Decrescente";"Capotamento";1;0;0;0;0;0;0;0;0;0;0;2;0;0;0
"08/11/2025";"13:12:57";"177";"Com vítima";"201,120";"151/PR";"Decrescente";"Choque";0;0;0;1;0;0;0;0;0;0;0;0;1;0;0
"08/11/2025";"13:39:10";"182";"Sem vítima";"61,173";"BR-277/PR";"Crescente";"Acidentes de outra natureza";0;0;1;0;0;0;0;0;0;0;1;0;0;0;0
"08/11/2025";"15:43:09";"219";"Com vítima";"11,630";"408/PR";"Decrescente";"Colisão frontal";2;0;0;1;0;0;0;0;0;0;4;0;0;0;1
"08/11/2025";"15:45:49";"220";"Sem vítima";"220,620";"151/PR";"Decrescente";"Choque";1;0;0;0;0;0;0;0;0;0;3;0;0;0;0
"08/11/2025";"19:06:50";"254";"Sem vítima";"0,455";"407/PR";"Crescente";"Choque";1;0;0;0;0;0;0;0;0;0;1;0;0;0;0
"08/11/2025";"19:13:34";"256";"Com vítima";"279,337";"092/PR";"Crescente";"Colisão frontal";0;0;1;1;0;0;0;0;0;0;1;1;0;0;0
"08/11/2025";"23:41:41";"283";"Com vítima";"46,720";"BR-369/PR";"Crescente";"Colisão traseira";2;0;0;1;0;0;0;0;0;0;8;0;1;0;0
"09/11/2025";"01:09:20";"7";"Com vítima";"71,944";"BR-277/PR";"Decrescente";"Capotamento";1;0;0;0;0;0;0;0;0;0;0;1;0;0;0
"09/11/2025";"01:34:55";"8";"Com vítima";"258,162";"151/PR";"Crescente";"Atropelamento de pedestre";0;0;0;0;0;0;0;0;0;0;0;0;0;0;1
"09/11/2025";"02:33:42";"20";"Com vítima";"25,759";"BR-277/PR";"Decrescente";"Choque";1;0;0;0;0;0;0;0;0;0;0;1;0;0;0
"09/11/2025";"02:42:34";"23";"Sem vítima";"0,043";"407/PR";"Crescente";"Acidentes de outra natureza";1;0;0;0;0;0;0;0;0;0;3;0;0;0;0
"09/11/2025";"05:16:41";"48";"Com vítima";"17,605";"BR-153/PR";"Decrescente";"Colisão frontal";1;0;0;1;0;0;0;0;0;0;1;1;0;0;0
"09/11/2025";"08:03:24";"81";"Sem vítima";"5,794";"408/PR";"Crescente";"Queda de moto";0;0;0;1;0;0;0;0;0;0;0;0;0;0;0
"09/11/2025";"09:32:54";"108";"Com vítima";"40,200";"BR-277/PR";"Decrescente";"Queda de moto";0;0;0;1;0;0;0;0;0;0;0;1;0;0;0
"09/11/2025";"09:51:48";"111";"Sem vítima";"40,100";"BR-277/PR";"Decrescente";"Colisão frontal";0;0;0;2;0;0;0;0;0;0;0;0;0;0;0
"09/11/2025";"09:59:00";"110";"Com vítima";"0,700";"BR-277/PR";"Crescente";"Colisão frontal";0;0;1;1;0;0;0;0;0;0;1;0;0;1;0
"09/11/2025";"15:40:19";"168";"Com vítima";"38,732";"BR-277/PR";"Crescente";"Engavetamento";2;0;0;0;0;0;0;0;0;0;3;3;0;0;0
"10/11/2025";"00:54:49";"9";"Com vítima";"2,142";"BR-277/PR";"Decrescente";"Colisão frontal";2;0;0;1;0;0;0;0;0;0;2;0;1;0;0
"10/11/2025";"03:11:41";"30";"Sem vítima";"233,127";"092/PR";"Decrescente";"Capotamento";1;0;0;0;0;0;0;0;0;0;1;0;0;0;0
"10/11/2025";"08:55:46";"125";"Sem vítima";"22,120";"BR-277/PR";"Decrescente";"Capotamento";1;0;0;0;0;0;0;0;0;0;1;0;0;0;0
"10/11/2025";"09:12:07";"132";"Sem vítima";"79,300";"BR-277/PR";"Crescente";"Colisão frontal";2;0;0;0;0;0;0;0;0;0;5;0;0;0;0
"10/11/2025";"10:16:17";"152";"Com vítima";"77,113";"BR-277/PR";"Decrescente";"Atropelamento de pedestre";0;0;1;0;0;0;0;0;0;0;2;0;0;0;1
"10/11/2025";"16:11:42";"216";"Com vítima";"308,305";"092/PR";"Decrescente";"Colisão traseira";0;0;1;0;1;0;0;0;0;0;0;1;0;0;1
"10/11/2025";"16:35:48";"221";"Sem vítima";"74,400";"BR-277/PR";"Crescente";"Colisão frontal";2;0;0;0;0;0;0;0;0;0;2;0;0;0;0
"10/11/2025";"17:05:49";"222";"Com vítima";"42,430";"BR-153/PR";"Crescente";"Colisão frontal";1;0;0;1;0;0;0;0;0;0;1;2;0;0;0
"10/11/2025";"18:12:34";"231";"Com vítima";"3,500";"BR-277/PR";"Crescente";"Colisão traseira";1;0;0;0;0;0;0;0;0;0;0;2;0;0;0
"10/11/2025";"19:44:09";"241";"Sem vítima";"7,010";"BR-277/PR";"Decrescente";"Colisão frontal";2;0;0;0;0;0;0;0;0;0;2;0;0;0;0
"10/11/2025";"20:45:07";"246";"Com vítima";"85,400";"BR-369/PR";"Decrescente";"Colisão frontal";1;0;1;0;0;0;0;0;0;0;1;1;0;0;0
"10/11/2025";"21:25:08";"255";"Sem vítima";"10,990";"407/PR";"Decrescente";"Colisão frontal";1;0;1;0;0;0;0;0;0;0;2;0;0;0;0
"11/11/2025";"07:18:10";"78";"Sem vítima";"11,195";"407/PR";"Decrescente";"Colisão transversal";2;0;0;0;0;0;0;0;0;0;7;0;0;0;0
"11/11/2025";"07:45:12";"92";"Sem vítima";"74,500";"BR-277/PR";"Crescente";"Colisão frontal";2;0;0;0;0;0;0;0;0;0;4;0;0;0;0
"11/11/2025";"08:53:20";"126";"Sem vítima";"282,324";"151/PR";"Crescente";"Choque";1;0;0;0;0;0;0;0;0;0;1;0;0;0;0
"11/11/2025";"09:16:29";"130";"Sem vítima";"20,490";"BR-277/PR";"Decrescente";"Capotamento";1;0;0;0;0;0;0;0;0;0;1;0;0;0;0
"11/11/2025";"10:11:04";"141";"Sem vítima";"2,010";"BR-277/PR";"Crescente";"Acidentes de outra natureza";1;0;1;0;0;0;0;0;0;1;5;0;0;0;0
"11/11/2025";"14:22:27";"188";"Com vítima";"1,900";"BR-277/PR";"Crescente";"Queda de moto";0;0;0;1;0;0;0;0;0;0;0;0;1;0;0
"11/11/2025";"15:26:09";"204";"Sem vítima";"2,340";"407/PR";"Decrescente";"Choque";1;0;0;0;0;0;0;0;0;0;1;0;0;0;0
"11/11/2025";"15:49:21";"215";"Sem vítima";"2,410";"407/PR";"Decrescente";"Colisão frontal";2;0;0;0;0;0;0;0;0;0;2;0;0;0;0
"11/11/2025";"22:36:47";"263";"Com vítima";"0,450";"BR-277/PR";"Crescente";"Colisão traseira";0;0;0;1;0;0;0;0;0;0;0;0;1;0;0
"12/11/2025";"03:39:01";"38";"Com vítima";"37,600";"BR-369/PR";"Crescente";"Colisão frontal";0;0;0;1;1;0;0;0;0;0;1;0;1;0;0
"12/11/2025";"07:34:34";"83";"Sem vítima";"4,030";"855/PR";"Decrescente";"Choque";1;0;0;0;0;0;0;0;0;0;2;0;0;0;0
"12/11/2025";"07:42:26";"88";"Sem vítima";"310,911";"151/PR";"Crescente";"Queda de moto";1;0;0;0;0;0;0;0;0;0;1;0;0;0;0
"12/11/2025";"07:59:12";"99";"Sem vítima";"47,200";"BR-277/PR";"Crescente";"Choque";0;0;1;0;0;0;0;0;0;0;2;0;0;0;0
"12/11/2025";"09:09:10";"127";"Com vítima";"41,913";"BR-153/PR";"Crescente";"Colisão frontal";1;0;0;0;0;0;0;0;0;1;6;2;0;0;0
"12/11/2025";"09:40:46";"136";"Sem vítima";"284,029";"151/PR";"Decrescente";"Choque";1;0;0;0;0;0;0;0;0;0;1;0;0;0;0
"12/11/2025";"14:07:34";"191";"Com vítima";"44,200";"BR-277/PR";"Decrescente";"Queda de moto";0;0;0;1;0;0;0;0;0;0;0;1;0;0;0
"12/11/2025";"14:35:43";"198";"Sem vítima";"82,010";"BR-277/PR";"Decrescente";"Colisão frontal";1;0;0;1;0;0;0;0;0;0;1;0;0;0;0
"12/11/2025";"15:25:34";"212";"Com vítima";"8,312";"239/PR";"Crescente";"Queda de moto";0;0;0;1;0;0;0;0;0;0;0;1;0;0;0
"12/11/2025";"15:46:04";"216";"Sem vítima";"38,270";"BR-277/PR";"Crescente";"Colisão frontal";1;0;1;0;0;0;0;0;0;0;2;0;0;0;0
"12/11/2025";"18:18:31";"245";"Com vítima";"194,741";"151/PR";"Crescente";"Tombamento";0;0;1;0;0;0;0;0;0;0;0;0;0;0;1
"12/11/2025";"19:25:53";"251";"Sem vítima";"1,378";"BR-277/PR";"Decrescente";"Colisão frontal";1;0;1;0;0;0;0;0;0;0;3;0;0;0;0
"13/11/2025";"00:32:42";"3";"Sem vítima";"80,649";"BR-369/PR";"Decrescente";"Engavetamento";0;0;1;0;0;0;0;0;0;1;3;0;0;0;0
"13/11/2025";"05:08:58";"40";"Com vítima";"60,244";"BR-277/PR";"Decrescente";"Colisão frontal";0;0;2;0;0;0;0;0;0;0;0;2;0;0;0
"13/11/2025";"07:34:35";"102";"Sem vítima";"83,221";"BR-277/PR";"Crescente";"Colisão frontal";3;0;0;0;0;0;0;0;0;0;2;0;0;0;0
"13/11/2025";"08:02:59";"116";"Sem vítima";"79,555";"BR-277/PR";"Decrescente";"Colisão frontal";2;0;0;0;0;0;0;0;0;0;4;0;0;0;0
"13/11/2025";"13:00:52";"189";"Sem vítima";"47,942";"BR-277/PR";"Decrescente";"Colisão frontal";1;0;0;0;0;0;0;0;0;1;5;0;0;0;0
"13/11/2025";"13:44:24";"202";"Sem vítima";"31,900";"BR-277/PR";"Crescente";"Acidentes de outra natureza";1;0;0;0;0;1;0;0;0;0;3;0;0;0;0
"13/11/2025";"17:05:14";"235";"Sem vítima";"5,040";"BR-277/PR";"Crescente";"Colisão traseira";0;0;2;0;0;0;0;0;0;0;4;0;0;0;0
"13/11/2025";"17:49:26";"242";"Sem vítima";"32,768";"BR-277/PR";"Decrescente";"Choque";0;0;0;0;0;0;0;0;0;1;2;0;0;0;0
"13/11/2025";"20:33:24";"268";"Com vítima";"206,542";"092/PR";"Decrescente";"Queda de moto";0;0;0;1;0;0;0;0;0;0;0;1;0;0;0
"14/11/2025";"02:05:20";"19";"Sem vítima";"2,143";"BR-277/PR";"Decrescente";"Colisão frontal";0;0;1;0;0;0;0;0;0;1;2;0;0;0;0
"14/11/2025";"02:51:54";"23";"Com vítima";"1,485";"BR-277/PR";"Crescente";"Atropelamento de pedestre";0;0;0;0;0;0;0;0;0;0;0;0;0;1;0
"14/11/2025";"03:39:31";"27";"Sem vítima";"35,460";"BR-277/PR";"Decrescente";"Colisão frontal";0;0;2;0;0;0;0;0;0;0;2;0;0;0;0
"14/11/2025";"05:48:05";"30";"Sem vítima";"3,500";"BR-277/PR";"Decrescente";"Colisão frontal";1;0;1;0;0;0;0;0;0;0;2;0;0;0;0
"14/11/2025";"07:58:07";"92";"Sem vítima";"295,018";"151/PR";"Crescente";"Colisão frontal";2;0;0;0;0;0;0;0;0;0;2;0;0;0;0
"14/11/2025";"08:36:53";"100";"Sem vítima";"79,209";"BR-277/PR";"Crescente";"Colisão frontal";1;0;0;1;0;0;0;0;0;0;3;0;0;0;0
"14/11/2025";"12:08:29";"151";"Com vítima";"10,255";"BR-277/PR";"Decrescente";"Colisão frontal";0;0;0;0;0;0;0;0;0;2;1;1;0;0;0
"14/11/2025";"13:35:43";"163";"Sem vítima";"16,640";"408/PR";"Decrescente";"Queda de moto";0;0;0;1;0;0;0;0;0;0;1;0;0;0;0
"14/11/2025";"14:41:25";"176";"Sem vítima";"7,250";"407/PR";"Decrescente";"Choque";1;0;0;0;0;1;0;0;0;0;2;0;0;0;0
"14/11/2025";"16:12:19";"186";"Com vítima";"267,150";"151/PR";"Decrescente";"Choque";1;0;0;0;0;0;0;0;0;0;0;1;0;0;0
"14/11/2025";"17:43:28";"200";"Sem vítima";"60,250";"BR-277/PR";"Decrescente";"Colisão frontal";1;0;1;0;0;0;0;0;0;0;5;0;0;0;0
"14/11/2025";"23:02:43";"258";"Sem vítima";"70,390";"BR-277/PR";"Crescente";"Choque";1;0;0;0;0;0;0;0;0;0;1;0;0;0;0
"15/11/2025";"02:11:20";"26";"Com vítima";"286,220";"151/PR";"Crescente";"Colisão transversal";1;0;0;0;0;0;0;0;0;1;4;0;0;0;1
"15/11/2025";"04:25:05";"29";"Com vítima";"293,010";"092/PR";"Crescente";"Capotamento";1;0;0;0;0;0;0;0;0;0;0;3;0;0;0
"15/11/2025";"05:15:46";"32";"Com vítima";"17,001";"BR-153/PR";"Decrescente";"Atropelamento de animal";0;0;0;1;0;0;0;0;0;0;0;0;0;1;0
"15/11/2025";"06:57:39";"50";"Com vítima";"43,150";"BR-277/PR";"Crescente";"Queda de moto";1;0;0;1;0;0;0;0;0;0;4;0;1;0;0
"15/11/2025";"07:55:40";"63";"Sem vítima";"11,500";"BR-277/PR";"Crescente";"Capotamento";0;0;0;0;0;0;0;0;0;1;1;0;0;0;0
"15/11/2025";"08:18:58";"67";"Sem vítima";"14,000";"407/PR";"Crescente";"Engavetamento";2;0;0;0;0;0;0;0;0;0;8;0;0;0;0
"15/11/2025";"08:26:27";"70";"Sem vítima";"57,600";"BR-277/PR";"Crescente";"Capotamento";0;0;0;0;0;0;0;0;0;1;1;0;0;0;0
"15/11/2025";"10:21:12";"90";"Sem vítima";"44,800";"BR-153/PR";"Decrescente";"Colisão frontal";1;0;1;0;0;0;0;0;0;0;2;0;0;0;0
"15/11/2025";"11:52:09";"106";"Sem vítima";"248,730";"092/PR";"Decrescente";"Colisão frontal";1;0;1;0;0;0;0;0;0;0;2;0;0;0;0
"15/11/2025";"20:39:45";"189";"Com vítima";"25,040";"508/PR";"Crescente";"Engavetamento";1;1;0;0;0;0;0;0;0;0;4;0;0;0;0
"16/11/2025";"00:56:53";"12";"Sem vítima";"280,300";"092/PR";"Decrescente";"Colisão frontal";2;0;0;0;0;0;0;0;0;0;1;0;0;0;0
"16/11/2025";"01:27:20";"19";"Com vítima";"216,280";"151/PR";"Decrescente";"Choque";1;0;0;0;0;0;0;0;0;0;0;1;1;0;0
"16/11/2025";"03:32:17";"39";"Com vítima";"225,290";"092/PR";"Crescente";"Capotamento";1;0;0;0;0;0;0;0;0;0;0;0;1;0;0
"16/11/2025";"04:58:50";"42";"Sem vítima";"259,750";"092/PR";"Crescente";"Capotamento";1;0;0;0;0;0;0;0;0;0;0;0;0;0;0
"16/11/2025";"05:17:53";"44";"Sem vítima";"17,200";"BR-277/PR";"Crescente";"Tombamento";1;0;0;0;0;0;0;0;0;0;1;0;0;0;0
"16/11/2025";"09:47:53";"80";"Sem vítima";"38,079";"BR-277/PR";"Crescente";"Queda de moto";0;0;0;1;0;0;0;0;0;0;1;0;0;0;0
"16/11/2025";"15:05:53";"127";"Com vítima";"60,100";"BR-277/PR";"Crescente";"Choque";0;0;0;1;0;0;0;0;0;0;1;1;0;0;0
"17/11/2025";"00:23:41";"2";"Com vítima";"309,350";"092/PR";"Decrescente";"Queda de moto";0;0;0;1;0;0;0;0;0;0;0;2;0;0;0
"17/11/2025";"01:02:27";"9";"Sem vítima";"303,010";"151/PR";"Crescente";"Choque";1;0;0;0;0;0;0;0;0;0;2;0;0;0;0
"17/11/2025";"06:16:07";"40";"Sem vítima";"40,420";"BR-277/PR";"Crescente";"Choque";1;0;0;0;0;0;0;0;0;0;1;0;0;0;0
"17/11/2025";"07:24:47";"80";"Sem vítima";"308,419";"151/PR";"Decrescente";"Choque";0;0;1;0;0;0;0;0;0;0;1;0;0;0;0