data;horario;n_da_ocorrencia;tipo_de_ocorrencia;km;trecho;sentido;tipo_de_acidente;automovel;bicicleta;caminhao;moto;onibus;outros;tracao_animal;transporte_de_cargas_especiais;trator_maquinas;utilitarios;ilesos;levemente_feridos;moderadamente_feridos;gravemente_feridos;mortos
"17/11/2025";"07:30:24";"81";"Sem vítima";"40,470";"BR-277/PR";"Crescente";"Choque";1;0;0;0;0;0;0;0;0;0;2;0;0;0;0
"17/11/2025";"07:37:40";"83";"Sem vítima";"308,619";"151/PR";"Decrescente";"Acidentes de outra natureza";0;0;1;0;0;0;0;0;0;0;1;0;0;0;0
"17/11/2025";"07:52:48";"86";"Sem vítima";"73,740";"BR-277/PR";"Crescente";"Colisão frontal";1;0;0;0;0;0;0;0;0;1;4;0;0;0;0
"17/11/2025";"07:55:49";"90";"Com vítima";"37,050";"BR-277/PR";"Decrescente";"Colisão frontal";0;0;2;0;0;0;0;0;0;0;1;0;1;0;0
"17/11/2025";"08:28:13";"96";"Sem vítima";"36,823";"BR-277/PR";"Crescente";"Choque";1;0;0;0;0;0;0;0;0;0;1;0;0;0;0
"17/11/2025";"08:29:57";"97";"Sem vítima";"309,540";"151/PR";"Crescente";"Choque";1;0;0;0;0;0;0;0;0;0;1;0;0;0;0
"17/11/2025";"10:15:25";"125";"Com vítima";"70,610";"BR-277/PR";"Crescente";"Queda de moto";0;0;0;1;0;0;0;0;0;0;0;1;0;0;0
"17/11/2025";"11:25:50";"140";"Sem vítima";"31,900";"BR-277/PR";"Decrescente";"Colisão frontal";1;0;1;0;0;0;0;0;0;0;3;0;0;0;0
"17/11/2025";"11:31:15";"141";"Com vítima";"33,010";"BR-277/PR";"Decrescente";"Choque";1;0;0;0;0;0;0;0;0;0;0;1;0;0;0
"17/11/2025";"11:52:22";"146";"Sem vítima";"36,620";"BR-277/PR";"Crescente";"Choque";0;0;0;0;0;0;0;0;0;1;1;0;0;0;0
"17/11/2025";"11:59:48";"149";"Com vítima";"35,010";"BR-277/PR";"Crescente";"Choque";1;0;0;0;0;0;0;0;0;0;0;1;0;0;0
"17/11/2025";"12:10:52";"151";"Com vítima";"214,080";"151/PR";"Decrescente";"Colisão frontal";1;0;0;0;0;0;0;0;0;1;1;1;0;0;0
"17/11/2025";"12:50:43";"158";"Sem vítima";"37,990";"BR-277/PR";"Crescente";"Choque";1;0;0;0;0;0;0;0;0;0;2;0;0;0;0
"17/11/2025";"15:06:07";"177";"Sem vítima";"31,480";"BR-277/PR";"Crescente";"Choque";1;0;0;0;0;0;0;0;0;0;5;0;0;0;0
"17/11/2025";"16:13:35";"191";"Com vítima";"25,350";"BR-277/PR";"Crescente";"Atropelamento de pedestre";1;0;0;0;0;0;0;0;0;0;1;0;0;0;1
"17/11/2025";"16:26:24";"193";"Sem vítima";"60,250";"BR-277/PR";"Crescente";"Colisão frontal";2;0;0;0;0;0;0;0;0;0;2;0;0;0;0
"17/11/2025";"21:14:01";"229";"Com vítima";"39,559";"BR-153/PR";"Crescente";"Colisão frontal";1;0;0;1;0;0;0;0;0;0;1;1;0;0;0
"18/11/2025";"00:15:37";"3";"Com vítima";"20,802";"BR-277/PR";"Decrescente";"Acidentes de outra natureza";0;0;0;0;0;0;0;0;0;1;0;1;0;0;0
"18/11/2025";"06:00:47";"40";"Sem vítima";"71,470";"BR-277/PR";"Crescente";"Choque";0;0;0;0;0;0;0;0;0;0;0;0;0;0;0
"18/11/2025";"06:02:21";"42";"Sem vítima";"180,560";"151/PR";"Decrescente";"Queda de moto";1;0;0;0;0;0;0;0;0;0;1;0;0;0;0
"18/11/2025";"07:10:59";"70";"Com vítima";"7,710";"BR-277/PR";"Decrescente";"Colisão frontal";1;0;0;1;0;0;0;0;0;0;1;1;0;0;0
"18/11/2025";"07:16:32";"71";"Com vítima";"260,360";"151/PR";"Decrescente";"Tombamento";0;0;1;0;0;0;0;0;0;0;0;0;1;0;0
"18/11/2025";"07:32:06";"82";"Sem vítima";"60,250";"BR-277/PR";"Decrescente";"Colisão frontal";2;0;0;0;0;0;0;0;0;0;1;0;0;0;0
"18/11/2025";"12:21:28";"172";"Sem vítima";"83,120";"BR-277/PR";"Decrescente";"Colisão traseira";0;0;0;0;0;0;0;0;0;0;0;0;0;0;0
"18/11/2025";"13:00:06";"178";"Com vítima";"21,028";"BR-369/PR";"Decrescente";"Colisão frontal";0;0;1;0;0;0;0;0;0;1;1;1;0;0;0
"18/11/2025";"13:21:16";"185";"Com vítima";"66,140";"BR-277/PR";"Decrescente";"Queda de moto";0;0;0;1;0;0;0;0;0;0;0;0;1;0;0
"18/11/2025";"15:08:52";"211";"Sem vítima";"1,500";"BR-277/PR";"Decrescente";"Colisão frontal";0;0;2;0;0;0;0;0;0;0;2;0;0;0;0
"18/11/2025";"15:32:39";"215";"Com vítima";"309,650";"151/PR";"Crescente";"Capotamento";1;0;0;0;0;0;0;0;0;0;0;2;0;0;0
"18/11/2025";"15:54:59";"219";"Com vítima";"308,220";"151/PR";"Decrescente";"Colisão frontal";2;0;0;0;0;0;0;0;0;0;1;1;0;0;0
"18/11/2025";"16:10:28";"222";"Sem vítima";"60,250";"BR-277/PR";"Crescente";"Colisão frontal";1;0;1;0;0;0;0;0;0;0;2;0;0;0;0
"18/11/2025";"17:55:14";"243";"Sem vítima";"29,800";"BR-277/PR";"Crescente";"Acidentes de outra natureza";0;0;1;0;0;0;0;0;0;0;1;0;0;0;0
"18/11/2025";"19:32:28";"257";"Sem vítima";"2,500";"408/PR";"Crescente";"Acidentes de outra natureza";0;0;0;1;0;0;0;0;0;0;1;0;0;0;0
"18/11/2025";"19:45:09";"258";"Sem vítima";"1,266";"BR-277/PR";"Decrescente";"Choque";1;0;0;0;0;0;0;0;0;0;1;0;0;0;0
"18/11/2025";"20:48:49";"264";"Sem vítima";"69,750";"BR-277/PR";"Crescente";"Colisão traseira";0;0;1;0;0;0;0;0;0;0;2;0;0;0;0
"19/11/2025";"03:22:53";"31";"Sem vítima";"289,269";"151/PR";"Decrescente";"Choque";0;0;1;0;0;0;0;0;0;0;1;0;0;0;0
"19/11/2025";"04:52:00";"38";"Com vítima";"300,435";"151/PR";"Crescente";"Choque";0;0;1;0;0;0;0;0;0;0;0;1;0;0;0
"19/11/2025";"05:34:08";"41";"Sem vítima";"1,430";"BR-277/PR";"Decrescente";"Tombamento";0;0;1;0;0;0;0;0;0;0;1;0;0;0;0
"19/11/2025";"06:44:52";"60";"Sem vítima";"60,251";"BR-277/PR";"Decrescente";"Colisão traseira";0;0;1;0;0;0;0;0;0;0;1;0;0;0;0
"19/11/2025";"08:47:47";"125";"Sem vítima";"17,430";"BR-277/PR";"Decrescente";"Choque";1;0;0;0;0;0;0;0;0;0;1;0;0;0;0
"19/11/2025";"10:05:05";"149";"Com vítima";"275,000";"092/PR";"Decrescente";"Queda de moto";0;0;0;1;0;0;0;0;0;0;0;1;0;0;0
"19/11/2025";"12:56:14";"191";"Com vítima";"39,057";"BR-369/PR";"Crescente";"Colisão frontal";0;0;1;1;0;0;0;0;0;0;1;0;0;0;1
"19/11/2025";"12:58:21";"192";"Com vítima";"297,950";"151/PR";"Decrescente";"Colisão frontal";2;0;0;0;0;0;0;0;0;0;1;2;0;0;0
"19/11/2025";"17:43:04";"256";"Sem vítima";"70,010";"BR-277/PR";"Crescente";"Colisão traseira";0;0;0;0;0;0;0;0;0;1;2;0;0;0;0
"19/11/2025";"18:27:55";"264";"Sem vítima";"49,020";"BR-369/PR";"Decrescente";"Capotamento";1;0;0;0;0;0;0;0;0;0;1;0;0;0;0
"19/11/2025";"19:27:29";"270";"Com vítima";"80,300";"BR-277/PR";"Decrescente";"Colisão frontal";2;0;0;1;0;0;0;0;0;0;2;1;1;0;0
"19/11/2025";"19:49:33";"276";"Com vítima";"68,200";"BR-277/PR";"Crescente";"Engavetamento";1;0;0;1;0;0;0;0;0;0;4;2;0;0;0
"20/11/2025";"02:18:08";"24";"Sem vítima";"47,150";"BR-369/PR";"Decrescente";"Atropelamento de animal";1;0;0;0;0;0;0;0;0;0;1;0;0;0;0
"20/11/2025";"04:37:06";"37";"Sem vítima";"9,200";"BR-277/PR";"Decrescente";"Choque";1;0;0;0;0;0;0;0;0;0;1;0;0;0;0
"20/11/2025";"05:21:43";"42";"Com vítima";"10,200";"BR-277/PR";"Decrescente";"Colisão frontal";2;0;0;0;0;0;0;0;0;0;7;1;0;0;0
"20/11/2025";"09:56:34";"120";"Sem vítima";"72,190";"BR-277/PR";"Decrescente";"Colisão frontal";1;0;0;1;0;0;0;0;0;0;4;0;0;0;0
"20/11/2025";"10:45:35";"128";"Sem vítima";"4,151";"407/PR";"Crescente";"Colisão traseira";2;0;1;0;0;0;0;0;0;1;9;0;0;0;0
"20/11/2025";"16:04:06";"193";"Com vítima";"70,500";"BR-277/PR";"Crescente";"Queda de moto";0;0;0;1;0;0;0;0;0;0;0;1;0;0;0
"20/11/2025";"18:15:57";"214";"Com vítima";"308,300";"092/PR";"Decrescente";"Colisão frontal";0;0;1;1;0;0;0;0;0;0;1;0;1;0;0
"20/11/2025";"19:20:07";"223";"Com vítima";"76,659";"BR-277/PR";"Crescente";"Queda de moto";0;0;0;1;0;0;0;0;0;0;0;0;1;0;0
"20/11/2025";"20:36:39";"235";"Sem vítima";"258,020";"151/PR";"Crescente";"Capotamento";1;0;0;0;0;0;0;0;0;0;1;0;0;0;0
"21/11/2025";"08:33:28";"101";"Sem vítima";"8,010";"407/PR";"Decrescente";"Colisão traseira";1;0;0;0;0;0;0;0;0;0;1;0;0;0;0
"21/11/2025";"14:56:10";"202";"Com vítima";"31,565";"BR-277/PR";"Crescente";"Queda de moto";0;0;0;1;0;0;0;0;0;0;0;1;0;0;0
"21/11/2025";"15:32:32";"210";"Sem vítima";"265,800";"092/PR";"Crescente";"Colisão frontal";1;0;0;0;0;0;0;0;0;0;2;0;0;0;0
"21/11/2025";"17:09:31";"228";"Com vítima";"6,889";"508/PR";"Decrescente";"Engavetamento";2;0;0;0;0;0;0;0;0;0;0;4;1;0;0
"21/11/2025";"18:25:01";"237";"Com vítima";"2,800";"BR-277/PR";"Crescente";"Engavetamento";1;0;1;0;0;0;0;0;0;0;1;1;0;0;0
"21/11/2025";"19:01:07";"246";"Com vítima";"36,349";"BR-277/PR";"Crescente";"Colisão frontal";1;0;0;1;0;0;0;0;0;0;2;0;1;0;0
"21/11/2025";"19:25:46";"253";"Com vítima";"82,805";"BR-277/PR";"Decrescente";"Colisão traseira";3;0;0;3;0;0;0;0;0;0;0;5;2;0;0
"21/11/2025";"21:25:10";"276";"Com vítima";"19,669";"BR-369/PR";"Decrescente";"Colisão frontal";1;0;0;1;0;0;0;0;0;0;1;1;1;0;0
"22/11/2025";"03:25:33";"27";"Com vítima";"256,860";"092/PR";"Crescente";"Colisão frontal";1;0;1;0;0;0;0;0;0;0;0;1;0;0;1
"22/11/2025";"05:33:29";"32";"Com vítima";"7,473";"407/PR";"Decrescente";"Choque";1;0;0;0;0;0;0;0;0;0;0;0;0;1;0
"22/11/2025";"06:08:58";"33";"Sem vítima";"280,956";"151/PR";"Crescente";"Queda de moto";1;0;0;0;0;0;0;0;0;0;1;0;0;0;0
"22/11/2025";"08:59:15";"88";"Sem vítima";"82,180";"BR-277/PR";"Decrescente";"Choque";1;0;0;0;0;0;0;0;0;0;1;0;0;0;0
"22/11/2025";"13:08:36";"155";"Sem vítima";"34,010";"BR-277/PR";"Decrescente";"Colisão frontal";2;0;0;0;0;0;0;0;0;0;4;0;0;0;0
"22/11/2025";"13:15:37";"157";"Sem vítima";"38,440";"BR-277/PR";"Decrescente";"Colisão frontal";1;0;1;0;0;0;0;0;0;0;3;0;0;0;0
"22/11/2025";"15:09:10";"183";"Com vítima";"34,120";"BR-277/PR";"Crescente";"Queda de moto";0;0;0;1;0;0;0;0;0;0;0;1;0;0;0
"22/11/2025";"15:57:58";"193";"Com vítima";"58,656";"BR-277/PR";"Crescente";"Colisão frontal";1;0;0;1;0;0;0;0;0;0;0;4;0;0;0
"22/11/2025";"16:15:04";"197";"Com vítima";"318,020";"092/PR";"Crescente";"Colisão frontal";0;0;2;0;0;0;0;0;0;0;0;0;0;0;1
"22/11/2025";"16:17:19";"198";"Sem vítima";"0,200";"BR-277/PR";"Decrescente";"Colisão traseira";1;0;0;0;0;0;0;0;0;0;2;0;0;0;0
"22/11/2025";"16:31:39";"199";"Com vítima";"221,137";"092/PR";"Decrescente";"Colisão frontal";0;0;0;1;0;0;0;0;0;1;1;1;0;0;0
"22/11/2025";"17:18:39";"210";"Com vítima";"56,560";"BR-277/PR";"Crescente";"Colisão frontal";2;0;0;0;0;0;0;0;0;0;2;1;0;0;0
"22/11/2025";"19:15:41";"237";"Com vítima";"13,100";"BR-277/PR";"Decrescente";"Engavetamento";2;0;0;0;0;0;0;0;0;0;0;8;0;0;0
"22/11/2025";"20:14:24";"246";"Com vítima";"308,513";"151/PR";"Crescente";"Choque";1;0;0;0;0;0;0;0;0;0;0;1;0;0;0
"22/11/2025";"22:11:38";"257";"Com vítima";"3,860";"411/PR";"Crescente";"Atropelamento de pedestre";0;0;0;1;0;0;0;0;0;0;0;1;1;0;0
"23/11/2025";"01:27:31";"24";"Com vítima";"2,100";"BR-277/PR";"Decrescente";"Colisão traseira";1;0;0;0;0;0;0;0;0;0;2;2;0;0;0
"23/11/2025";"03:16:00";"30";"Sem vítima";"9,930";"BR-277/PR";"Decrescente";"Acidentes de outra natureza";1;0;0;0;0;0;0;0;0;0;5;0;0;0;0
"23/11/2025";"07:49:00";"67";"Sem vítima";"43,500";"BR-277/PR";"Crescente";"Colisão traseira";1;0;0;0;0;0;0;0;0;0;1;0;0;0;0
"23/11/2025";"09:07:42";"83";"Sem vítima";"35,120";"BR-277/PR";"Crescente";"Colisão traseira";2;0;0;0;0;0;0;0;0;2;4;0;0;0;0
"23/11/2025";"15:13:25";"146";"Com vítima";"256,910";"151/PR";"Crescente";"Choque";1;0;0;0;0;0;0;0;0;0;0;1;0;0;0
"23/11/2025";"16:18:44";"162";"Com vítima";"12,942";"BR-153/PR";"Decrescente";"Colisão transversal";1;0;2;0;0;0;0;0;0;0;0;3;0;0;0
"23/11/2025";"16:58:21";"172";"Sem vítima";"208,479";"151/PR";"Decrescente";"Colisão frontal";1;0;0;0;1;0;0;0;0;0;2;0;0;0;0
"23/11/2025";"17:45:42";"185";"Com vítima";"300,300";"092/PR";"Crescente";"Choque";1;0;0;0;0;0;0;0;0;0;0;1;0;0;0
"23/11/2025";"18:19:27";"191";"Sem vítima";"308,304";"151/PR";"Crescente";"Tombamento";0;0;1;0;0;0;0;0;0;0;1;0;0;0;0
"23/11/2025";"19:40:19";"211";"Com vítima";"219,497";"092/PR";"Crescente";"Colisão frontal";0;0;3;0;0;0;0;0;0;0;2;1;0;0;0
"23/11/2025";"20:12:48";"220";"Sem vítima";"37,994";"BR-277/PR";"Crescente";"Choque";1;0;0;0;0;0;0;0;0;0;2;0;0;0;0
"23/11/2025";"23:19:06";"239";"Com vítima";"72,528";"BR-277/PR";"Decrescente";"Colisão traseira";1;1;0;0;0;0;0;0;0;0;4;0;0;0;0
"24/11/2025";"00:01:03";"1";"Sem vítima";"1,607";"BR-369/PR";"Crescente";"Acidentes de outra natureza";1;0;0;0;0;0;0;0;0;0;1;0;0;0;0
"24/11/2025";"00:21:06";"4";"Sem vítima";"316,062";"151/PR";"Decrescente";"Acidentes de outra natureza";1;0;0;0;0;0;0;0;0;0;1;0;0;0;0
"24/11/2025";"04:48:02";"26";"Sem vítima";"60,214";"BR-277/PR";"Crescente";"Colisão frontal";2;0;0;0;0;0;0;0;0;0;7;0;0;0;0
"24/11/2025";"06:18:55";"30";"Sem vítima";"36,513";"BR-277/PR";"Crescente";"Colisão frontal";1;0;1;0;0;0;0;0;0;0;2;0;0;0;0
"24/11/2025";"06:48:31";"53";"Sem vítima";"38,022";"BR-277/PR";"Crescente";"Choque";1;0;0;0;0;0;0;0;0;0;2;0;0;0;0
"24/11/2025";"07:00:21";"60";"Sem vítima";"75,432";"BR-277/PR";"Crescente";"Choque";1;0;0;0;0;0;0;0;0;0;2;0;0;0;0
"24/11/2025";"07:11:48";"68";"Com vítima";"1,415";"BR-277/PR";"Crescente";"Colisão frontal";0;0;1;1;0;0;0;0;0;0;1;1;0;0;0
"24/11/2025";"07:16:55";"70";"Com vítima";"74,940";"BR-277/PR";"Crescente";"Colisão frontal";1;0;0;1;0;0;0;0;0;0;2;0;1;0;0
"24/11/2025";"07:20:13";"71";"Com vítima";"1,386";"BR-277/PR";"Crescente";"Colisão frontal";0;0;0;2;0;0;0;0;0;0;1;1;0;0;0
"24/11/2025";"12:00:17";"155";"Com vítima";"72,500";"BR-277/PR";"Decrescente";"Colisão frontal";2;0;0;0;0;0;0;0;0;0;1;1;0;0;0
"24/11/2025";"16:23:26";"199";"Com vítima";"254,014";"151/PR";"Crescente";"Tombamento";0;0;1;0;0;0;0;0;0;0;1;2;0;0;0
"24/11/2025";"18:50:45";"226";"Sem vítima";"316,500";"151/PR";"Decrescente";"Queda de moto";1;0;0;0;0;0;0;0;0;0;1;0;0;0;0
"24/11/2025";"22:52:12";"255";"Com vítima";"289,610";"151/PR";"Decrescente";"Atropelamento de pedestre";0;0;0;0;0;0;0;0;0;1;1;0;0;0;1
"25/11/2025";"00:41:57";"14";"Sem vítima";"36,800";"BR-277/PR";"Decrescente";"Queda de moto";0;0;1;0;0;0;0;0;0;0;1;0;0;0;0
"25/11/2025";"08:49:58";"117";"Sem vítima";"61,094";"BR-277/PR";"Crescente";"Queda de moto";0;0;0;1;0;0;0;0;0;0;2;0;0;0;0
"25/11/2025";"11:46:21";"168";"Sem vítima";"50,010";"BR-153/PR";"Decrescente";"Colisão frontal";1;0;0;0;0;0;0;0;0;0;2;0;0;0;0
"25/11/2025";"16:01:32";"222";"Sem vítima";"66,025";"BR-277/PR";"Decrescente";"Colisão frontal";1;0;1;0;0;0;0;0;0;0;2;0;0;0;0
"25/11/2025";"19:20:01";"248";"Com vítima";"63,810";"BR-369/PR";"Crescente";"Choque";1;0;1;0;0;0;0;0;0;0;0;0;1;0;1
"26/11/2025";"04:59:51";"31";"Com vítima";"284,430";"151/PR";"Decrescente";"Capotamento";2;0;0;0;0;0;0;0;0;0;1;1;0;0;0
"26/11/2025";"09:50:14";"139";"Sem vítima";"278,040";"151/PR";"Decrescente";"Colisão frontal";0;0;0;0;0;0;0;0;0;2;2;0;0;0;0
"26/11/2025";"11:37:14";"163";"Com vítima";"17,580";"BR-369/PR";"Decrescente";"Colisão frontal";0;0;2;0;0;0;0;0;0;0;1;0;1;1;0
"26/11/2025";"11:59:09";"167";"Com vítima";"30,316";"508/PR";"Decrescente";"Colisão frontal";1;0;0;1;0;0;0;0;0;0;1;0;1;0;0
"26/11/2025";"13:46:13";"181";"Com vítima";"5,633";"BR-277/PR";"Decrescente";"Queda de moto";0;0;0;1;0;0;0;0;0;0;0;0;1;0;0
"27/11/2025";"06:21:46";"47";"Com vítima";"5,190";"855/PR";"Crescente";"Colisão frontal";1;0;1;0;0;0;0;0;0;0;2;2;0;0;0
"27/11/2025";"23:11:24";"273";"Com vítima";"268,848";"092/PR";"Crescente";"Engavetamento";0;0;1;0;0;0;0;0;0;1;1;0;1;0;0
"28/11/2025";"03:48:11";"24";"Sem vítima";"274,200";"151/PR";"Decrescente";"Acidentes de outra natureza";1;0;0;0;0;0;0;0;0;0;1;0;0;0;0
"28/11/2025";"05:46:31";"33";"Com vítima";"78,500";"BR-277/PR";"Decrescente";"Capotamento";1;0;0;0;0;0;0;0;0;0;2;3;0;0;0
"28/11/2025";"07:08:56";"69";"Com vítima";"70,900";"BR-277/PR";"Crescente";"Colisão frontal";1;1;0;0;0;0;0;0;0;0;1;0;0;0;0
"28/11/2025";"07:18:14";"76";"Com vítima";"308,000";"092/PR";"Decrescente";"Colisão frontal";0;0;1;1;0;0;0;0;0;0;1;1;1;0;0
"28/11/2025";"08:13:49";"106";"Sem vítima";"72,500";"BR-277/PR";"Crescente";"Colisão frontal";2;0;0;0;0;0;0;0;0;0;2;0;0;0;0
"28/11/2025";"11:54:24";"154";"Com vítima";"303,360";"092/PR";"Decrescente";"Atropelamento de pedestre";0;1;0;0;0;0;0;0;0;1;1;1;0;0;0
"28/11/2025";"15:27:42";"199";"Sem vítima";"305,359";"151/PR";"Crescente";"Colisão frontal";1;0;2;0;0;0;0;0;0;0;3;0;0;0;0
"28/11/2025";"15:37:00";"203";"Com vítima";"73,934";"BR-277/PR";"Crescente";"Colisão traseira";0;1;1;0;0;0;0;0;0;0;1;0;0;0;0
"28/11/2025";"15:58:00";"207";"Sem vítima";"39,235";"BR-277/PR";"Crescente";"Colisão frontal";0;0;2;0;0;0;0;0;0;0;3;0;0;0;0
"28/11/2025";"16:44:10";"215";"Sem vítima";"6,010";"BR-277/PR";"Decrescente";"Choque";1;0;0;0;0;1;0;0;0;0;1;0;0;0;0
"28/11/2025";"17:04:58";"218";"Sem vítima";"40,700";"BR-277/PR";"Crescente";"Colisão frontal";0;0;2;0;0;0;0;0;0;0;2;0;0;0;0
"28/11/2025";"18:57:21";"234";"Com vítima";"79,010";"BR-277/PR";"Decrescente";"Colisão frontal";1;0;0;1;0;0;0;0;0;0;1;1;0;0;0
"28/11/2025";"20:48:29";"269";"Sem vítima";"21,010";"BR-277/PR";"Crescente";"Queda de moto";0;0;0;1;0;0;0;0;0;0;1;0;0;0;0
"29/11/2025";"00:29:36";"4";"Com vítima";"2,390";"411/PR";"Decrescente";"Atropelamento de animal";0;0;0;1;0;0;0;0;0;0;0;1;0;0;0
"29/11/2025";"01:47:36";"20";"Com vítima";"48,390";"BR-277/PR";"Decrescente";"Colisão frontal";1;0;1;0;0;0;0;0;0;0;2;0;0;0;1
"29/11/2025";"01:56:07";"22";"Com vítima";"70,590";"BR-277/PR";"Crescente";"Colisão frontal";0;0;1;1;0;0;0;0;0;0;1;0;0;1;0
"29/11/2025";"05:09:17";"27";"Sem vítima";"303,100";"151/PR";"Crescente";"Choque";1;0;0;0;0;0;0;0;0;0;1;0;0;0;0
"29/11/2025";"07:14:40";"56";"Sem vítima";"0,040";"407/PR";"Decrescente";"Choque";1;0;0;0;0;0;0;0;0;0;1;0;0;0;0
"29/11/2025";"08:40:37";"78";"Com vítima";"15,715";"508/PR";"Decrescente";"Choque";1;0;0;0;0;0;0;0;0;0;1;3;0;0;0
"29/11/2025";"08:49:44";"83";"Com vítima";"10,500";"407/PR";"Decrescente";"Queda de moto";0;0;0;1;0;0;0;0;0;0;0;0;1;0;0
"29/11/2025";"10:41:39";"106";"Sem vítima";"34,191";"BR-277/PR";"Decrescente";"Colisão frontal";1;0;0;0;0;0;0;0;0;1;4;0;0;0;0
"29/11/2025";"11:25:08";"114";"Sem vítima";"5,009";"BR-277/PR";"Crescente";"Tombamento";0;0;1;0;0;0;0;0;0;0;1;0;0;0;0
"29/11/2025";"12:50:32";"136";"Sem vítima";"83,700";"BR-277/PR";"Decrescente";"Colisão frontal";2;0;0;1;0;0;0;0;0;0;3;0;0;0;0
"29/11/2025";"13:38:11";"142";"Com vítima";"35,910";"BR-277/PR";"Crescente";"Atropelamento de pedestre";1;0;1;0;0;0;0;0;0;0;1;0;0;0;1
"29/11/2025";"15:53:56";"172";"Sem vítima";"58,010";"BR-277/PR";"Crescente";"Queda de moto";0;0;0;1;0;0;0;0;0;0;1;0;0;0;0
"29/11/2025";"15:56:19";"173";"Sem vítima";"0,010";"508/PR";"Decrescente";"Choque";1;0;0;0;0;0;0;0;0;0;4;0;0;0;0
"29/11/2025";"16:14:47";"175";"Sem vítima";"71,800";"BR-277/PR";"Decrescente";"Choque";1;0;0;0;0;0;0;0;0;0;1;0;0;0;0
"29/11/2025";"17:48:01";"199";"Sem vítima";"34,350";"BR-277/PR";"Crescente";"Choque";0;0;1;0;0;0;0;0;0;0;1;0;0;0;0
"29/11/2025";"17:49:01";"198";"Sem vítima";"1,650";"BR-153/PR";"Crescente";"Colisão frontal";1;0;1;0;0;0;0;0;0;0;4;0;0;0;0
"29/11/2025";"20:39:04";"230";"Sem vítima";"5,400";"BR-277/PR";"Decrescente";"Atropelamento de animal";0;0;0;1;0;0;0;0;0;0;1;0;0;0;0
"29/11/2025";"23:50:05";"247";"Sem vítima";"8,010";"BR-277/PR";"Decrescente";"Capotamento";1;0;0;0;0;0;0;0;0;0;3;0;0;0;0
"29/11/2025";"23:53:46";"248";"Com vítima";"31,800";"BR-153/PR";"Crescente";"Queda de moto";0;0;0;1;0;0;0;0;0;0;0;1;0;0;0
"30/11/2025";"01:56:16";"21";"Com vítima";"265,100";"151/PR";"Decrescente";"Capotamento";1;0;0;0;0;0;0;0;0;0;0;2;1;0;0
"30/11/2025";"04:11:15";"28";"Sem vítima";"27,100";"BR-277/PR";"Decrescente";"Colisão frontal";1;0;0;0;0;1;0;0;0;1;2;0;0;0;0
"30/11/2025";"04:50:13";"29";"Sem vítima";"19,740";"BR-277/PR";"Decrescente";"Colisão frontal";0;0;2;0;0;0;0;0;0;0;2;0;0;0;0
"30/11/2025";"04:55:57";"31";"Sem vítima";"241,900";"151/PR";"Decrescente";"Colisão frontal";1;0;1;0;0;0;0;0;0;0;3;0;0;0;0
"30/11/2025";"08:10:13";"60";"Sem vítima";"13,881";"BR-277/PR";"Decrescente";"Queda de moto";0;0;0;1;0;0;0;0;0;0;2;0;0;0;0
"30/11/2025";"10:47:26";"89";"Com vítima";"64,281";"BR-369/PR";"Decrescente";"Colisão frontal";0;0;1;1;0;0;0;0;0;0;1;0;0;1;0
"30/11/2025";"12:54:33";"116";"Com vítima";"297,191";"151/PR";"Crescente";"Capotamento";1;0;0;0;0;0;0;0;0;0;0;1;0;0;0
"30/11/2025";"12:58:20";"117";"Com vítima";"23,635";"508/PR";"Crescente";"Queda de moto";1;0;0;0;0;0;0;0;0;0;0;1;0;0;0
"30/11/2025";"13:14:27";"125";"Sem vítima";"27,627";"BR-277/PR";"Crescente";"Colisão frontal";1;0;0;0;0;0;0;0;0;0;1;0;0;0;0
"30/11/2025";"15:10:55";"146";"Com vítima";"2,276";"BR-277/PR";"Decrescente";"Choque";1;0;0;0;0;0;0;0;0;0;0;1;1;0;0
"30/11/2025";"16:29:37";"161";"Sem vítima";"13,010";"411/PR";"Crescente";"Colisão frontal";1;0;0;0;0;0;0;0;0;1;2;0;0;0;0
"30/11/2025";"18:43:38";"198";"Sem vítima";"16,200";"BR-277/PR";"Crescente";"Choque";1;0;0;0;0;0;0;0;0;0;3;0;0;0;0
"30/11/2025";"20:19:10";"222";"Sem vítima";"61,500";"BR-277/PR";"Crescente";"Queda de moto";0;0;0;1;0;0;0;0;0;0;1;0;0;0;0
"30/11/2025";"20:46:09";"229";"Sem vítima";"200,340";"151/PR";"Decrescente";"Choque";1;0;0;0;0;0;0;0;0;0;1;0;0;0;0
"30/11/2025";"21:15:28";"240";"Com vítima";"32,200";"BR-277/PR";"Decrescente";"Capotamento";0;0;0;0;0;0;0;0;0;1;2;1;1;0;0
"30/11/2025";"21:31:22";"245";"Sem vítima";"23,020";"BR-277/PR";"Decrescente";"Choque";1;0;0;0;0;0;0;0;0;0;1;0;0;0;0
"01/12/2025";"05:32:34";"36";"Sem vítima";"37,979";"BR-277/PR";"Crescente";"Queda de moto";1;0;0;0;0;0;0;0;0;0;1;0;0;0;0