data;horario;n_da_ocorrencia;tipo_de_ocorrencia;km;trecho;sentido;tipo_de_acidente;automovel;bicicleta;caminhao;moto;onibus;outros;tracao_animal;transporte_de_cargas_especiais;trator_maquinas;utilitarios;ilesos;levemente_feridos;moderadamente_feridos;gravemente_feridos;mortos
"01/12/2025";"09:41:36";"129";"Com vítima";"13,510";"508/PR";"Crescente";"Colisão frontal";1;0;0;0;0;0;0;0;0;0;0;1;1;0;0
"01/12/2025";"10:27:57";"139";"Sem vítima";"298,312";"151/PR";"Decrescente";"Choque";0;0;0;0;0;0;0;0;0;1;2;0;0;0;0
"01/12/2025";"12:52:38";"165";"Sem vítima";"83,033";"BR-277/PR";"Crescente";"Colisão frontal";3;0;0;0;0;0;0;0;0;0;3;0;0;0;0
"01/12/2025";"16:05:59";"193";"Sem vítima";"320,712";"092/PR";"Crescente";"Queda de moto";1;0;0;0;0;0;0;0;0;0;2;0;0;0;0
"01/12/2025";"23:11:19";"257";"Com vítima";"41,877";"BR-153/PR";"Decrescente";"Colisão frontal";2;0;0;0;0;0;0;0;0;0;0;5;0;0;0
"02/12/2025";"00:09:38";"1";"Com vítima";"10,153";"BR-277/PR";"Crescente";"Choque";1;0;0;0;0;0;0;0;0;0;0;0;1;0;0
"02/12/2025";"00:47:17";"7";"Sem vítima";"73,167";"BR-277/PR";"Decrescente";"Capotamento";1;0;0;0;0;0;0;0;0;0;1;0;0;0;0
"02/12/2025";"01:32:19";"13";"Sem vítima";"41,917";"BR-277/PR";"Decrescente";"Colisão frontal";0;0;2;0;0;0;0;0;0;0;2;0;0;0;0
"02/12/2025";"10:37:56";"155";"Com vítima";"3,030";"BR-277/PR";"Decrescente";"Colisão frontal";0;0;1;0;0;0;0;0;0;1;1;2;0;0;0
"02/12/2025";"17:25:42";"246";"Com vítima";"229,900";"092/PR";"Crescente";"Colisão frontal";1;0;1;0;0;0;0;0;0;0;1;1;0;0;0
"02/12/2025";"17:55:50";"252";"Sem vítima";"312,800";"151/PR";"Decrescente";"Colisão frontal";1;0;1;0;0;0;0;0;0;0;2;0;0;0;0
"03/12/2025";"02:37:33";"26";"Com vítima";"15,096";"BR-277/PR";"Decrescente";"Tombamento";0;0;1;0;0;0;0;0;0;0;0;1;0;0;0
"03/12/2025";"04:12:27";"31";"Sem vítima";"17,306";"BR-277/PR";"Decrescente";"Choque";1;0;0;0;0;0;0;0;0;0;0;0;0;0;0
"03/12/2025";"17:59:45";"235";"Sem vítima";"1,200";"BR-277/PR";"Crescente";"Colisão traseira";1;0;0;0;0;0;0;0;0;0;2;0;0;0;0
"03/12/2025";"18:27:35";"238";"Com vítima";"256,200";"151/PR";"Decrescente";"Capotamento";1;0;0;0;0;0;0;0;0;0;0;1;0;0;0
"04/12/2025";"00:51:00";"14";"Sem vítima";"202,750";"151/PR";"Crescente";"Tombamento";0;0;1;0;0;0;0;0;0;0;1;0;0;0;0
"04/12/2025";"00:54:26";"15";"Com vítima";"72,680";"BR-277/PR";"Decrescente";"Colisão frontal";2;0;0;0;0;0;0;0;0;0;0;1;1;0;0
"04/12/2025";"10:34:24";"142";"Com vítima";"25,506";"508/PR";"Crescente";"Queda de moto";0;0;0;1;0;0;0;0;0;0;1;0;1;0;0
"04/12/2025";"11:29:27";"148";"Sem vítima";"46,300";"BR-153/PR";"Decrescente";"Colisão frontal";0;0;1;0;0;0;0;0;0;1;2;0;0;0;0
"04/12/2025";"12:53:17";"168";"Sem vítima";"305,040";"151/PR";"Crescente";"Colisão frontal";1;0;1;0;0;0;0;0;0;0;4;0;0;0;0
"04/12/2025";"13:39:38";"179";"Sem vítima";"300,375";"092/PR";"Crescente";"Engavetamento";1;0;0;0;0;0;0;0;0;1;2;0;0;0;0
"04/12/2025";"14:17:52";"186";"Sem vítima";"10,900";"BR-277/PR";"Decrescente";"Colisão frontal";1;0;1;0;0;0;0;0;0;0;2;0;0;0;0
"04/12/2025";"15:59:36";"202";"Sem vítima";"16,160";"BR-153/PR";"Crescente";"Choque";0;0;1;0;0;0;0;0;0;0;1;0;0;0;0
"04/12/2025";"19:30:38";"238";"Com vítima";"70,340";"BR-277/PR";"Crescente";"Colisão frontal";0;0;0;1;0;0;0;0;0;0;1;1;0;0;0
"04/12/2025";"23:01:43";"262";"Sem vítima";"1,400";"BR-369/PR";"Decrescente";"Colisão frontal";1;0;0;0;0;0;0;0;0;1;3;0;0;0;0
"05/12/2025";"03:50:41";"37";"Sem vítima";"48,700";"BR-277/PR";"Decrescente";"Queda de moto";1;0;0;0;0;0;0;0;0;0;0;0;0;0;0
"05/12/2025";"06:55:47";"78";"Com vítima";"14,460";"407/PR";"Crescente";"Queda de moto";0;0;0;1;0;0;0;0;0;0;0;1;0;0;0
"05/12/2025";"07:14:30";"87";"Com vítima";"82,188";"BR-277/PR";"Crescente";"Colisão frontal";0;0;0;2;0;0;0;0;0;0;0;2;0;0;0
"05/12/2025";"10:13:39";"168";"Com vítima";"26,200";"BR-277/PR";"Decrescente";"Queda de moto";0;0;0;1;0;0;0;0;0;0;0;1;0;0;0
"05/12/2025";"13:59:01";"223";"Sem vítima";"199,230";"151/PR";"Crescente";"Colisão frontal";0;0;0;0;0;0;0;0;0;1;2;0;0;0;0
"05/12/2025";"18:27:41";"272";"Com vítima";"6,172";"BR-277/PR";"Decrescente";"Colisão frontal";0;0;1;1;0;0;0;0;0;0;1;0;1;0;0
"05/12/2025";"18:53:07";"277";"Sem vítima";"79,523";"BR-277/PR";"Decrescente";"Colisão frontal";1;0;0;1;0;0;0;0;0;0;3;0;0;0;0
"05/12/2025";"19:29:57";"281";"Sem vítima";"6,900";"407/PR";"Decrescente";"Colisão frontal";2;0;0;0;0;0;0;0;0;0;2;0;0;0;0
"05/12/2025";"21:19:41";"298";"Com vítima";"281,454";"092/PR";"Crescente";"Colisão frontal";2;0;0;0;0;0;0;0;0;0;0;3;0;0;0
"06/12/2025";"04:02:46";"34";"Sem vítima";"71,323";"BR-277/PR";"Decrescente";"Choque";1;0;0;0;0;0;0;0;0;0;1;0;0;0;0
"06/12/2025";"06:03:52";"45";"Com vítima";"266,980";"151/PR";"Crescente";"Capotamento";1;0;0;0;0;0;0;0;0;0;0;0;1;0;0
"06/12/2025";"08:00:39";"95";"Com vítima";"3,150";"508/PR";"Decrescente";"Queda de moto";0;0;0;1;0;0;0;0;0;0;0;0;2;0;0
"06/12/2025";"10:16:15";"135";"Sem vítima";"64,390";"BR-277/PR";"Decrescente";"Colisão frontal";3;0;0;0;0;0;0;0;0;0;3;0;0;0;0
"06/12/2025";"12:25:55";"162";"Com vítima";"0,001";"855/PR";"Crescente";"Colisão frontal";0;0;2;0;0;0;0;0;0;0;0;2;0;0;0
"06/12/2025";"18:48:23";"264";"Com vítima";"251,100";"092/PR";"Crescente";"Colisão lateral no mesmo sentido";1;0;0;1;0;0;0;0;0;0;2;2;0;0;0
"06/12/2025";"20:32:20";"281";"Com vítima";"4,670";"508/PR";"Decrescente";"Capotamento";3;0;0;0;0;0;0;0;0;0;0;8;1;0;0
"07/12/2025";"01:47:05";"21";"Sem vítima";"279,833";"151/PR";"Crescente";"Choque";1;0;0;0;0;0;0;0;0;0;1;0;0;0;0
"07/12/2025";"03:07:45";"34";"Com vítima";"242,063";"092/PR";"Crescente";"Queda de moto";0;0;0;1;0;0;0;0;0;0;0;0;0;1;0
"07/12/2025";"05:14:38";"46";"Com vítima";"77,412";"BR-277/PR";"Decrescente";"Colisão frontal";2;0;0;0;0;0;0;0;0;0;0;1;0;0;0
"07/12/2025";"11:14:54";"123";"Com vítima";"42,120";"BR-153/PR";"Crescente";"Colisão frontal";2;0;0;0;0;0;0;0;0;0;2;0;1;0;0
"07/12/2025";"13:23:15";"144";"Sem vítima";"2,232";"508/PR";"Crescente";"Capotamento";1;0;0;0;0;0;0;0;0;0;1;0;0;0;0
"07/12/2025";"16:42:16";"199";"Com vítima";"14,200";"407/PR";"Crescente";"Colisão frontal";0;0;0;1;0;0;0;0;0;0;0;2;0;0;0
"07/12/2025";"17:25:21";"219";"Sem vítima";"14,200";"407/PR";"Decrescente";"Colisão frontal";2;0;0;0;0;0;0;0;0;0;2;0;0;0;0
"07/12/2025";"17:48:36";"223";"Com vítima";"215,002";"092/PR";"Crescente";"Capotamento";1;0;0;0;0;0;0;0;0;0;0;0;0;1;0
"07/12/2025";"18:09:09";"232";"Com vítima";"65,850";"BR-277/PR";"Crescente";"Colisão frontal";2;0;0;0;0;0;0;0;0;0;0;6;0;0;0
"07/12/2025";"18:23:25";"237";"Com vítima";"14,500";"BR-277/PR";"Crescente";"Choque";1;0;0;0;0;0;0;0;0;0;2;1;1;0;0
"07/12/2025";"18:44:24";"241";"Sem vítima";"0,002";"855/PR";"Decrescente";"Colisão frontal";2;0;0;0;0;0;0;0;0;0;2;0;0;0;0
"07/12/2025";"19:03:01";"250";"Sem vítima";"23,500";"BR-153/PR";"Crescente";"Choque";1;0;0;0;0;0;0;0;0;0;0;0;0;0;0
"07/12/2025";"19:53:56";"262";"Sem vítima";"1,100";"407/PR";"Decrescente";"Capotamento";1;0;0;0;0;0;0;0;0;0;0;0;0;0;0
"07/12/2025";"20:01:44";"267";"Com vítima";"4,292";"BR-277/PR";"Decrescente";"Colisão frontal";1;0;0;1;0;0;0;0;0;0;1;0;0;1;0
"07/12/2025";"20:04:41";"268";"Com vítima";"13,100";"508/PR";"Decrescente";"Capotamento";1;0;0;0;0;0;0;0;0;0;0;0;1;0;0
"08/12/2025";"14:18:15";"216";"Com vítima";"25,176";"BR-153/PR";"Decrescente";"Colisão frontal";0;0;1;0;0;0;0;0;0;1;1;1;0;0;0
"08/12/2025";"18:36:03";"253";"Sem vítima";"1,410";"804/PR";"Crescente";"Atropelamento de animal";1;0;0;0;0;0;0;0;0;0;1;0;0;0;0
"08/12/2025";"20:01:40";"271";"Com vítima";"265,010";"151/PR";"Decrescente";"Capotamento";1;0;0;0;0;0;0;0;0;0;0;2;1;0;0
"08/12/2025";"20:08:26";"273";"Sem vítima";"67,010";"BR-277/PR";"Crescente";"Choque";1;0;0;0;0;0;0;0;0;0;1;0;0;0;0
"08/12/2025";"22:21:25";"288";"Sem vítima";"3,200";"BR-277/PR";"Decrescente";"Queda de moto";0;0;0;1;0;0;0;0;0;0;1;0;0;0;0
"09/12/2025";"06:09:41";"34";"Sem vítima";"219,739";"151/PR";"Decrescente";"Colisão frontal";1;0;1;0;0;0;0;0;0;0;2;0;0;0;0
"09/12/2025";"06:28:13";"42";"Com vítima";"88,200";"BR-369/PR";"Decrescente";"Capotamento";1;0;0;0;0;0;0;0;0;0;0;3;0;0;0
"09/12/2025";"07:01:26";"56";"Sem vítima";"273,000";"151/PR";"Crescente";"Acidentes de outra natureza";1;0;0;0;0;0;0;0;0;0;1;0;0;0;0
"09/12/2025";"07:08:09";"58";"Sem vítima";"178,019";"151/PR";"Decrescente";"Choque";0;0;1;0;0;0;0;0;0;0;1;0;0;0;0
"09/12/2025";"07:12:57";"60";"Sem vítima";"83,700";"BR-277/PR";"Decrescente";"Choque";1;0;0;0;0;0;0;0;0;0;1;0;0;0;0
"09/12/2025";"08:32:14";"79";"Sem vítima";"309,700";"151/PR";"Crescente";"Choque";1;0;0;0;0;0;0;0;0;0;1;0;0;0;0
"09/12/2025";"09:16:19";"90";"Sem vítima";"38,150";"BR-277/PR";"Crescente";"Capotamento";1;0;0;0;0;0;0;0;0;0;0;0;0;0;0
"09/12/2025";"11:10:13";"108";"Com vítima";"22,344";"BR-153/PR";"Crescente";"Colisão frontal";0;0;2;0;1;0;0;0;0;0;10;2;0;0;0
"09/12/2025";"11:42:21";"114";"Sem vítima";"38,150";"BR-277/PR";"Crescente";"Choque";0;0;0;0;0;0;0;0;0;1;1;0;0;0;0
"09/12/2025";"11:53:09";"116";"Com vítima";"80,563";"BR-369/PR";"Decrescente";"Choque";1;0;0;0;0;0;0;0;0;0;0;1;0;0;0
"09/12/2025";"12:36:48";"127";"Com vítima";"5,000";"BR-277/PR";"Decrescente";"Queda de moto";0;1;0;0;0;0;0;0;0;0;0;0;0;0;0
"09/12/2025";"14:45:07";"142";"Com vítima";"309,000";"151/PR";"Crescente";"Capotamento";1;0;0;0;0;0;0;0;0;0;0;3;0;0;0
"09/12/2025";"14:45:43";"143";"Sem vítima";"76,915";"BR-369/PR";"Decrescente";"Colisão traseira";1;0;0;0;0;0;0;0;0;0;1;0;0;0;0
"09/12/2025";"14:55:41";"147";"Sem vítima";"41,390";"BR-369/PR";"Crescente";"Tombamento";0;0;1;0;0;0;0;0;0;0;1;0;0;0;0
"10/12/2025";"00:31:42";"6";"Com vítima";"315,010";"092/PR";"Crescente";"Choque";0;0;0;0;0;0;0;0;0;1;0;1;0;0;0
"10/12/2025";"02:58:20";"30";"Com vítima";"13,390";"BR-277/PR";"Crescente";"Tombamento";0;0;1;0;0;0;0;0;0;0;0;0;1;0;0
"10/12/2025";"10:44:04";"183";"Com vítima";"44,300";"BR-277/PR";"Decrescente";"Queda de moto";0;0;0;1;0;0;0;0;0;0;0;0;1;0;0
"10/12/2025";"15:24:46";"256";"Com vítima";"287,260";"092/PR";"Decrescente";"Queda de moto";0;0;0;1;0;0;0;0;0;0;0;1;0;0;0
"10/12/2025";"18:36:40";"303";"Com vítima";"18,300";"BR-369/PR";"Decrescente";"Colisão frontal";2;0;0;0;0;0;0;0;0;0;1;0;1;0;0
"11/12/2025";"09:05:06";"146";"Sem vítima";"28,120";"508/PR";"Crescente";"Colisão frontal";2;0;0;0;0;0;0;0;0;0;1;0;0;0;0
"11/12/2025";"19:29:19";"306";"Com vítima";"242,100";"092/PR";"Crescente";"Colisão frontal";1;0;1;0;0;0;0;0;0;0;1;1;0;0;0
"11/12/2025";"22:30:49";"349";"Com vítima";"22,806";"BR-153/PR";"Decrescente";"Tombamento";0;0;1;0;0;0;0;0;0;0;0;1;0;0;0
"12/12/2025";"02:09:35";"25";"Sem vítima";"266,964";"151/PR";"Decrescente";"Colisão frontal";0;0;2;0;0;0;0;0;0;0;2;0;0;0;0
"12/12/2025";"03:59:57";"45";"Sem vítima";"42,808";"BR-277/PR";"Crescente";"Colisão frontal";0;0;2;0;0;0;0;0;0;0;2;0;0;0;0
"12/12/2025";"09:26:10";"136";"Sem vítima";"33,150";"BR-153/PR";"Decrescente";"Acidentes de outra natureza";0;0;1;0;0;0;0;0;0;0;1;0;0;0;0
"12/12/2025";"11:07:04";"154";"Sem vítima";"309,110";"151/PR";"Crescente";"Acidentes de outra natureza";1;0;0;0;0;0;0;0;0;0;1;0;0;0;0
"12/12/2025";"11:49:13";"166";"Com vítima";"202,800";"151/PR";"Crescente";"Capotamento";0;0;0;0;0;0;0;0;0;1;0;1;0;0;0
"12/12/2025";"12:32:14";"173";"Com vítima";"37,256";"BR-277/PR";"Decrescente";"Colisão traseira";0;0;1;1;0;0;0;0;0;0;1;0;0;1;0
"12/12/2025";"13:40:45";"186";"Sem vítima";"60,250";"BR-277/PR";"Crescente";"Colisão frontal";2;0;0;0;0;0;0;0;0;0;5;0;0;0;0
"12/12/2025";"16:20:39";"210";"Sem vítima";"319,080";"151/PR";"Decrescente";"Choque";1;0;0;0;0;0;0;0;0;0;1;0;0;0;0
"12/12/2025";"17:47:53";"231";"Sem vítima";"13,100";"407/PR";"Decrescente";"Acidentes de outra natureza";1;0;0;0;0;0;0;0;0;0;1;0;0;0;0
"12/12/2025";"21:01:59";"256";"Sem vítima";"219,740";"151/PR";"Decrescente";"Choque";0;0;0;0;0;0;0;0;0;1;2;0;0;0;0
"13/12/2025";"00:53:09";"16";"Com vítima";"70,200";"BR-277/PR";"Crescente";"Acidentes de outra natureza";1;0;0;0;0;0;0;0;0;0;0;1;0;0;0
"13/12/2025";"02:12:52";"30";"Sem vítima";"3,200";"407/PR";"Crescente";"Atropelamento de animal";1;0;0;0;0;0;0;0;0;0;5;0;0;0;0
"13/12/2025";"03:06:38";"31";"Com vítima";"81,819";"BR-277/PR";"Crescente";"Acidentes de outra natureza";1;0;0;0;0;0;0;0;0;0;0;0;1;0;0
"13/12/2025";"03:15:40";"32";"Sem vítima";"3,200";"407/PR";"Crescente";"Atropelamento de animal";1;0;0;0;0;0;0;0;0;0;1;0;0;0;0
"13/12/2025";"07:57:35";"86";"Sem vítima";"217,010";"092/PR";"Decrescente";"Choque";0;0;1;0;0;0;0;0;0;0;1;0;0;0;0
"13/12/2025";"10:49:06";"141";"Com vítima";"317,500";"151/PR";"Crescente";"Colisão frontal";1;0;1;0;0;0;0;0;0;0;5;1;0;0;0
"13/12/2025";"12:42:45";"173";"Sem vítima";"272,800";"151/PR";"Decrescente";"Capotamento";1;0;0;0;0;0;0;0;0;0;1;0;0;0;0
"13/12/2025";"15:39:56";"204";"Sem vítima";"219,600";"151/PR";"Decrescente";"Capotamento";2;0;0;0;0;0;0;0;0;0;2;0;0;0;0
"13/12/2025";"17:10:16";"224";"Com vítima";"214,000";"092/PR";"Crescente";"Queda de moto";0;0;0;1;0;0;0;0;0;0;0;1;0;0;0
"13/12/2025";"19:15:46";"255";"Com vítima";"16,720";"BR-277/PR";"Decrescente";"Choque";1;0;0;0;0;0;0;0;0;0;0;2;1;0;0
"13/12/2025";"20:37:29";"268";"Sem vítima";"31,700";"BR-277/PR";"Decrescente";"Queda de moto";0;0;0;1;0;0;0;0;0;0;1;0;0;0;0
"13/12/2025";"22:35:40";"282";"Sem vítima";"12,150";"BR-277/PR";"Decrescente";"Choque";1;0;0;0;0;0;0;0;0;0;4;0;0;0;0
"14/12/2025";"00:37:13";"10";"Sem vítima";"286,010";"151/PR";"Decrescente";"Choque";1;0;0;0;0;0;0;0;0;0;1;0;0;0;0
"14/12/2025";"00:47:14";"13";"Sem vítima";"68,390";"BR-277/PR";"Decrescente";"Queda de moto";0;0;0;0;0;0;0;0;0;0;0;0;0;0;0
"14/12/2025";"01:11:40";"19";"Sem vítima";"2,970";"BR-277/PR";"Decrescente";"Choque";1;0;0;0;0;0;0;0;0;0;0;0;0;0;0
"14/12/2025";"02:42:21";"39";"Sem vítima";"271,010";"092/PR";"Crescente";"Acidentes de outra natureza";1;0;0;0;0;0;0;0;0;0;1;0;0;0;0
"14/12/2025";"03:48:58";"46";"Com vítima";"25,200";"BR-277/PR";"Decrescente";"Choque";1;0;0;0;0;0;0;0;0;0;0;1;0;0;0
"14/12/2025";"04:47:05";"52";"Com vítima";"83,700";"BR-277/PR";"Crescente";"Queda de moto";0;0;0;1;0;0;0;0;0;0;0;1;0;0;0
"14/12/2025";"13:59:22";"167";"Sem vítima";"70,650";"BR-277/PR";"Crescente";"Choque";1;0;0;0;0;0;0;0;0;0;1;0;0;0;0
"14/12/2025";"14:10:01";"171";"Sem vítima";"276,712";"151/PR";"Decrescente";"Acidentes de outra natureza";1;0;0;0;0;0;0;0;0;0;2;0;0;0;0
"14/12/2025";"15:10:39";"180";"Sem vítima";"0,100";"407/PR";"Decrescente";"Capotamento";0;0;1;0;0;0;0;0;0;0;1;0;0;0;0
"15/12/2025";"04:28:18";"29";"Sem vítima";"293,120";"151/PR";"Decrescente";"Choque";1;0;0;0;0;0;0;0;0;0;1;0;0;0;0
"15/12/2025";"12:13:55";"209";"Sem vítima";"293,120";"151/PR";"Decrescente";"Colisão frontal";1;0;1;0;0;0;0;0;0;0;2;0;0;0;0
"15/12/2025";"16:09:12";"262";"Com vítima";"20,070";"BR-277/PR";"Decrescente";"Choque";0;0;0;1;0;0;0;0;0;0;0;1;0;0;0
"15/12/2025";"17:38:33";"283";"Com vítima";"70,430";"BR-277/PR";"Crescente";"Colisão transversal";1;0;0;1;0;0;0;0;0;0;0;4;1;0;0
"15/12/2025";"18:09:29";"285";"Sem vítima";"67,800";"BR-369/PR";"Decrescente";"Acidentes de outra natureza";1;0;0;0;0;0;0;0;0;0;1;0;0;0;0
"15/12/2025";"20:48:52";"313";"Sem vítima";"310,775";"151/PR";"Decrescente";"Choque";1;0;0;0;0;0;0;0;0;0;1;0;0;0;0
"15/12/2025";"23:13:06";"329";"Com vítima";"63,521";"BR-277/PR";"Crescente";"Choque";0;0;1;0;0;0;0;0;0;0;0;1;0;0;0
"16/12/2025";"10:13:37";"182";"Sem vítima";"205,202";"092/PR";"Decrescente";"Queda de moto";1;0;0;0;0;0;0;0;0;0;1;0;0;0;0
"16/12/2025";"13:19:52";"240";"Sem vítima";"19,684";"408/PR";"Decrescente";"Choque";0;0;1;0;0;0;0;0;0;0;1;0;0;0;0
"16/12/2025";"13:51:07";"246";"Sem vítima";"41,700";"BR-277/PR";"Crescente";"Colisão frontal";0;0;2;0;0;0;0;0;0;0;2;0;0;0;0
"16/12/2025";"16:31:24";"277";"Com vítima";"312,763";"151/PR";"Decrescente";"Engavetamento";2;0;0;0;0;0;0;0;0;0;0;3;0;1;0
"16/12/2025";"16:35:58";"280";"Sem vítima";"5,306";"BR-369/PR";"Crescente";"Queda de moto";1;0;0;0;0;0;0;0;0;0;1;0;0;0;0
"17/12/2025";"19:40:30";"239";"Com vítima";"19,180";"BR-369/PR";"Crescente";"Colisão traseira";0;0;1;0;0;0;0;0;0;2;2;1;0;0;0
"18/12/2025";"01:21:38";"25";"Sem vítima";"182,400";"151/PR";"Decrescente";"Engavetamento";0;0;2;0;0;0;0;0;0;0;3;0;0;0;0
"18/12/2025";"02:35:51";"26";"Sem vítima";"80,060";"BR-277/PR";"Decrescente";"Acidentes de outra natureza";1;0;0;0;0;0;0;0;0;0;1;0;0;0;0
"18/12/2025";"03:54:22";"31";"Sem vítima";"75,010";"BR-277/PR";"Decrescente";"Queda de moto";0;0;0;1;0;0;0;0;0;0;1;0;0;0;0
"18/12/2025";"05:13:26";"32";"Sem vítima";"258,010";"151/PR";"Decrescente";"Colisão frontal";0;0;2;0;0;0;0;0;0;0;2;0;0;0;0
"18/12/2025";"08:27:08";"121";"Sem vítima";"77,150";"BR-277/PR";"Decrescente";"Colisão frontal";2;0;0;0;0;0;0;0;0;0;6;0;0;0;0
"18/12/2025";"09:09:28";"135";"Sem vítima";"78,553";"BR-277/PR";"Crescente";"Colisão frontal";3;0;0;0;0;0;0;0;0;1;4;0;0;0;0
"18/12/2025";"09:13:49";"136";"Sem vítima";"262,086";"151/PR";"Crescente";"Engavetamento";1;0;1;0;0;0;0;0;0;0;2;0;0;0;0
"18/12/2025";"11:19:56";"167";"Sem vítima";"43,817";"BR-277/PR";"Decrescente";"Colisão frontal";0;0;0;0;0;0;0;0;0;3;3;0;0;0;0
"18/12/2025";"13:36:18";"198";"Com vítima";"45,724";"BR-277/PR";"Decrescente";"Colisão frontal";1;0;1;0;0;0;0;0;0;0;3;1;0;0;0
"18/12/2025";"16:00:33";"226";"Sem vítima";"71,781";"BR-277/PR";"Crescente";"Acidentes de outra natureza";1;0;0;0;0;0;0;0;0;0;1;0;0;0;0
"18/12/2025";"17:07:57";"241";"Sem vítima";"36,102";"BR-277/PR";"Crescente";"Colisão frontal";2;0;0;0;0;0;0;0;0;0;5;0;0;0;0
"19/12/2025";"07:30:29";"107";"Com vítima";"5,480";"BR-277/PR";"Decrescente";"Colisão traseira";1;0;0;1;0;0;0;0;0;0;1;1;0;0;0
"19/12/2025";"07:46:21";"117";"Sem vítima";"81,200";"BR-277/PR";"Crescente";"Colisão traseira";0;0;0;0;0;0;0;0;0;1;3;0;0;0;0
"19/12/2025";"07:56:53";"123";"Com vítima";"314,825";"151/PR";"Crescente";"Engavetamento";0;0;1;0;0;0;0;0;0;1;1;3;0;0;0
"19/12/2025";"09:00:45";"156";"Com vítima";"213,712";"151/PR";"Decrescente";"Colisão frontal";1;0;0;1;0;0;0;0;0;0;1;1;0;0;0
"19/12/2025";"09:39:07";"166";"Sem vítima";"41,050";"BR-277/PR";"Decrescente";"Colisão frontal";2;0;0;0;0;0;0;0;0;0;9;0;0;0;0
"19/12/2025";"09:59:06";"171";"Sem vítima";"41,200";"BR-277/PR";"Decrescente";"Colisão frontal";0;0;0;0;0;0;0;0;0;0;0;0;0;0;0
"19/12/2025";"10:04:04";"174";"Sem vítima";"43,120";"BR-277/PR";"Decrescente";"Colisão frontal";2;0;0;0;0;0;0;0;0;0;5;0;0;0;0
"19/12/2025";"14:59:34";"256";"Com vítima";"253,556";"092/PR";"Decrescente";"Colisão frontal";1;0;0;1;0;0;0;0;0;0;1;0;1;0;0
"19/12/2025";"20:54:18";"333";"Sem vítima";"12,754";"BR-369/PR";"Crescente";"Colisão traseira";1;0;0;0;0;0;0;0;0;0;2;0;0;0;0
"20/12/2025";"02:19:23";"36";"Com vítima";"7,078";"BR-277/PR";"Decrescente";"Acidentes de outra natureza";1;0;0;0;0;0;0;0;0;0;0;3;0;0;0
"20/12/2025";"10:11:58";"154";"Sem vítima";"36,800";"BR-277/PR";"Decrescente";"Acidentes de outra natureza";0;0;0;0;0;0;0;0;0;1;3;0;0;0;0
"20/12/2025";"10:33:49";"165";"Sem vítima";"11,697";"407/PR";"Crescente";"Colisão frontal";1;0;0;0;0;0;0;0;0;1;3;0;0;0;0
"20/12/2025";"11:12:14";"175";"Sem vítima";"35,400";"BR-277/PR";"Crescente";"Colisão frontal";1;0;0;0;0;0;0;0;0;0;4;0;0;0;0
"20/12/2025";"11:26:28";"179";"Sem vítima";"12,200";"407/PR";"Crescente";"Colisão frontal";0;0;1;0;0;0;0;0;0;1;3;0;0;0;0
"20/12/2025";"14:46:43";"229";"Sem vítima";"6,070";"239/PR";"Crescente";"Engavetamento";1;0;0;0;0;0;0;0;0;1;4;0;0;0;0
"20/12/2025";"15:00:44";"231";"Com vítima";"8,346";"BR-277/PR";"Decrescente";"Colisão frontal";2;0;0;0;0;0;0;0;0;0;0;1;0;0;0
"20/12/2025";"15:28:15";"235";"Sem vítima";"47,975";"BR-153/PR";"Crescente";"Colisão frontal";1;0;0;0;0;0;0;0;0;1;2;0;0;0;0
"20/12/2025";"19:38:22";"298";"Com vítima";"6,618";"BR-277/PR";"Crescente";"Colisão frontal";1;0;1;0;0;0;0;0;0;0;1;1;0;0;0
"20/12/2025";"21:00:12";"318";"Com vítima";"278,450";"092/PR";"Decrescente";"Colisão frontal";1;1;0;0;0;0;0;0;0;0;0;2;0;0;0
"20/12/2025";"21:52:19";"328";"Sem vítima";"3,452";"BR-277/PR";"Decrescente";"Colisão frontal";2;0;0;0;0;0;0;0;0;0;1;0;0;0;0
"21/12/2025";"05:34:39";"49";"Com vítima";"10,879";"407/PR";"Decrescente";"Capotamento";1;0;0;0;0;0;0;0;0;0;0;1;1;0;0
"21/12/2025";"05:55:11";"53";"Com vítima";"77,953";"BR-277/PR";"Decrescente";"Queda de moto";0;0;0;1;0;0;0;0;0;0;0;2;0;0;0
"21/12/2025";"07:12:23";"73";"Sem vítima";"210,579";"151/PR";"Decrescente";"Colisão frontal";2;0;0;0;0;0;0;0;0;0;5;0;0;0;0
"21/12/2025";"11:53:45";"154";"Sem vítima";"223,340";"151/PR";"Decrescente";"Engavetamento";0;0;2;0;0;0;0;0;0;0;2;0;0;0;0
"21/12/2025";"12:17:59";"161";"Sem vítima";"74,500";"BR-277/PR";"Crescente";"Atropelamento de animal";1;0;0;0;0;0;0;0;0;0;2;0;0;0;0
"21/12/2025";"14:12:54";"194";"Com vítima";"35,934";"BR-277/PR";"Decrescente";"Colisão frontal";1;0;0;1;0;0;0;0;0;0;3;2;0;0;0