data;horario;n_da_ocorrencia;tipo_de_ocorrencia;km;trecho;sentido;tipo_de_acidente;automovel;bicicleta;caminhao;moto;onibus;outros;tracao_animal;transporte_de_cargas_especiais;trator_maquinas;utilitarios;ilesos;levemente_feridos;moderadamente_feridos;gravemente_feridos;mortos
"21/12/2025";"15:44:05";"213";"Com vítima";"9,175";"508/PR";"Crescente";"Colisão lateral no mesmo sentido";1;0;0;1;0;0;0;0;0;0;1;1;0;1;0
"21/12/2025";"17:42:30";"240";"Com vítima";"3,212";"508/PR";"Decrescente";"Colisão frontal";1;0;0;0;0;0;0;0;0;0;0;5;0;0;0
"21/12/2025";"19:01:20";"253";"Sem vítima";"61,360";"BR-277/PR";"Crescente";"Atropelamento de animal";1;0;0;0;0;0;0;0;0;0;1;0;0;0;0
"21/12/2025";"19:09:07";"259";"Com vítima";"293,134";"151/PR";"Decrescente";"Choque";1;0;0;0;0;0;0;0;0;0;0;3;1;1;1
"21/12/2025";"20:41:10";"279";"Com vítima";"69,771";"BR-277/PR";"Crescente";"Acidentes de outra natureza";0;0;0;1;0;0;0;0;0;0;0;1;0;0;0
"21/12/2025";"23:33:09";"298";"Sem vítima";"218,405";"151/PR";"Decrescente";"Colisão frontal";1;0;1;0;0;0;0;0;0;0;1;0;0;0;0
"22/12/2025";"01:43:43";"26";"Com vítima";"312,708";"092/PR";"Crescente";"Choque";1;0;0;0;0;0;0;0;0;0;0;4;0;0;0
"22/12/2025";"07:55:27";"95";"Com vítima";"13,900";"BR-277/PR";"Crescente";"Capotamento";1;0;0;0;0;0;0;0;0;0;0;2;0;1;0
"22/12/2025";"09:30:11";"124";"Sem vítima";"18,650";"508/PR";"Decrescente";"Acidentes de outra natureza";1;0;0;0;0;0;0;0;0;0;1;0;0;0;0
"22/12/2025";"10:34:07";"139";"Com vítima";"275,075";"092/PR";"Decrescente";"Colisão frontal";0;0;1;1;0;0;0;0;0;0;1;0;0;0;1
"22/12/2025";"16:26:11";"242";"Sem vítima";"29,000";"BR-277/PR";"Crescente";"Colisão frontal";0;0;0;1;0;0;0;0;0;0;1;0;0;0;0
"22/12/2025";"16:46:53";"248";"Sem vítima";"35,500";"BR-277/PR";"Decrescente";"Colisão traseira";1;0;0;0;0;0;0;0;0;0;1;0;0;0;0
"22/12/2025";"23:34:06";"305";"Sem vítima";"3,710";"508/PR";"Decrescente";"Choque";0;0;1;0;0;0;0;0;0;0;1;0;0;0;0
"23/12/2025";"07:23:22";"71";"Com vítima";"5,500";"508/PR";"Decrescente";"Queda de moto";0;0;0;1;0;0;0;0;0;0;1;1;0;0;0
"23/12/2025";"07:43:41";"76";"Sem vítima";"284,160";"151/PR";"Decrescente";"Colisão frontal";1;0;0;0;0;0;0;0;0;1;5;0;0;0;0
"23/12/2025";"10:36:38";"139";"Com vítima";"50,164";"BR-153/PR";"Crescente";"Tombamento";0;0;1;0;0;0;0;0;0;0;0;1;0;0;0
"23/12/2025";"11:47:06";"157";"Sem vítima";"7,000";"BR-277/PR";"Crescente";"Colisão frontal";0;0;2;0;0;0;0;0;0;0;2;0;0;0;0
"23/12/2025";"12:55:08";"173";"Sem vítima";"5,820";"BR-277/PR";"Decrescente";"Colisão frontal";1;0;1;0;0;0;0;0;0;0;2;0;0;0;0
"23/12/2025";"14:27:50";"188";"Com vítima";"219,665";"092/PR";"Crescente";"Engavetamento";2;0;0;0;0;0;0;0;0;0;5;0;2;0;0
"23/12/2025";"15:54:42";"216";"Sem vítima";"67,394";"BR-277/PR";"Decrescente";"Queda de moto";1;0;0;0;0;0;0;0;0;0;4;0;0;0;0
"23/12/2025";"16:37:46";"224";"Sem vítima";"37,500";"BR-277/PR";"Decrescente";"Colisão frontal";1;0;1;0;0;0;0;0;0;0;2;0;0;0;0
"23/12/2025";"22:15:06";"287";"Com vítima";"42,500";"BR-369/PR";"Decrescente";"Choque";1;0;0;0;0;0;0;0;0;0;1;0;1;0;0
"24/12/2025";"04:12:12";"35";"Sem vítima";"30,740";"BR-277/PR";"Decrescente";"Choque";1;0;0;0;0;0;0;0;0;0;1;0;0;0;0
"24/12/2025";"04:45:45";"37";"Com vítima";"14,500";"407/PR";"Crescente";"Colisão frontal";2;0;0;0;0;0;0;0;0;0;4;1;0;0;0
"24/12/2025";"07:11:30";"49";"Sem vítima";"72,400";"BR-277/PR";"Crescente";"Colisão frontal";0;0;0;1;0;0;0;0;0;0;1;0;0;0;0
"24/12/2025";"08:47:22";"71";"Sem vítima";"3,410";"407/PR";"Crescente";"Colisão frontal";2;0;0;0;0;0;0;0;0;0;4;0;0;0;0
"24/12/2025";"12:56:12";"145";"Sem vítima";"82,776";"BR-277/PR";"Crescente";"Engavetamento";2;0;0;0;0;0;0;0;0;0;4;0;0;0;0
"24/12/2025";"13:12:41";"147";"Com vítima";"40,239";"BR-277/PR";"Crescente";"Colisão frontal";0;0;1;1;0;0;0;0;0;0;1;0;0;0;1
"24/12/2025";"14:38:31";"160";"Com vítima";"82,864";"BR-369/PR";"Decrescente";"Queda de moto";0;0;0;1;0;0;0;0;0;0;0;2;0;0;0
"24/12/2025";"15:04:37";"170";"Com vítima";"266,174";"092/PR";"Decrescente";"Queda de moto";1;0;0;0;0;0;0;0;0;0;0;2;0;0;0
"24/12/2025";"15:12:41";"173";"Sem vítima";"12,487";"BR-277/PR";"Decrescente";"Colisão frontal";1;0;0;0;0;0;0;0;0;1;6;0;0;0;0
"24/12/2025";"16:43:13";"200";"Sem vítima";"38,200";"BR-153/PR";"Decrescente";"Capotamento";1;0;0;0;0;0;0;0;0;0;0;0;0;0;0
"24/12/2025";"17:07:48";"209";"Com vítima";"234,200";"092/PR";"Crescente";"Capotamento";1;0;0;0;0;0;0;0;0;0;0;1;0;0;0
"24/12/2025";"17:13:46";"212";"Sem vítima";"252,200";"092/PR";"Crescente";"Capotamento";1;0;0;0;0;0;0;0;0;0;1;0;0;0;0
"24/12/2025";"18:03:23";"224";"Sem vítima";"317,529";"151/PR";"Crescente";"Choque";0;0;0;0;0;0;0;0;0;1;2;0;0;0;0
"24/12/2025";"22:40:02";"266";"Com vítima";"8,707";"BR-277/PR";"Decrescente";"Colisão traseira";0;0;0;1;0;0;0;0;0;0;0;1;0;0;0
"24/12/2025";"23:57:20";"279";"Sem vítima";"293,500";"151/PR";"Decrescente";"Atropelamento de animal";1;0;0;0;0;0;0;0;0;0;1;0;0;0;0
"25/12/2025";"00:35:38";"4";"Com vítima";"3,420";"BR-277/PR";"Decrescente";"Colisão frontal";2;0;0;0;0;0;0;0;0;0;0;5;1;0;0
"25/12/2025";"12:22:23";"106";"Sem vítima";"12,831";"407/PR";"Crescente";"Queda de moto";1;0;0;0;0;0;0;0;0;0;5;0;0;0;0
"25/12/2025";"15:15:40";"132";"Com vítima";"12,338";"BR-277/PR";"Decrescente";"Colisão frontal";1;0;1;0;0;0;0;0;0;0;1;4;1;0;0
"25/12/2025";"16:23:18";"151";"Com vítima";"13,089";"508/PR";"Decrescente";"Colisão frontal";2;0;0;0;0;0;0;0;0;0;2;2;3;1;0
"25/12/2025";"20:42:35";"208";"Sem vítima";"5,094";"407/PR";"Decrescente";"Colisão frontal";2;0;0;0;0;0;0;0;0;0;10;0;0;0;0
"25/12/2025";"20:50:44";"210";"Com vítima";"20,190";"BR-153/PR";"Crescente";"Colisão frontal";1;0;0;1;0;0;0;0;0;0;0;4;0;1;0
"25/12/2025";"22:01:31";"225";"Sem vítima";"48,780";"BR-277/PR";"Decrescente";"Engavetamento";2;0;0;0;0;0;0;0;0;0;4;0;0;0;0
"26/12/2025";"06:40:14";"53";"Sem vítima";"62,780";"BR-277/PR";"Decrescente";"Choque";1;0;0;0;0;0;0;0;0;0;3;0;0;0;0
"26/12/2025";"09:23:17";"113";"Sem vítima";"53,890";"BR-277/PR";"Decrescente";"Colisão transversal";7;0;0;0;0;0;0;0;0;0;18;0;0;0;0
"26/12/2025";"10:13:59";"125";"Sem vítima";"64,272";"BR-277/PR";"Decrescente";"Colisão frontal";4;0;0;0;0;0;0;0;0;0;8;0;0;0;0
"26/12/2025";"11:22:41";"151";"Sem vítima";"300,126";"092/PR";"Decrescente";"Colisão frontal";1;0;0;0;0;0;0;0;0;1;5;0;0;0;0
"26/12/2025";"13:18:39";"177";"Com vítima";"0,100";"407/PR";"Decrescente";"Queda de moto";0;0;0;1;0;0;0;0;0;0;0;1;0;0;0
"26/12/2025";"14:22:50";"193";"Com vítima";"8,180";"407/PR";"Crescente";"Colisão frontal";1;0;0;1;0;0;0;0;0;0;2;0;1;0;0
"26/12/2025";"15:36:47";"209";"Sem vítima";"17,647";"508/PR";"Decrescente";"Choque";1;0;0;0;0;0;0;0;0;0;2;0;0;0;0
"26/12/2025";"18:39:13";"254";"Com vítima";"43,340";"BR-153/PR";"Decrescente";"Choque";0;0;0;0;0;0;0;0;0;1;0;1;0;0;0
"26/12/2025";"19:24:37";"270";"Sem vítima";"51,730";"BR-277/PR";"Decrescente";"Colisão frontal";1;0;0;0;0;0;0;0;0;0;3;0;0;0;0
"26/12/2025";"20:47:00";"292";"Sem vítima";"69,010";"BR-277/PR";"Crescente";"Colisão transversal";1;0;0;0;0;0;0;0;0;0;2;0;0;0;0
"26/12/2025";"21:31:03";"301";"Sem vítima";"68,519";"BR-277/PR";"Decrescente";"Choque";1;0;0;0;0;0;0;0;0;0;1;0;0;0;0
"27/12/2025";"05:47:58";"36";"Sem vítima";"46,094";"BR-153/PR";"Crescente";"Choque";1;0;0;0;0;0;0;0;0;0;1;0;0;0;0
"27/12/2025";"06:47:10";"49";"Sem vítima";"63,450";"BR-277/PR";"Decrescente";"Choque";1;0;0;0;0;0;0;0;0;0;2;0;0;0;0
"27/12/2025";"07:37:05";"67";"Sem vítima";"68,150";"BR-277/PR";"Decrescente";"Choque";1;0;0;0;0;0;0;0;0;0;2;0;0;0;0
"27/12/2025";"07:50:49";"72";"Com vítima";"33,800";"BR-277/PR";"Crescente";"Choque";1;0;0;0;0;0;0;0;0;0;0;1;0;0;0
"27/12/2025";"11:42:43";"121";"Com vítima";"23,570";"BR-277/PR";"Decrescente";"Colisão traseira";0;0;0;0;0;0;0;0;0;0;0;0;0;0;0
"27/12/2025";"12:46:56";"138";"Com vítima";"8,500";"407/PR";"Crescente";"Colisão transversal";0;0;0;1;0;0;0;0;0;1;1;1;1;0;0
"27/12/2025";"18:16:44";"212";"Sem vítima";"313,940";"151/PR";"Crescente";"Choque";1;0;0;0;0;0;0;0;0;0;2;0;0;0;0
"28/12/2025";"09:00:53";"59";"Sem vítima";"13,153";"407/PR";"Crescente";"Colisão lateral em sentido contrário";1;0;0;0;0;0;0;0;0;0;2;0;0;0;0
"28/12/2025";"09:20:20";"63";"Sem vítima";"87,100";"BR-369/PR";"Crescente";"Capotamento";1;0;0;0;0;0;0;0;0;0;2;0;0;0;0
"28/12/2025";"09:26:32";"65";"Sem vítima";"13,000";"BR-277/PR";"Decrescente";"Colisão frontal";3;0;0;0;0;0;0;0;0;0;8;0;0;0;0
"28/12/2025";"10:06:57";"70";"Sem vítima";"16,107";"BR-277/PR";"Decrescente";"Queda de moto";0;0;0;1;0;0;0;0;0;0;2;0;0;0;0
"28/12/2025";"13:18:29";"98";"Com vítima";"37,930";"BR-277/PR";"Crescente";"Queda de moto";0;0;0;1;0;0;0;0;0;0;1;1;0;0;0
"29/12/2025";"04:14:50";"22";"Com vítima";"33,741";"BR-153/PR";"Decrescente";"Tombamento";0;0;1;0;0;0;0;0;0;0;0;0;1;0;0
"29/12/2025";"13:58:35";"195";"Com vítima";"64,638";"BR-277/PR";"Crescente";"Capotamento";1;0;0;0;0;0;0;0;0;0;0;3;0;0;0
"29/12/2025";"15:23:52";"217";"Sem vítima";"42,100";"BR-277/PR";"Decrescente";"Colisão frontal";0;0;0;1;0;0;0;0;0;0;1;0;0;0;0
"29/12/2025";"17:04:21";"244";"Sem vítima";"230,789";"151/PR";"Decrescente";"Acidentes de outra natureza";0;0;1;0;0;0;0;0;0;0;1;0;0;0;0
"29/12/2025";"18:26:57";"263";"Sem vítima";"32,890";"BR-277/PR";"Decrescente";"Choque";1;0;0;0;0;0;0;0;0;0;0;0;0;0;0
"29/12/2025";"18:49:56";"267";"Sem vítima";"33,400";"BR-277/PR";"Decrescente";"Choque";1;0;0;0;0;0;0;0;0;0;1;0;0;0;0
"29/12/2025";"19:08:24";"268";"Sem vítima";"38,500";"BR-277/PR";"Decrescente";"Choque";1;0;0;0;0;0;0;0;0;0;4;0;0;0;0
"30/12/2025";"07:28:03";"73";"Sem vítima";"13,598";"407/PR";"Crescente";"Colisão frontal";3;0;0;0;0;0;0;0;0;0;6;0;0;0;0
"30/12/2025";"08:04:01";"90";"Sem vítima";"39,120";"BR-277/PR";"Decrescente";"Colisão frontal";4;0;0;0;0;0;0;0;0;0;4;0;0;0;0
"30/12/2025";"08:13:39";"94";"Com vítima";"33,800";"BR-277/PR";"Crescente";"Acidentes de outra natureza";0;1;0;0;0;0;0;0;0;0;0;1;0;0;0
"30/12/2025";"09:47:55";"133";"Sem vítima";"40,140";"BR-277/PR";"Decrescente";"Choque";0;0;1;0;0;0;0;0;0;0;1;0;0;0;0
"30/12/2025";"15:37:07";"202";"Sem vítima";"42,120";"BR-277/PR";"Decrescente";"Colisão frontal";1;0;0;0;0;0;0;0;0;1;2;0;0;0;0
"30/12/2025";"16:33:52";"213";"Sem vítima";"19,120";"508/PR";"Crescente";"Engavetamento";2;0;0;0;0;0;0;0;0;0;8;0;0;0;0
"30/12/2025";"17:23:30";"225";"Sem vítima";"5,120";"407/PR";"Crescente";"Choque";1;0;0;0;0;0;0;0;0;0;4;0;0;0;0
"30/12/2025";"21:23:19";"272";"Sem vítima";"43,900";"BR-277/PR";"Decrescente";"Colisão frontal";2;0;0;0;0;0;0;0;0;0;4;0;0;0;0
"31/12/2025";"01:46:10";"13";"Com vítima";"12,857";"BR-277/PR";"Decrescente";"Queda de moto";0;0;0;1;0;0;0;0;0;0;0;2;0;0;0
"31/12/2025";"03:53:35";"29";"Com vítima";"29,782";"BR-277/PR";"Decrescente";"Queda de moto";0;0;0;1;0;0;0;0;0;0;0;2;0;0;0
"31/12/2025";"13:14:39";"112";"Com vítima";"78,500";"BR-277/PR";"Crescente";"Colisão frontal";2;0;0;0;0;0;0;0;0;0;3;1;0;0;0
"31/12/2025";"16:16:34";"141";"Sem vítima";"57,619";"BR-277/PR";"Decrescente";"Colisão frontal";2;0;0;0;0;0;0;0;0;0;5;0;0;0;0
"31/12/2025";"16:43:44";"149";"Sem vítima";"34,100";"BR-277/PR";"Decrescente";"Choque";1;0;0;0;0;0;0;0;0;0;4;0;0;0;0
"31/12/2025";"16:56:03";"151";"Sem vítima";"33,990";"BR-277/PR";"Decrescente";"Choque";1;0;0;0;0;0;0;0;0;0;3;0;0;0;0
"31/12/2025";"17:17:02";"153";"Com vítima";"11,850";"508/PR";"Decrescente";"Queda de moto";0;0;0;1;0;0;0;0;0;0;0;2;0;0;0
"31/12/2025";"17:42:10";"159";"Sem vítima";"43,400";"BR-277/PR";"Decrescente";"Choque";1;0;0;0;0;0;0;0;0;0;2;0;0;0;0
"31/12/2025";"17:52:14";"161";"Sem vítima";"31,800";"BR-277/PR";"Crescente";"Capotamento";1;0;0;0;0;0;0;0;0;0;1;0;0;0;0
"31/12/2025";"19:19:35";"176";"Sem vítima";"31,022";"BR-277/PR";"Crescente";"Choque";1;0;0;0;0;0;0;0;0;0;4;0;0;0;0
"31/12/2025";"21:06:12";"185";"Sem vítima";"46,300";"BR-277/PR";"Crescente";"Colisão frontal";1;0;0;0;0;0;0;0;0;0;1;0;0;0;0
"01/01/2026";"03:33:28";"31";"Sem vítima";"31,950";"BR-277/PR";"Crescente";"Choque";1;0;0;0;0;0;0;0;0;0;5;0;0;0;0
"01/01/2026";"04:27:01";"35";"Sem vítima";"292,567";"151/PR";"Decrescente";"Queda de moto";1;0;0;0;0;0;0;0;0;0;2;0;0;0;0
"01/01/2026";"05:24:21";"41";"Com vítima";"78,250";"BR-277/PR";"Crescente";"Queda de moto";0;0;0;1;0;0;0;0;0;0;0;0;1;0;0
"01/01/2026";"05:36:24";"43";"Sem vítima";"6,020";"BR-277/PR";"Crescente";"Capotamento";0;0;0;0;0;0;0;0;0;1;1;0;0;0;0
"01/01/2026";"05:53:54";"46";"Com vítima";"37,009";"BR-277/PR";"Crescente";"Queda de moto";0;0;0;1;0;0;0;0;0;0;0;1;0;0;0
"01/01/2026";"06:38:16";"56";"Com vítima";"15,200";"508/PR";"Decrescente";"Colisão frontal";2;0;0;0;0;0;0;0;0;0;0;0;0;2;1
"01/01/2026";"07:10:36";"61";"Sem vítima";"32,120";"BR-277/PR";"Decrescente";"Choque";1;0;0;0;0;0;0;0;0;0;1;0;0;0;0
"01/01/2026";"10:13:11";"91";"Sem vítima";"12,100";"407/PR";"Decrescente";"Acidentes de outra natureza";1;0;0;0;0;0;0;0;0;0;3;0;0;0;0
"01/01/2026";"15:32:00";"153";"Com vítima";"35,100";"BR-277/PR";"Crescente";"Queda de moto";0;0;0;1;0;0;0;0;0;0;0;1;0;0;0
"01/01/2026";"16:55:44";"174";"Sem vítima";"42,150";"BR-277/PR";"Crescente";"Choque";1;0;0;0;0;0;0;0;0;0;1;0;0;0;0
"01/01/2026";"18:34:40";"190";"Sem vítima";"60,250";"BR-277/PR";"Crescente";"Colisão frontal";2;0;0;0;0;0;0;0;0;0;2;0;0;0;0
"01/01/2026";"18:46:53";"194";"Com vítima";"16,020";"BR-277/PR";"Decrescente";"Colisão frontal";0;1;0;0;0;0;0;0;0;0;0;0;0;0;0
"01/01/2026";"20:21:36";"213";"Com vítima";"5,140";"508/PR";"Decrescente";"Colisão traseira";0;0;0;0;0;0;0;0;0;0;0;0;0;0;0
"02/01/2026";"09:18:38";"114";"Com vítima";"12,810";"407/PR";"Decrescente";"Engavetamento";2;0;0;0;0;0;0;0;0;0;0;5;1;0;0
"02/01/2026";"09:51:38";"127";"Sem vítima";"61,542";"BR-277/PR";"Decrescente";"Colisão frontal";2;0;0;0;0;0;0;0;0;0;5;0;0;0;0
"02/01/2026";"13:15:00";"183";"Sem vítima";"36,310";"BR-277/PR";"Decrescente";"Choque";1;0;0;0;0;0;0;0;0;0;3;0;0;0;0
"02/01/2026";"13:55:21";"191";"Sem vítima";"47,598";"BR-277/PR";"Decrescente";"Choque";1;0;0;0;0;0;0;0;0;0;1;0;0;0;0
"02/01/2026";"17:32:34";"249";"Sem vítima";"37,950";"BR-277/PR";"Crescente";"Choque";1;0;0;0;0;0;0;0;0;0;5;0;0;0;0
"02/01/2026";"17:34:54";"250";"Sem vítima";"21,200";"BR-277/PR";"Crescente";"Colisão traseira";1;0;1;0;0;0;0;0;0;0;4;0;0;0;0
"02/01/2026";"19:19:43";"272";"Com vítima";"25,160";"508/PR";"Decrescente";"Engavetamento";2;0;0;0;0;0;0;0;0;0;3;4;0;0;0
"03/01/2026";"00:32:08";"8";"Sem vítima";"65,411";"BR-277/PR";"Decrescente";"Queda de moto";0;0;0;0;0;0;0;0;0;1;1;0;0;0;0
"03/01/2026";"06:39:45";"56";"Sem vítima";"69,610";"BR-277/PR";"Crescente";"Choque";1;0;0;0;0;0;0;0;0;0;2;0;0;0;0
"03/01/2026";"07:42:22";"78";"Sem vítima";"14,212";"407/PR";"Crescente";"Colisão frontal";2;0;0;0;0;0;0;0;0;0;3;0;0;0;0
"03/01/2026";"08:14:45";"97";"Sem vítima";"14,252";"407/PR";"Crescente";"Colisão frontal";2;0;0;0;0;0;0;0;0;0;4;0;0;0;0
"03/01/2026";"08:16:10";"99";"Com vítima";"16,470";"408/PR";"Crescente";"Queda de moto";0;0;0;1;0;0;0;0;0;0;0;1;1;0;0
"03/01/2026";"08:41:49";"106";"Com vítima";"13,684";"407/PR";"Crescente";"Colisão frontal";1;0;0;1;0;0;0;0;0;0;6;0;1;0;0
"03/01/2026";"09:32:18";"118";"Com vítima";"8,822";"BR-277/PR";"Decrescente";"Queda de moto";0;0;0;1;0;0;0;0;0;0;0;2;0;0;0
"03/01/2026";"10:42:34";"142";"Sem vítima";"14,350";"407/PR";"Crescente";"Colisão frontal";0;0;0;1;0;0;0;0;0;1;4;0;0;0;0
"03/01/2026";"16:17:48";"267";"Sem vítima";"6,300";"407/PR";"Decrescente";"Colisão frontal";2;0;0;0;0;0;0;0;0;0;3;0;0;0;0
"03/01/2026";"17:21:04";"293";"Sem vítima";"11,200";"508/PR";"Decrescente";"Choque";1;0;0;0;0;0;0;0;0;0;1;0;0;0;0
"04/01/2026";"04:08:08";"28";"Com vítima";"248,902";"092/PR";"Decrescente";"Queda de moto";1;0;0;0;0;0;0;0;0;0;0;0;1;0;0
"04/01/2026";"07:00:22";"43";"Sem vítima";"16,010";"BR-277/PR";"Decrescente";"Choque";1;0;0;0;0;0;0;0;0;0;1;0;0;0;0
"04/01/2026";"07:16:29";"47";"Sem vítima";"201,392";"092/PR";"Crescente";"Colisão frontal";3;0;0;0;0;0;0;0;0;0;4;0;0;0;0
"04/01/2026";"07:38:38";"56";"Com vítima";"9,060";"411/PR";"Decrescente";"Queda de moto";0;0;0;1;0;0;0;0;0;0;0;1;0;0;0
"04/01/2026";"11:31:55";"113";"Sem vítima";"292,103";"151/PR";"Decrescente";"Choque";1;0;0;0;0;0;0;0;0;0;1;0;0;0;0
"04/01/2026";"20:40:29";"255";"Com vítima";"45,100";"BR-153/PR";"Crescente";"Atropelamento de animal";0;0;0;1;0;0;0;0;0;0;0;0;1;0;0
"05/01/2026";"04:57:39";"31";"Sem vítima";"5,360";"855/PR";"Decrescente";"Atropelamento de animal";1;0;0;0;0;0;0;0;0;0;1;0;0;0;0
"05/01/2026";"13:40:06";"174";"Com vítima";"35,003";"BR-369/PR";"Decrescente";"Colisão frontal";0;0;0;1;0;0;0;0;0;1;1;0;0;0;1
"05/01/2026";"17:36:21";"217";"Com vítima";"13,680";"BR-277/PR";"Crescente";"Queda de moto";0;0;0;1;0;0;0;0;0;0;1;0;0;1;0
"05/01/2026";"18:25:35";"225";"Com vítima";"285,010";"092/PR";"Crescente";"Choque";1;0;0;0;0;0;0;0;0;0;0;1;0;0;0
"06/01/2026";"07:00:16";"60";"Com vítima";"15,420";"408/PR";"Crescente";"Queda de moto";0;0;0;1;0;0;0;0;0;0;0;1;0;0;0
"06/01/2026";"10:57:05";"142";"Com vítima";"0,137";"BR-277/PR";"Crescente";"Colisão frontal";0;1;1;0;0;0;0;0;0;0;2;0;0;0;0
"06/01/2026";"14:41:49";"180";"Com vítima";"23,315";"508/PR";"Crescente";"Tombamento";0;0;0;0;0;0;0;0;0;1;0;0;3;0;0
"06/01/2026";"16:31:43";"201";"Sem vítima";"32,010";"BR-277/PR";"Decrescente";"Choque";1;0;0;0;0;0;0;0;0;0;2;0;0;0;0
"06/01/2026";"17:32:48";"212";"Com vítima";"204,000";"092/PR";"Decrescente";"Choque";0;0;1;0;0;0;0;0;0;0;0;1;0;0;0
"07/01/2026";"02:06:06";"20";"Sem vítima";"60,300";"BR-277/PR";"Decrescente";"Choque";0;0;0;0;0;0;0;0;0;1;1;0;0;0;0
"07/01/2026";"04:30:56";"24";"Com vítima";"4,801";"508/PR";"Crescente";"Atropelamento de pedestre";0;0;0;1;0;0;0;0;0;0;0;0;2;0;0
"07/01/2026";"11:00:47";"166";"Sem vítima";"35,000";"BR-277/PR";"Decrescente";"Colisão frontal";1;0;1;0;0;0;0;0;0;0;3;0;0;0;0
"07/01/2026";"14:32:52";"219";"Com vítima";"25,550";"BR-153/PR";"Decrescente";"Tombamento";0;0;1;0;0;0;0;0;0;0;0;0;1;0;0
"07/01/2026";"15:25:11";"230";"Sem vítima";"21,500";"BR-277/PR";"Decrescente";"Colisão traseira";1;0;1;0;0;0;0;0;0;0;3;0;0;0;0
"07/01/2026";"16:58:03";"252";"Sem vítima";"53,977";"BR-277/PR";"Crescente";"Colisão traseira";1;0;0;0;0;0;0;0;0;0;1;0;0;0;0
"08/01/2026";"01:32:36";"15";"Sem vítima";"30,161";"BR-277/PR";"Decrescente";"Choque";1;0;0;0;0;0;0;0;0;0;2;0;0;0;0
"08/01/2026";"01:56:02";"17";"Com vítima";"309,591";"151/PR";"Crescente";"Capotamento";1;0;0;0;0;0;0;0;0;0;0;1;0;0;0
"08/01/2026";"06:34:23";"60";"Sem vítima";"306,627";"151/PR";"Decrescente";"Queda de moto";1;0;0;0;0;0;0;0;0;0;2;0;0;0;0
"08/01/2026";"08:25:09";"120";"Com vítima";"80,234";"BR-277/PR";"Crescente";"Colisão frontal";1;0;0;1;0;0;0;0;0;0;1;0;1;0;0
"08/01/2026";"09:52:27";"146";"Sem vítima";"80,120";"BR-277/PR";"Decrescente";"Colisão frontal";3;0;0;0;0;0;0;0;0;0;3;0;0;0;0
"08/01/2026";"10:34:22";"159";"Com vítima";"24,310";"BR-153/PR";"Decrescente";"Colisão frontal";0;0;1;0;0;0;0;0;0;1;1;0;1;0;0
"08/01/2026";"14:31:38";"209";"Sem vítima";"27,649";"BR-277/PR";"Decrescente";"Queda de moto";1;0;0;0;0;0;0;0;0;0;1;0;0;0;0
"08/01/2026";"15:28:14";"219";"Sem vítima";"13,460";"BR-277/PR";"Decrescente";"Colisão frontal";1;0;1;0;0;0;0;0;0;0;7;0;0;0;0
"08/01/2026";"15:54:45";"225";"Com vítima";"39,170";"BR-277/PR";"Decrescente";"Capotamento";1;0;0;0;0;0;0;0;0;0;0;1;0;0;0
"08/01/2026";"16:35:54";"237";"Sem vítima";"220,214";"092/PR";"Crescente";"Colisão frontal";1;0;1;0;0;0;0;0;0;0;2;0;0;0;0
"08/01/2026";"17:26:26";"247";"Com vítima";"210,944";"151/PR";"Decrescente";"Atropelamento de pedestre";0;0;0;0;0;0;0;0;0;0;0;1;0;0;0
"09/01/2026";"01:03:32";"10";"Com vítima";"77,096";"BR-277/PR";"Crescente";"Colisão traseira";0;0;0;0;0;0;0;0;0;0;0;0;0;0;0
"09/01/2026";"08:23:12";"108";"Sem vítima";"0,102";"804/PR";"Crescente";"Colisão frontal";2;0;0;0;0;0;0;0;0;0;4;0;0;0;0
"09/01/2026";"09:49:16";"136";"Com vítima";"72,709";"BR-277/PR";"Decrescente";"Acidentes de outra natureza";2;0;0;1;0;0;0;0;0;0;3;0;1;0;0
"09/01/2026";"13:22:32";"194";"Com vítima";"299,410";"092/PR";"Decrescente";"Colisão frontal";2;0;0;0;0;0;0;0;0;0;3;2;0;0;0
"09/01/2026";"13:58:17";"207";"Sem vítima";"42,100";"BR-277/PR";"Decrescente";"Colisão frontal";1;0;0;0;0;0;0;0;0;0;1;0;0;0;0
"09/01/2026";"15:27:06";"229";"Com vítima";"0,450";"508/PR";"Crescente";"Colisão frontal";2;0;0;0;0;0;0;0;0;0;5;1;0;0;0
"09/01/2026";"16:12:36";"240";"Com vítima";"17,510";"BR-369/PR";"Crescente";"Colisão frontal";2;0;0;0;0;0;0;0;0;0;1;2;1;0;0
"09/01/2026";"17:07:09";"248";"Sem vítima";"17,010";"BR-277/PR";"Decrescente";"Engavetamento";0;0;0;0;0;0;0;0;0;2;2;0;0;0;0
"09/01/2026";"18:45:11";"260";"Com vítima";"69,998";"BR-277/PR";"Crescente";"Queda de moto";0;0;0;0;0;0;0;0;0;0;0;0;0;0;0
"09/01/2026";"19:22:21";"276";"Com vítima";"80,300";"BR-277/PR";"Decrescente";"Colisão frontal";2;0;0;1;0;0;0;0;0;0;2;1;0;0;0