data;horario;n_da_ocorrencia;tipo_de_ocorrencia;km;trecho;sentido;tipo_de_acidente;automovel;bicicleta;caminhao;moto;onibus;outros;tracao_animal;transporte_de_cargas_especiais;trator_maquinas;utilitarios;ilesos;levemente_feridos;moderadamente_feridos;gravemente_feridos;mortos
"09/01/2026";"19:29:44";"280";"Com vítima";"2,501";"BR-277/PR";"Crescente";"Atropelamento de pedestre";0;0;1;0;0;0;0;0;0;0;1;0;0;0;1
"10/01/2026";"00:47:37";"12";"Com vítima";"32,500";"BR-153/PR";"Decrescente";"Capotamento";1;0;0;0;0;0;0;0;0;0;0;2;1;2;0
"10/01/2026";"05:17:00";"31";"Sem vítima";"76,800";"BR-277/PR";"Crescente";"Colisão frontal";2;0;0;0;0;0;0;0;0;0;2;0;0;0;0
"10/01/2026";"05:46:50";"35";"Sem vítima";"297,560";"151/PR";"Crescente";"Choque";1;0;0;0;0;0;0;0;0;0;2;0;0;0;0
"10/01/2026";"07:49:32";"86";"Com vítima";"316,865";"151/PR";"Decrescente";"Colisão frontal";2;0;0;0;0;0;0;0;0;0;1;1;0;0;0
"10/01/2026";"09:03:26";"109";"Sem vítima";"13,300";"407/PR";"Crescente";"Colisão frontal";4;0;0;0;0;0;0;0;0;0;11;0;0;0;0
"10/01/2026";"10:54:56";"138";"Sem vítima";"4,930";"BR-277/PR";"Crescente";"Colisão frontal";1;0;1;0;0;0;0;0;0;0;2;0;0;0;0
"10/01/2026";"11:35:38";"148";"Sem vítima";"70,000";"BR-369/PR";"Decrescente";"Choque";0;0;1;0;0;0;0;0;0;0;2;0;0;0;0
"10/01/2026";"12:40:55";"163";"Com vítima";"25,370";"BR-277/PR";"Crescente";"Colisão frontal";2;0;0;0;0;0;0;0;0;0;4;2;1;0;1
"10/01/2026";"16:12:04";"184";"Com vítima";"240,130";"151/PR";"Decrescente";"Colisão frontal";0;0;1;0;0;0;0;0;0;1;1;0;0;1;0
"10/01/2026";"18:03:14";"201";"Com vítima";"69,010";"BR-277/PR";"Crescente";"Engavetamento";4;0;0;0;0;0;0;0;0;0;5;1;0;0;0
"10/01/2026";"18:34:40";"209";"Sem vítima";"29,300";"BR-277/PR";"Crescente";"Choque";1;0;0;0;0;0;0;0;0;0;2;0;0;0;0
"10/01/2026";"19:01:53";"216";"Sem vítima";"309,700";"151/PR";"Crescente";"Queda de moto";1;0;0;0;0;0;0;0;0;0;1;0;0;0;0
"10/01/2026";"19:39:11";"221";"Sem vítima";"271,850";"151/PR";"Crescente";"Choque";0;0;0;0;0;0;0;0;0;1;1;0;0;0;0
"10/01/2026";"20:59:58";"238";"Sem vítima";"40,500";"BR-277/PR";"Crescente";"Colisão frontal";0;0;1;0;0;0;0;0;0;1;1;0;0;0;0
"11/01/2026";"03:40:28";"22";"Com vítima";"296,390";"092/PR";"Decrescente";"Colisão frontal";0;0;0;1;0;0;0;0;0;1;1;0;0;0;1
"11/01/2026";"04:08:18";"24";"Sem vítima";"41,300";"BR-277/PR";"Crescente";"Choque";1;0;0;0;0;0;0;0;0;0;2;0;0;0;0
"11/01/2026";"06:09:35";"31";"Sem vítima";"19,461";"BR-277/PR";"Decrescente";"Choque";1;0;0;0;0;0;0;0;0;0;3;0;0;0;0
"11/01/2026";"07:11:36";"49";"Sem vítima";"60,250";"BR-277/PR";"Decrescente";"Colisão frontal";1;0;0;0;1;0;0;0;0;0;34;0;0;0;0
"11/01/2026";"08:06:51";"61";"Sem vítima";"2,133";"411/PR";"Crescente";"Colisão frontal";2;0;0;0;0;0;0;0;0;0;2;0;0;0;0
"11/01/2026";"11:02:39";"100";"Sem vítima";"215,600";"151/PR";"Crescente";"Colisão frontal";1;0;1;0;0;0;0;0;0;0;6;0;0;0;0
"11/01/2026";"11:07:36";"101";"Sem vítima";"60,250";"BR-277/PR";"Crescente";"Colisão frontal";1;0;0;0;0;0;0;0;0;1;3;0;0;0;0
"11/01/2026";"16:31:50";"175";"Sem vítima";"38,129";"BR-277/PR";"Crescente";"Choque";0;0;0;0;0;0;0;0;0;1;2;0;0;0;0
"11/01/2026";"19:09:34";"211";"Sem vítima";"17,500";"407/PR";"Decrescente";"Colisão frontal";3;0;0;0;0;0;0;0;0;0;0;0;0;0;0
"11/01/2026";"20:04:34";"222";"Com vítima";"50,980";"BR-153/PR";"Decrescente";"Engavetamento";2;0;0;0;0;0;0;0;0;0;6;1;0;0;0
"11/01/2026";"20:29:07";"227";"Sem vítima";"62,300";"BR-277/PR";"Crescente";"Colisão frontal";2;0;0;0;0;0;0;0;0;0;7;0;0;0;0
"11/01/2026";"21:41:14";"245";"Com vítima";"184,010";"151/PR";"Decrescente";"Queda de moto";0;0;0;1;0;0;0;0;0;0;0;1;0;0;0
"12/01/2026";"01:04:13";"20";"Sem vítima";"22,500";"BR-277/PR";"Crescente";"Colisão frontal";1;0;0;0;0;0;0;0;0;0;2;0;0;0;0
"12/01/2026";"02:24:42";"25";"Sem vítima";"63,200";"BR-277/PR";"Crescente";"Atropelamento de animal";2;0;0;0;0;0;0;0;0;0;6;0;0;0;0
"12/01/2026";"04:51:37";"29";"Com vítima";"24,770";"BR-277/PR";"Crescente";"Queda de moto";0;0;0;1;0;0;0;0;0;0;0;0;0;0;1
"12/01/2026";"06:47:50";"53";"Com vítima";"7,450";"508/PR";"Decrescente";"Queda de moto";0;0;0;1;0;0;0;0;0;0;1;1;0;0;0
"12/01/2026";"09:35:03";"148";"Sem vítima";"264,002";"092/PR";"Crescente";"Choque";1;0;0;0;0;0;0;0;0;0;1;0;0;0;0
"12/01/2026";"09:55:01";"154";"Com vítima";"31,500";"BR-277/PR";"Decrescente";"Choque";1;0;0;0;0;0;0;0;0;0;1;0;1;0;0
"12/01/2026";"11:03:32";"174";"Com vítima";"68,850";"BR-277/PR";"Crescente";"Colisão lateral em sentido contrário";0;0;1;1;0;0;0;0;0;0;1;0;1;0;0
"12/01/2026";"12:17:25";"188";"Sem vítima";"61,789";"BR-277/PR";"Crescente";"Engavetamento";2;0;0;0;0;0;0;0;0;0;4;0;0;0;0
"12/01/2026";"15:17:56";"235";"Sem vítima";"14,200";"407/PR";"Decrescente";"Colisão frontal";3;0;0;0;0;0;0;0;0;0;5;0;0;0;0
"12/01/2026";"17:36:22";"253";"Sem vítima";"60,240";"BR-277/PR";"Crescente";"Colisão frontal";1;0;0;0;0;0;0;0;0;0;2;0;0;0;0
"12/01/2026";"18:23:47";"260";"Sem vítima";"193,811";"151/PR";"Crescente";"Choque";0;0;1;0;0;0;0;0;0;0;1;0;0;0;0
"12/01/2026";"23:36:47";"310";"Sem vítima";"60,250";"BR-277/PR";"Crescente";"Colisão frontal";0;0;2;0;0;0;0;0;0;0;2;0;0;0;0
"13/01/2026";"09:10:55";"143";"Sem vítima";"317,180";"151/PR";"Decrescente";"Choque";1;0;0;0;0;0;0;0;0;0;1;0;0;0;0
"13/01/2026";"11:49:11";"200";"Sem vítima";"314,790";"151/PR";"Decrescente";"Tombamento";0;0;1;0;0;0;0;0;0;0;1;0;0;0;0
"13/01/2026";"13:43:43";"225";"Com vítima";"68,893";"BR-277/PR";"Decrescente";"Queda de moto";0;0;0;1;0;0;0;0;0;0;1;1;0;0;0
"13/01/2026";"14:56:12";"243";"Sem vítima";"3,500";"BR-277/PR";"Crescente";"Colisão frontal";0;0;1;1;0;0;0;0;0;0;2;0;0;0;0
"13/01/2026";"16:03:24";"260";"Com vítima";"74,624";"BR-277/PR";"Decrescente";"Colisão frontal";0;1;0;1;0;0;0;0;0;0;1;0;0;0;0
"13/01/2026";"18:51:41";"294";"Com vítima";"7,300";"BR-153/PR";"Decrescente";"Queda de moto";0;1;0;0;0;0;0;0;0;0;0;0;0;0;0
"13/01/2026";"19:33:30";"310";"Sem vítima";"271,779";"151/PR";"Decrescente";"Choque";1;0;0;0;0;0;0;0;0;0;2;0;0;0;0
"13/01/2026";"20:04:42";"317";"Com vítima";"218,737";"092/PR";"Crescente";"Colisão frontal";1;0;0;1;0;0;0;0;0;0;1;1;0;0;0
"14/01/2026";"06:57:25";"71";"Sem vítima";"314,750";"151/PR";"Decrescente";"Capotamento";1;0;0;0;0;0;0;0;0;0;1;0;0;0;0
"14/01/2026";"07:09:16";"79";"Sem vítima";"1,400";"BR-277/PR";"Decrescente";"Colisão frontal";1;0;1;0;0;0;0;0;0;0;2;0;0;0;0
"14/01/2026";"14:55:39";"182";"Sem vítima";"31,500";"BR-277/PR";"Crescente";"Choque";0;0;0;0;0;0;0;0;0;1;2;0;0;0;0
"14/01/2026";"15:50:08";"190";"Sem vítima";"39,500";"BR-277/PR";"Crescente";"Choque";1;0;0;0;0;0;0;0;0;0;1;0;0;0;0
"14/01/2026";"16:15:33";"194";"Sem vítima";"16,005";"BR-277/PR";"Crescente";"Colisão frontal";2;0;0;0;0;0;0;0;0;0;2;0;0;0;0
"14/01/2026";"16:19:06";"195";"Sem vítima";"37,500";"BR-277/PR";"Crescente";"Choque";0;0;0;0;0;0;0;0;0;1;1;0;0;0;0
"14/01/2026";"17:35:34";"202";"Com vítima";"80,990";"BR-277/PR";"Decrescente";"Engavetamento";1;0;0;1;0;0;0;0;0;1;2;1;0;0;0
"14/01/2026";"19:09:50";"214";"Com vítima";"314,450";"151/PR";"Crescente";"Capotamento";1;0;0;0;0;0;0;0;0;0;0;1;0;0;0
"14/01/2026";"20:30:41";"230";"Sem vítima";"0,010";"855/PR";"Crescente";"Choque";0;0;1;0;0;0;0;0;0;0;2;0;0;0;0
"14/01/2026";"22:07:55";"244";"Com vítima";"17,500";"508/PR";"Crescente";"Capotamento";1;0;0;0;0;0;0;0;0;0;0;2;1;0;0
"15/01/2026";"06:33:06";"43";"Com vítima";"224,451";"151/PR";"Crescente";"Choque";1;0;0;0;0;0;0;0;0;0;1;1;0;0;0
"15/01/2026";"07:28:30";"87";"Com vítima";"8,263";"BR-277/PR";"Crescente";"Capotamento";1;0;0;0;0;0;0;0;0;0;0;0;1;1;0
"15/01/2026";"11:05:11";"169";"Sem vítima";"51,065";"BR-277/PR";"Crescente";"Colisão traseira";2;0;0;0;0;0;0;0;0;0;2;0;0;0;0
"15/01/2026";"11:44:29";"176";"Sem vítima";"17,910";"BR-277/PR";"Crescente";"Capotamento";1;0;0;0;0;0;0;0;0;0;2;0;0;0;0
"15/01/2026";"13:11:16";"198";"Com vítima";"12,000";"408/PR";"Crescente";"Queda de moto";0;0;0;1;0;0;0;0;0;0;0;2;0;0;0
"15/01/2026";"13:28:15";"201";"Sem vítima";"7,500";"BR-277/PR";"Decrescente";"Colisão frontal";2;0;0;0;0;0;0;0;0;0;4;0;0;0;0
"15/01/2026";"15:12:23";"218";"Sem vítima";"63,010";"BR-277/PR";"Crescente";"Colisão frontal";1;0;1;0;0;0;0;0;0;0;2;0;0;0;0
"15/01/2026";"19:41:47";"266";"Sem vítima";"37,270";"BR-277/PR";"Crescente";"Choque";1;0;0;0;0;0;0;0;0;0;1;0;0;0;0
"16/01/2026";"01:10:46";"12";"Sem vítima";"31,420";"BR-277/PR";"Crescente";"Choque";1;0;0;0;0;0;0;0;0;0;2;0;0;0;0
"16/01/2026";"06:30:40";"30";"Sem vítima";"234,494";"151/PR";"Decrescente";"Colisão traseira";0;0;1;0;0;0;0;0;0;0;1;0;0;0;0
"16/01/2026";"12:13:36";"188";"Com vítima";"29,927";"BR-277/PR";"Crescente";"Colisão frontal";0;0;1;1;0;0;0;0;0;0;1;1;0;0;0
"16/01/2026";"14:27:01";"215";"Sem vítima";"31,650";"BR-277/PR";"Decrescente";"Colisão frontal";0;0;1;0;0;0;0;0;0;1;6;0;0;0;0
"16/01/2026";"15:16:07";"224";"Sem vítima";"49,680";"BR-277/PR";"Decrescente";"Queda de moto";0;0;0;0;0;0;0;0;0;1;2;0;0;0;0
"16/01/2026";"15:34:54";"230";"Sem vítima";"12,339";"BR-277/PR";"Decrescente";"Colisão frontal";1;0;1;0;0;0;0;0;0;0;2;0;0;0;0
"16/01/2026";"19:01:21";"272";"Com vítima";"1,174";"BR-277/PR";"Decrescente";"Colisão traseira";0;0;0;0;0;0;0;0;0;0;0;0;0;0;0
"16/01/2026";"21:38:40";"307";"Sem vítima";"46,300";"BR-369/PR";"Crescente";"Atropelamento de animal";1;0;0;0;0;0;0;0;0;0;1;0;0;0;0
"16/01/2026";"21:45:17";"309";"Sem vítima";"248,844";"092/PR";"Crescente";"Acidentes de outra natureza";0;0;1;0;0;0;0;0;0;0;1;0;0;0;0
"16/01/2026";"22:25:55";"313";"Sem vítima";"292,944";"151/PR";"Crescente";"Choque";1;0;0;0;0;0;0;0;0;0;1;0;0;0;0
"16/01/2026";"22:58:49";"318";"Sem vítima";"263,545";"151/PR";"Decrescente";"Choque";0;0;0;0;0;0;0;0;0;1;1;0;0;0;0
"16/01/2026";"23:15:18";"321";"Com vítima";"57,182";"BR-277/PR";"Decrescente";"Queda de moto";0;0;0;1;0;0;0;0;0;0;0;1;0;0;0
"17/01/2026";"08:33:01";"110";"Sem vítima";"12,810";"BR-277/PR";"Decrescente";"Colisão traseira";1;0;0;0;0;0;0;0;0;0;4;0;0;0;0
"17/01/2026";"08:56:36";"122";"Com vítima";"69,906";"BR-277/PR";"Decrescente";"Colisão frontal";1;0;0;1;0;0;0;0;0;0;2;1;0;0;0
"17/01/2026";"10:09:13";"139";"Sem vítima";"2,500";"407/PR";"Decrescente";"Choque";1;0;0;0;0;0;0;0;0;0;2;0;0;0;0
"17/01/2026";"11:59:58";"163";"Sem vítima";"77,358";"BR-277/PR";"Crescente";"Capotamento";1;0;0;0;0;0;0;0;0;0;1;0;0;0;0
"17/01/2026";"12:55:43";"172";"Com vítima";"80,010";"BR-277/PR";"Crescente";"Colisão frontal";1;0;0;1;0;0;0;0;0;0;2;1;0;0;0
"17/01/2026";"15:25:46";"192";"Com vítima";"31,480";"BR-277/PR";"Decrescente";"Choque";0;0;1;1;0;0;0;0;0;0;1;0;0;0;1
"17/01/2026";"15:52:55";"197";"Com vítima";"296,145";"151/PR";"Decrescente";"Colisão lateral em sentido contrário";1;0;1;0;0;0;0;0;0;0;1;0;2;1;0
"17/01/2026";"15:57:55";"199";"Sem vítima";"42,250";"BR-277/PR";"Crescente";"Choque";0;0;1;0;0;0;0;0;0;0;1;0;0;0;0
"17/01/2026";"16:54:16";"206";"Sem vítima";"6,010";"508/PR";"Decrescente";"Queda de moto";0;0;0;1;0;0;0;0;0;0;2;0;0;0;0
"17/01/2026";"18:38:40";"214";"Com vítima";"76,194";"BR-277/PR";"Decrescente";"Choque";1;0;0;0;0;0;0;0;0;0;0;1;0;0;0
"17/01/2026";"18:44:43";"216";"Com vítima";"76,850";"BR-277/PR";"Decrescente";"Colisão frontal";1;0;0;1;0;0;0;0;0;0;0;4;0;0;0
"17/01/2026";"22:25:11";"246";"Com vítima";"70,508";"BR-277/PR";"Decrescente";"Choque";0;0;0;0;0;0;0;0;0;1;0;0;0;1;0
"17/01/2026";"23:55:30";"254";"Sem vítima";"12,020";"BR-277/PR";"Decrescente";"Capotamento";1;0;0;0;0;0;0;0;0;0;2;0;0;0;0
"18/01/2026";"00:48:48";"5";"Com vítima";"309,642";"151/PR";"Decrescente";"Choque";1;0;0;0;0;0;0;0;0;0;0;2;0;0;0
"18/01/2026";"02:07:04";"18";"Com vítima";"82,117";"BR-277/PR";"Decrescente";"Colisão frontal";1;0;0;1;0;0;0;0;0;0;0;1;0;1;1
"18/01/2026";"14:31:57";"149";"Com vítima";"206,020";"092/PR";"Crescente";"Choque";1;0;0;0;0;0;0;0;0;0;0;1;1;0;0
"18/01/2026";"16:51:26";"182";"Sem vítima";"220,240";"151/PR";"Crescente";"Queda de moto";0;0;0;1;0;0;0;0;0;0;1;0;0;0;0
"18/01/2026";"17:42:16";"196";"Com vítima";"197,120";"151/PR";"Decrescente";"Choque";0;0;0;1;0;0;0;0;0;0;0;2;0;0;0
"18/01/2026";"17:43:11";"197";"Com vítima";"289,500";"151/PR";"Crescente";"Colisão frontal";0;0;0;1;0;0;0;0;0;1;0;1;0;2;0
"18/01/2026";"17:58:15";"204";"Com vítima";"3,440";"BR-277/PR";"Crescente";"Colisão frontal";0;0;1;1;0;0;0;0;0;0;1;0;1;0;1
"18/01/2026";"20:33:59";"246";"Com vítima";"38,223";"BR-277/PR";"Crescente";"Choque";0;0;0;0;0;1;0;0;0;1;0;2;0;0;0
"18/01/2026";"20:39:08";"247";"Sem vítima";"23,416";"BR-277/PR";"Crescente";"Acidentes de outra natureza";1;0;0;0;0;0;0;0;0;0;3;0;0;0;0
"18/01/2026";"21:48:39";"260";"Sem vítima";"5,500";"BR-277/PR";"Crescente";"Acidentes de outra natureza";1;0;0;0;0;0;0;0;0;0;1;0;0;0;0
"19/01/2026";"06:05:15";"31";"Sem vítima";"37,992";"BR-277/PR";"Crescente";"Colisão frontal";1;0;0;0;0;0;0;0;0;1;5;0;0;0;0
"19/01/2026";"06:35:30";"58";"Sem vítima";"309,620";"151/PR";"Crescente";"Capotamento";1;0;0;0;0;0;0;0;0;0;2;0;0;0;0
"19/01/2026";"08:05:19";"104";"Sem vítima";"38,000";"BR-277/PR";"Crescente";"Choque";1;0;0;0;0;0;0;0;0;0;0;0;0;0;0
"19/01/2026";"08:15:26";"109";"Sem vítima";"66,370";"BR-277/PR";"Crescente";"Choque";1;0;0;0;0;0;0;0;0;0;1;0;0;0;0
"19/01/2026";"15:10:03";"221";"Com vítima";"0,700";"BR-277/PR";"Decrescente";"Colisão frontal";0;1;0;1;0;0;0;0;0;0;1;0;0;0;0
"19/01/2026";"15:11:20";"222";"Sem vítima";"61,300";"BR-277/PR";"Crescente";"Colisão frontal";4;0;0;0;0;0;0;0;0;0;9;0;0;0;0
"19/01/2026";"15:29:32";"226";"Sem vítima";"316,100";"151/PR";"Decrescente";"Capotamento";0;0;0;0;0;0;0;0;0;1;1;0;0;0;0
"19/01/2026";"16:15:18";"237";"Sem vítima";"41,244";"BR-277/PR";"Crescente";"Colisão frontal";0;0;1;1;0;0;0;0;0;0;2;0;0;0;0
"20/01/2026";"06:53:56";"59";"Com vítima";"33,926";"BR-153/PR";"Decrescente";"Tombamento";0;0;1;0;0;0;0;0;0;0;0;0;0;0;1
"20/01/2026";"09:14:37";"125";"Sem vítima";"31,150";"BR-277/PR";"Crescente";"Acidentes de outra natureza";3;0;0;0;0;0;0;0;0;0;3;0;0;0;0
"20/01/2026";"10:08:05";"138";"Com vítima";"9,674";"BR-153/PR";"Decrescente";"Colisão frontal";0;0;0;1;0;0;0;0;0;1;4;1;0;0;0
"20/01/2026";"11:05:15";"160";"Com vítima";"234,995";"092/PR";"Decrescente";"Colisão frontal";1;0;1;0;0;0;0;0;0;0;1;1;0;0;0
"20/01/2026";"15:14:04";"205";"Com vítima";"5,668";"407/PR";"Crescente";"Colisão frontal";2;0;0;0;0;0;0;0;0;0;0;2;3;0;0
"20/01/2026";"21:04:17";"256";"Com vítima";"25,440";"BR-277/PR";"Crescente";"Queda de moto";0;0;0;1;0;0;0;0;0;0;0;2;0;0;0
"21/01/2026";"11:35:45";"212";"Com vítima";"8,010";"BR-277/PR";"Decrescente";"Colisão frontal";0;0;2;0;0;0;0;0;0;0;2;1;0;0;0
"21/01/2026";"12:00:45";"217";"Sem vítima";"64,885";"BR-277/PR";"Crescente";"Colisão frontal";0;0;2;0;0;0;0;0;0;0;2;0;0;0;0
"21/01/2026";"12:10:02";"219";"Com vítima";"40,375";"BR-277/PR";"Crescente";"Choque";1;0;0;0;0;0;0;0;0;0;0;1;0;0;0
"21/01/2026";"13:35:23";"238";"Sem vítima";"14,120";"407/PR";"Decrescente";"Tombamento";1;0;0;0;0;0;0;0;0;0;2;0;0;0;0
"21/01/2026";"13:47:42";"242";"Com vítima";"30,816";"BR-277/PR";"Crescente";"Tombamento";0;0;1;0;0;0;0;0;0;0;0;0;2;0;0
"21/01/2026";"17:50:40";"279";"Com vítima";"54,500";"BR-277/PR";"Crescente";"Queda de moto";0;0;0;1;0;0;0;0;0;0;0;2;0;0;0
"21/01/2026";"18:19:44";"283";"Sem vítima";"37,164";"BR-153/PR";"Decrescente";"Colisão frontal";1;0;0;0;0;0;0;0;0;1;3;0;0;0;0
"21/01/2026";"19:28:05";"291";"Sem vítima";"50,685";"BR-153/PR";"Decrescente";"Colisão lateral em sentido contrário";2;0;0;0;0;0;0;0;0;0;2;0;0;0;0
"21/01/2026";"19:54:54";"296";"Sem vítima";"7,950";"BR-277/PR";"Decrescente";"Choque";1;0;0;0;0;0;0;0;0;0;1;0;0;0;0
"21/01/2026";"20:42:58";"302";"Com vítima";"288,773";"151/PR";"Decrescente";"Atropelamento de pedestre";1;0;0;0;0;0;0;0;0;0;1;1;0;0;1
"21/01/2026";"22:20:12";"308";"Sem vítima";"31,520";"BR-277/PR";"Decrescente";"Colisão transversal";1;0;2;0;0;0;0;0;0;0;4;0;0;0;0
"22/01/2026";"04:29:27";"23";"Sem vítima";"17,211";"BR-277/PR";"Decrescente";"Choque";1;0;0;0;0;0;0;0;0;0;1;0;0;0;0
"22/01/2026";"11:21:15";"182";"Com vítima";"13,500";"408/PR";"Crescente";"Colisão frontal";0;0;0;1;0;0;0;0;0;1;0;2;0;0;0
"22/01/2026";"13:48:09";"216";"Com vítima";"16,430";"BR-277/PR";"Decrescente";"Choque";1;0;0;0;0;0;0;0;0;0;0;2;0;0;0
"22/01/2026";"18:26:37";"285";"Com vítima";"63,273";"BR-277/PR";"Decrescente";"Colisão frontal";0;0;1;0;0;0;0;0;0;1;1;1;0;0;0
"22/01/2026";"18:59:50";"291";"Com vítima";"32,300";"BR-277/PR";"Decrescente";"Choque";1;0;0;0;0;0;0;0;0;0;0;1;0;0;0
"23/01/2026";"01:07:12";"7";"Com vítima";"43,114";"BR-277/PR";"Crescente";"Colisão frontal";0;0;2;0;0;0;0;0;0;0;1;1;0;0;0
"23/01/2026";"07:02:37";"89";"Sem vítima";"272,355";"092/PR";"Crescente";"Tombamento";0;0;1;0;0;0;0;0;0;0;1;0;0;0;0
"23/01/2026";"07:36:20";"113";"Com vítima";"308,449";"151/PR";"Decrescente";"Capotamento";1;0;0;0;0;0;0;0;0;0;0;1;0;0;0
"23/01/2026";"07:53:12";"120";"Sem vítima";"9,428";"BR-153/PR";"Decrescente";"Colisão frontal";1;0;1;0;0;0;0;0;0;0;2;0;0;0;0
"23/01/2026";"08:06:21";"125";"Sem vítima";"307,200";"092/PR";"Crescente";"Colisão frontal";2;0;0;0;0;1;0;0;0;0;2;0;0;0;0
"23/01/2026";"08:52:11";"144";"Sem vítima";"47,010";"BR-369/PR";"Decrescente";"Choque";1;0;0;0;0;0;0;0;0;0;1;0;0;0;0
"23/01/2026";"09:13:34";"163";"Sem vítima";"304,370";"151/PR";"Crescente";"Colisão frontal";1;0;1;0;0;0;0;0;0;0;2;0;0;0;0
"23/01/2026";"14:18:52";"252";"Sem vítima";"36,000";"BR-277/PR";"Decrescente";"Colisão traseira";1;0;0;0;0;0;0;0;0;0;1;0;0;0;0
"23/01/2026";"15:36:42";"271";"Sem vítima";"69,900";"BR-277/PR";"Decrescente";"Colisão frontal";1;0;0;1;0;0;0;0;0;0;6;0;0;0;0
"23/01/2026";"16:48:28";"288";"Com vítima";"312,800";"151/PR";"Decrescente";"Colisão frontal";2;0;0;0;0;0;0;0;0;0;1;1;0;0;0
"23/01/2026";"18:19:10";"298";"Com vítima";"51,020";"BR-153/PR";"Crescente";"Capotamento";0;0;0;1;0;0;0;0;0;0;0;2;0;0;0
"23/01/2026";"20:00:13";"314";"Com vítima";"267,150";"092/PR";"Crescente";"Colisão frontal";0;0;2;0;0;0;0;0;0;0;1;1;0;0;0
"23/01/2026";"20:29:41";"322";"Sem vítima";"36,200";"BR-369/PR";"Decrescente";"Colisão frontal";1;0;0;1;0;0;0;0;0;0;1;0;0;0;0
"23/01/2026";"23:10:58";"344";"Sem vítima";"32,500";"BR-277/PR";"Decrescente";"Choque";1;0;0;0;0;0;0;0;0;0;3;0;0;0;0
"24/01/2026";"02:48:12";"21";"Com vítima";"16,020";"407/PR";"Decrescente";"Choque";1;0;0;0;0;0;0;0;0;0;0;1;1;0;0
"24/01/2026";"05:05:37";"27";"Sem vítima";"213,460";"092/PR";"Crescente";"Capotamento";1;0;0;0;0;0;0;0;0;0;0;0;0;0;0
"24/01/2026";"10:36:52";"142";"Sem vítima";"307,420";"092/PR";"Crescente";"Colisão frontal";1;0;0;0;0;0;0;0;0;1;2;0;0;0;0
"24/01/2026";"10:50:49";"144";"Com vítima";"303,313";"151/PR";"Decrescente";"Capotamento";0;0;0;0;0;0;0;0;0;1;1;1;0;0;0
"24/01/2026";"16:49:36";"206";"Com vítima";"71,372";"BR-369/PR";"Decrescente";"Colisão frontal";2;0;0;0;0;0;0;0;0;0;2;0;2;0;0
"24/01/2026";"17:18:40";"214";"Com vítima";"22,900";"BR-277/PR";"Decrescente";"Colisão lateral em sentido contrário";0;0;1;1;0;0;0;0;0;0;1;1;0;0;0
"24/01/2026";"17:30:09";"215";"Sem vítima";"315,150";"151/PR";"Decrescente";"Atropelamento de animal";1;0;0;0;0;0;0;0;0;0;3;0;0;0;0
"24/01/2026";"21:20:28";"256";"Sem vítima";"223,500";"092/PR";"Crescente";"Choque";1;0;0;0;0;0;0;0;0;0;2;0;0;0;0
"25/01/2026";"00:09:31";"1";"Com vítima";"213,340";"092/PR";"Crescente";"Tombamento";0;0;1;0;0;0;0;0;0;0;1;0;1;0;0
"25/01/2026";"00:35:53";"12";"Com vítima";"3,310";"855/PR";"Decrescente";"Colisão frontal";0;0;0;1;0;0;0;0;0;0;0;1;0;0;0
"25/01/2026";"01:10:08";"14";"Com vítima";"21,300";"BR-277/PR";"Decrescente";"Queda de moto";0;0;0;1;0;0;0;0;0;0;0;1;0;0;0
"25/01/2026";"11:38:19";"101";"Sem vítima";"29,100";"BR-277/PR";"Decrescente";"Colisão traseira";1;0;0;0;0;0;0;0;0;0;3;0;0;0;0
"25/01/2026";"14:26:03";"124";"Sem vítima";"285,322";"092/PR";"Decrescente";"Choque";1;0;0;0;0;0;0;0;0;0;1;0;0;0;0
"25/01/2026";"14:31:45";"127";"Com vítima";"14,800";"508/PR";"Crescente";"Queda de moto";0;0;0;1;0;0;0;0;0;0;1;1;0;0;0
"25/01/2026";"16:52:54";"162";"Com vítima";"2,890";"855/PR";"Decrescente";"Engavetamento";1;0;0;0;1;0;0;0;0;0;0;15;0;0;0
"25/01/2026";"18:26:25";"177";"Com vítima";"19,010";"508/PR";"Decrescente";"Colisão frontal";1;0;0;1;0;0;0;0;0;0;0;0;1;0;0
"25/01/2026";"20:25:38";"197";"Sem vítima";"1,600";"407/PR";"Decrescente";"Choque";1;0;0;0;0;0;0;0;0;0;1;0;0;0;0
"25/01/2026";"21:05:18";"224";"Sem vítima";"17,020";"BR-277/PR";"Crescente";"Colisão traseira";2;0;0;0;0;0;0;0;0;0;9;0;0;0;0
"26/01/2026";"04:06:32";"28";"Sem vítima";"254,100";"092/PR";"Decrescente";"Choque";1;0;0;0;0;0;0;0;0;0;1;0;0;0;0
"26/01/2026";"04:20:48";"29";"Com vítima";"0,150";"BR-277/PR";"Crescente";"Queda de moto";0;0;0;1;0;0;0;0;0;0;1;1;0;0;0
"26/01/2026";"04:24:56";"30";"Sem vítima";"42,020";"BR-277/PR";"Crescente";"Colisão frontal";1;0;1;0;0;0;0;0;0;0;2;0;0;0;0