data;horario;n_da_ocorrencia;tipo_de_ocorrencia;km;trecho;sentido;tipo_de_acidente;automovel;bicicleta;caminhao;moto;onibus;outros;tracao_animal;transporte_de_cargas_especiais;trator_maquinas;utilitarios;ilesos;levemente_feridos;moderadamente_feridos;gravemente_feridos;mortos
"26/01/2026";"06:49:10";"50";"Sem vítima";"222,722";"092/PR";"Crescente";"Queda de moto";1;0;0;0;0;0;0;0;0;0;3;0;0;0;0
"26/01/2026";"07:22:33";"72";"Com vítima";"2,956";"508/PR";"Decrescente";"Colisão frontal";0;0;0;1;0;0;0;0;0;1;3;0;1;0;0
"26/01/2026";"07:59:46";"94";"Sem vítima";"305,950";"151/PR";"Crescente";"Queda de moto";0;0;1;0;0;0;0;0;0;0;1;0;0;0;0
"26/01/2026";"08:15:35";"112";"Sem vítima";"73,860";"BR-277/PR";"Crescente";"Colisão frontal";0;0;1;0;0;0;0;0;0;1;3;0;0;0;0
"26/01/2026";"09:10:10";"151";"Sem vítima";"70,690";"BR-277/PR";"Decrescente";"Colisão frontal";1;0;1;0;0;0;0;0;0;0;2;0;0;0;0
"26/01/2026";"10:53:09";"190";"Sem vítima";"78,700";"BR-277/PR";"Crescente";"Colisão frontal";1;0;1;0;0;0;0;0;0;0;2;0;0;0;0
"26/01/2026";"12:56:17";"225";"Com vítima";"64,123";"BR-277/PR";"Crescente";"Colisão frontal";1;0;0;1;0;0;0;0;0;1;2;0;1;0;0
"26/01/2026";"15:09:43";"258";"Com vítima";"16,440";"BR-153/PR";"Crescente";"Queda de moto";1;0;0;0;0;0;0;0;0;0;0;1;0;0;0
"26/01/2026";"15:39:12";"269";"Com vítima";"38,500";"BR-369/PR";"Decrescente";"Queda de moto";1;0;0;0;0;0;0;0;0;0;0;2;0;0;0
"26/01/2026";"17:54:29";"297";"Sem vítima";"284,010";"151/PR";"Crescente";"Atropelamento de animal";1;0;0;0;0;0;0;0;0;0;1;0;0;0;0
"26/01/2026";"18:30:57";"302";"Com vítima";"3,505";"BR-277/PR";"Crescente";"Colisão frontal";0;0;1;1;0;0;0;0;0;0;0;2;0;0;0
"26/01/2026";"20:14:31";"326";"Sem vítima";"50,500";"BR-153/PR";"Crescente";"Acidentes de outra natureza";1;0;0;0;0;0;0;0;0;0;1;0;0;0;0
"27/01/2026";"09:17:56";"162";"Com vítima";"2,680";"BR-277/PR";"Crescente";"Colisão frontal";1;0;0;1;0;0;0;0;0;0;0;1;1;0;0
"27/01/2026";"09:27:21";"167";"Com vítima";"300,305";"151/PR";"Crescente";"Colisão frontal";1;0;1;0;0;0;0;0;0;0;1;0;1;0;0
"27/01/2026";"10:29:27";"182";"Com vítima";"67,730";"BR-369/PR";"Decrescente";"Tombamento";0;0;1;0;0;0;0;0;0;0;0;1;0;0;0
"27/01/2026";"15:40:14";"252";"Com vítima";"39,600";"BR-369/PR";"Crescente";"Colisão frontal";1;0;0;0;0;0;0;0;0;1;1;1;0;0;0
"27/01/2026";"16:42:39";"262";"Sem vítima";"11,790";"BR-277/PR";"Crescente";"Colisão frontal";1;0;1;0;0;0;0;0;0;0;2;0;0;0;0
"27/01/2026";"18:55:24";"274";"Sem vítima";"67,750";"BR-369/PR";"Decrescente";"Acidentes de outra natureza";1;0;0;0;0;0;0;0;0;0;3;0;0;0;0
"27/01/2026";"22:09:16";"307";"Com vítima";"214,157";"151/PR";"Decrescente";"Colisão frontal";1;0;0;1;0;0;0;0;0;0;0;2;0;0;0
"27/01/2026";"22:13:42";"309";"Com vítima";"0,277";"508/PR";"Decrescente";"Colisão frontal";0;0;0;1;0;0;0;0;0;1;1;0;1;0;0
"28/01/2026";"00:10:02";"2";"Com vítima";"20,322";"508/PR";"Crescente";"Colisão frontal";1;0;0;1;0;0;0;0;0;0;0;0;0;0;1
"28/01/2026";"05:48:24";"35";"Com vítima";"30,297";"BR-153/PR";"Crescente";"Colisão frontal";0;0;1;0;0;0;0;0;0;1;1;0;0;1;0
"28/01/2026";"07:51:29";"117";"Com vítima";"77,100";"BR-277/PR";"Crescente";"Colisão frontal";1;0;0;1;0;0;0;0;0;0;2;1;0;0;0
"28/01/2026";"09:00:20";"157";"Com vítima";"240,219";"151/PR";"Crescente";"Colisão lateral em sentido contrário";1;0;2;0;0;0;0;0;0;0;2;0;0;1;1
"28/01/2026";"09:07:53";"159";"Sem vítima";"17,800";"BR-277/PR";"Decrescente";"Colisão frontal";1;0;1;0;0;0;0;0;0;0;2;0;0;0;0
"28/01/2026";"10:45:16";"178";"Sem vítima";"69,000";"BR-277/PR";"Crescente";"Colisão frontal";1;0;1;0;0;0;0;0;0;0;2;0;0;0;0
"28/01/2026";"11:01:32";"184";"Sem vítima";"28,230";"BR-153/PR";"Crescente";"Acidentes de outra natureza";0;0;3;0;0;0;0;0;0;0;3;0;0;0;0
"28/01/2026";"11:48:29";"197";"Com vítima";"6,010";"BR-277/PR";"Decrescente";"Queda de moto";0;0;0;1;0;0;0;0;0;0;0;1;1;0;0
"28/01/2026";"12:08:14";"207";"Sem vítima";"34,000";"BR-277/PR";"Crescente";"Colisão frontal";1;0;1;0;0;0;0;0;0;0;2;0;0;0;0
"28/01/2026";"13:46:50";"222";"Com vítima";"13,900";"408/PR";"Crescente";"Colisão frontal";1;0;0;1;0;0;0;0;0;1;7;0;0;2;0
"28/01/2026";"15:39:54";"255";"Sem vítima";"276,800";"151/PR";"Crescente";"Choque";1;0;0;0;0;0;0;0;0;0;4;0;0;0;0
"28/01/2026";"16:23:51";"262";"Sem vítima";"36,800";"BR-277/PR";"Decrescente";"Colisão frontal";1;0;1;0;0;0;0;0;0;0;3;0;0;0;0
"28/01/2026";"21:46:39";"317";"Com vítima";"294,500";"151/PR";"Crescente";"Choque";0;0;0;0;0;0;0;0;0;1;0;0;1;0;0
"28/01/2026";"23:15:47";"326";"Sem vítima";"305,250";"151/PR";"Crescente";"Colisão frontal";1;0;0;0;0;0;0;0;0;0;0;0;0;0;0
"29/01/2026";"02:24:50";"16";"Sem vítima";"266,900";"151/PR";"Crescente";"Colisão frontal";0;0;2;0;0;0;0;0;0;0;1;0;0;0;0
"29/01/2026";"10:37:33";"179";"Sem vítima";"75,717";"BR-277/PR";"Crescente";"Colisão frontal";0;0;0;0;0;0;0;0;0;2;4;0;0;0;0
"29/01/2026";"14:19:44";"232";"Sem vítima";"14,155";"BR-277/PR";"Decrescente";"Choque";0;0;0;0;0;0;0;0;0;1;2;0;0;0;0
"29/01/2026";"17:07:14";"263";"Sem vítima";"7,792";"BR-277/PR";"Decrescente";"Choque";1;0;0;0;0;0;0;0;0;0;1;0;0;0;0
"29/01/2026";"19:13:16";"283";"Com vítima";"294,830";"092/PR";"Crescente";"Colisão frontal";1;0;0;1;0;0;0;0;0;0;0;2;1;0;0
"29/01/2026";"19:26:10";"284";"Sem vítima";"255,200";"092/PR";"Crescente";"Colisão frontal";1;0;1;0;0;0;0;0;0;0;3;0;0;0;0
"29/01/2026";"19:57:30";"292";"Com vítima";"7,050";"BR-277/PR";"Decrescente";"Colisão traseira";1;0;0;0;0;0;0;0;0;0;0;0;0;0;0
"29/01/2026";"21:44:22";"307";"Com vítima";"35,300";"BR-277/PR";"Crescente";"Queda de moto";0;0;0;1;0;0;0;0;0;0;0;0;1;0;0
"29/01/2026";"21:54:59";"308";"Sem vítima";"0,900";"508/PR";"Crescente";"Colisão frontal";1;0;0;1;0;0;0;0;0;0;2;0;0;0;0
"30/01/2026";"08:22:35";"138";"Com vítima";"1,280";"BR-277/PR";"Decrescente";"Colisão frontal";1;0;0;1;0;0;0;0;0;0;2;1;0;0;0
"30/01/2026";"14:10:15";"232";"Sem vítima";"38,070";"BR-277/PR";"Decrescente";"Choque";1;0;0;0;0;0;0;0;0;0;2;0;0;0;0
"30/01/2026";"20:23:10";"296";"Sem vítima";"65,257";"BR-277/PR";"Decrescente";"Choque";1;0;0;0;0;0;0;0;0;0;3;0;0;0;0
"30/01/2026";"21:32:28";"305";"Sem vítima";"67,173";"BR-277/PR";"Crescente";"Atropelamento de animal";1;0;0;0;0;0;0;0;0;0;1;0;0;0;0
"30/01/2026";"21:49:46";"306";"Com vítima";"203,169";"092/PR";"Crescente";"Colisão frontal";1;0;0;0;0;0;0;0;0;1;0;3;0;0;0
"30/01/2026";"22:06:33";"309";"Sem vítima";"72,548";"BR-277/PR";"Crescente";"Choque";0;0;0;0;0;0;0;0;0;1;1;0;0;0;0
"30/01/2026";"23:23:10";"320";"Com vítima";"0,275";"508/PR";"Crescente";"Colisão traseira";1;0;0;0;0;0;0;0;0;0;1;1;0;0;0
"30/01/2026";"23:33:04";"323";"Sem vítima";"23,500";"BR-277/PR";"Decrescente";"Choque";1;0;0;0;0;0;0;0;0;0;1;0;0;0;0
"31/01/2026";"02:30:45";"18";"Sem vítima";"42,025";"BR-277/PR";"Crescente";"Tombamento";0;0;1;0;0;0;0;0;0;0;1;0;0;0;0
"31/01/2026";"04:40:45";"27";"Com vítima";"316,231";"151/PR";"Decrescente";"Capotamento";1;0;0;0;0;0;0;0;0;0;2;0;1;1;0
"31/01/2026";"05:03:02";"28";"Sem vítima";"285,176";"151/PR";"Crescente";"Choque";1;0;0;0;0;0;0;0;0;0;1;0;0;0;0
"31/01/2026";"05:48:09";"31";"Com vítima";"20,625";"BR-277/PR";"Crescente";"Queda de moto";1;0;0;0;0;0;0;0;0;0;0;0;3;0;0
"31/01/2026";"05:52:50";"33";"Com vítima";"3,431";"BR-277/PR";"Crescente";"Colisão traseira";0;0;1;1;0;0;0;0;0;0;1;0;1;0;0
"31/01/2026";"14:41:59";"215";"Sem vítima";"17,400";"BR-277/PR";"Decrescente";"Colisão traseira";0;0;0;0;0;0;0;0;0;0;0;0;0;0;0
"31/01/2026";"16:25:50";"241";"Sem vítima";"219,790";"151/PR";"Decrescente";"Choque";1;0;0;0;0;0;0;0;0;0;0;0;0;0;0
"31/01/2026";"18:39:26";"270";"Sem vítima";"15,800";"408/PR";"Crescente";"Choque";1;0;0;0;0;0;0;0;0;0;2;0;0;0;0
"31/01/2026";"21:55:29";"300";"Sem vítima";"1,800";"407/PR";"Decrescente";"Atropelamento de animal";1;0;0;0;0;0;0;0;0;0;1;0;0;0;0
"31/01/2026";"22:31:57";"304";"Com vítima";"57,517";"BR-277/PR";"Crescente";"Choque";0;0;1;0;0;0;0;0;0;1;3;0;2;0;0
"31/01/2026";"22:48:41";"308";"Com vítima";"28,808";"BR-277/PR";"Decrescente";"Colisão frontal";1;0;1;0;0;0;0;0;0;0;2;0;1;0;0
"01/02/2026";"01:49:53";"11";"Sem vítima";"4,084";"408/PR";"Decrescente";"Acidentes de outra natureza";1;0;0;0;0;0;0;0;0;0;0;0;0;0;0
"01/02/2026";"03:02:06";"21";"Com vítima";"1,196";"BR-277/PR";"Decrescente";"Queda de moto";0;0;0;1;0;0;0;0;0;0;0;1;0;0;0
"01/02/2026";"06:04:05";"26";"Sem vítima";"35,640";"BR-153/PR";"Crescente";"Capotamento";1;0;0;0;0;0;0;0;0;0;1;0;0;0;0
"01/02/2026";"06:42:13";"45";"Sem vítima";"16,180";"BR-277/PR";"Decrescente";"Queda de moto";0;0;0;0;0;0;0;0;0;1;1;0;0;0;0
"01/02/2026";"08:38:20";"79";"Com vítima";"32,450";"BR-277/PR";"Decrescente";"Choque";0;0;0;1;0;0;0;0;0;0;0;1;0;0;0
"01/02/2026";"11:08:20";"117";"Sem vítima";"12,500";"BR-277/PR";"Decrescente";"Colisão frontal";0;0;1;0;0;0;0;0;0;1;2;0;0;0;0
"01/02/2026";"12:09:47";"135";"Sem vítima";"36,700";"BR-277/PR";"Crescente";"Choque";1;0;0;0;0;0;0;0;0;0;2;0;0;0;0
"01/02/2026";"13:54:38";"162";"Com vítima";"180,200";"151/PR";"Decrescente";"Choque";0;0;0;1;0;0;0;0;0;0;0;1;0;0;0
"01/02/2026";"16:07:31";"187";"Sem vítima";"39,810";"BR-277/PR";"Decrescente";"Colisão traseira";1;0;0;0;0;0;0;0;0;0;1;0;0;0;0
"01/02/2026";"16:54:23";"203";"Com vítima";"289,753";"151/PR";"Decrescente";"Colisão traseira";0;0;0;0;0;0;0;0;0;1;1;1;0;0;0
"01/02/2026";"17:36:24";"214";"Com vítima";"11,860";"BR-277/PR";"Decrescente";"Capotamento";1;0;0;0;0;0;0;0;0;0;0;1;0;0;0
"01/02/2026";"18:54:55";"233";"Com vítima";"23,682";"508/PR";"Crescente";"Choque";1;0;0;0;0;0;0;0;0;0;0;1;0;0;0
"01/02/2026";"19:36:11";"244";"Sem vítima";"286,500";"151/PR";"Decrescente";"Colisão lateral em sentido contrário";1;0;0;0;0;0;0;0;0;1;8;0;0;0;0
"01/02/2026";"19:41:14";"246";"Com vítima";"218,628";"092/PR";"Crescente";"Colisão frontal";1;0;1;0;0;0;0;0;0;0;1;1;0;0;0
"01/02/2026";"19:43:44";"247";"Sem vítima";"61,472";"BR-277/PR";"Crescente";"Colisão frontal";2;0;0;0;0;0;0;0;0;0;2;0;0;0;0
"01/02/2026";"19:57:48";"251";"Sem vítima";"32,500";"BR-277/PR";"Decrescente";"Choque";1;0;0;0;0;0;0;0;0;0;2;0;0;0;0
"01/02/2026";"20:57:20";"263";"Sem vítima";"36,800";"BR-277/PR";"Decrescente";"Acidentes de outra natureza";1;0;0;0;0;0;0;0;0;0;2;0;0;0;0
"01/02/2026";"21:11:08";"268";"Sem vítima";"237,600";"092/PR";"Crescente";"Atropelamento de animal";1;0;0;0;0;0;0;0;0;0;0;0;0;0;0
"01/02/2026";"21:18:12";"270";"Com vítima";"29,500";"BR-277/PR";"Crescente";"Colisão frontal";2;0;0;0;0;0;0;0;0;0;0;4;0;0;0
"02/02/2026";"00:05:08";"3";"Sem vítima";"32,200";"BR-277/PR";"Crescente";"Acidentes de outra natureza";1;0;0;0;0;0;0;0;0;0;3;0;0;0;0
"02/02/2026";"07:26:03";"103";"Sem vítima";"72,000";"BR-277/PR";"Decrescente";"Colisão frontal";2;0;0;0;0;0;0;0;0;0;2;0;0;0;0
"02/02/2026";"07:39:24";"107";"Com vítima";"41,329";"BR-153/PR";"Crescente";"Colisão traseira";0;0;0;1;0;0;0;0;0;0;0;1;0;0;0
"02/02/2026";"13:56:13";"228";"Sem vítima";"14,400";"BR-277/PR";"Decrescente";"Atropelamento de animal";0;0;0;0;0;0;0;0;0;1;1;0;0;0;0
"02/02/2026";"14:32:50";"232";"Com vítima";"0,080";"BR-277/PR";"Decrescente";"Atropelamento de pedestre";0;1;1;0;0;0;0;0;0;0;1;0;0;0;0
"02/02/2026";"15:14:38";"239";"Sem vítima";"16,500";"BR-277/PR";"Crescente";"Choque";1;0;0;0;0;0;0;0;0;0;4;0;0;0;0
"02/02/2026";"15:44:35";"244";"Com vítima";"71,600";"BR-277/PR";"Decrescente";"Colisão frontal";2;0;0;0;0;0;0;0;0;0;1;1;0;0;0
"02/02/2026";"17:21:28";"256";"Com vítima";"1,055";"BR-277/PR";"Decrescente";"Colisão frontal";1;0;0;1;0;0;0;0;0;0;1;0;1;0;0
"02/02/2026";"17:58:01";"263";"Com vítima";"75,450";"BR-277/PR";"Crescente";"Colisão frontal";1;0;0;1;0;0;0;0;0;0;1;1;0;0;0
"02/02/2026";"18:54:56";"271";"Com vítima";"16,001";"BR-277/PR";"Crescente";"Queda de moto";0;0;0;1;0;0;0;0;0;0;0;2;0;0;0
"03/02/2026";"00:30:00";"2";"Com vítima";"50,460";"BR-153/PR";"Crescente";"Choque";0;0;0;1;0;0;0;0;0;0;0;0;0;1;0
"03/02/2026";"08:10:14";"125";"Com vítima";"83,326";"BR-277/PR";"Crescente";"Colisão frontal";0;0;0;2;0;0;0;0;0;0;1;1;0;0;0
"03/02/2026";"09:46:44";"170";"Com vítima";"60,118";"BR-277/PR";"Decrescente";"Colisão traseira";0;0;0;1;0;0;0;0;0;0;1;0;1;0;0
"03/02/2026";"11:37:40";"200";"Sem vítima";"63,115";"BR-277/PR";"Decrescente";"Choque";1;0;0;0;0;0;0;0;0;0;1;0;0;0;0
"03/02/2026";"13:49:27";"229";"Sem vítima";"0,200";"BR-277/PR";"Crescente";"Choque";0;0;1;0;0;0;0;0;0;0;1;0;0;0;0
"03/02/2026";"17:37:27";"259";"Sem vítima";"37,950";"BR-277/PR";"Crescente";"Choque";1;0;0;0;0;0;0;0;0;0;3;0;0;0;0
"03/02/2026";"19:03:20";"271";"Com vítima";"5,400";"BR-277/PR";"Decrescente";"Colisão traseira";1;0;0;0;0;0;0;0;0;0;1;2;0;0;0
"03/02/2026";"19:45:07";"280";"Com vítima";"285,850";"151/PR";"Crescente";"Colisão frontal";1;0;1;0;0;0;0;0;0;1;1;4;0;0;0
"03/02/2026";"19:51:11";"281";"Sem vítima";"6,900";"BR-277/PR";"Decrescente";"Choque";1;0;0;0;0;0;0;0;0;0;1;0;0;0;0
"03/02/2026";"22:31:13";"304";"Sem vítima";"8,010";"407/PR";"Decrescente";"Choque";1;0;0;0;0;0;0;0;0;0;2;0;0;0;0
"04/02/2026";"14:15:13";"234";"Sem vítima";"282,501";"151/PR";"Decrescente";"Colisão frontal";1;0;1;0;0;0;0;0;0;0;2;0;0;0;0
"04/02/2026";"14:42:42";"240";"Com vítima";"72,428";"BR-277/PR";"Decrescente";"Colisão frontal";1;0;0;1;0;0;0;0;0;0;2;0;1;0;0
"04/02/2026";"17:14:31";"279";"Sem vítima";"8,119";"411/PR";"Crescente";"Choque";1;0;0;0;0;0;0;0;0;0;2;0;0;0;0
"04/02/2026";"17:17:20";"281";"Com vítima";"305,040";"151/PR";"Crescente";"Colisão frontal";0;0;1;0;0;0;0;0;0;1;2;1;0;0;0
"04/02/2026";"19:48:03";"312";"Sem vítima";"17,513";"407/PR";"Crescente";"Choque";1;0;0;0;0;0;0;0;0;0;1;0;0;0;0
"04/02/2026";"20:42:43";"317";"Com vítima";"1,435";"BR-277/PR";"Crescente";"Colisão frontal";0;0;1;1;0;0;0;0;0;0;1;1;0;0;0
"04/02/2026";"21:07:01";"319";"Com vítima";"64,094";"BR-277/PR";"Decrescente";"Queda de moto";0;0;0;1;0;0;0;0;0;0;0;2;0;0;0
"04/02/2026";"22:22:21";"325";"Sem vítima";"317,941";"092/PR";"Decrescente";"Atropelamento de animal";1;0;0;0;0;0;0;0;0;0;1;0;0;0;0
"05/02/2026";"01:03:17";"6";"Com vítima";"29,908";"BR-277/PR";"Crescente";"Colisão frontal";0;1;1;0;0;0;0;0;0;0;1;0;0;0;0
"05/02/2026";"07:42:40";"108";"Com vítima";"25,030";"BR-277/PR";"Decrescente";"Capotamento";1;0;0;0;0;0;0;0;0;0;0;0;1;0;0
"05/02/2026";"09:29:31";"173";"Sem vítima";"70,214";"BR-277/PR";"Crescente";"Colisão frontal";2;0;0;0;0;0;0;0;0;0;3;0;0;0;0
"05/02/2026";"10:48:47";"204";"Sem vítima";"35,130";"BR-277/PR";"Crescente";"Colisão frontal";2;0;0;0;0;0;0;0;0;0;2;0;0;0;0
"05/02/2026";"11:52:33";"223";"Sem vítima";"70,599";"BR-277/PR";"Crescente";"Colisão frontal";2;0;0;0;0;0;0;0;0;0;3;0;0;0;0
"05/02/2026";"11:59:15";"226";"Sem vítima";"70,599";"BR-277/PR";"Crescente";"Colisão frontal";2;0;0;0;0;0;0;0;0;0;4;0;0;0;0
"05/02/2026";"13:43:17";"245";"Sem vítima";"24,333";"BR-153/PR";"Crescente";"Colisão frontal";1;0;1;0;0;0;0;0;0;0;3;0;0;0;0
"05/02/2026";"18:09:24";"317";"Sem vítima";"314,200";"151/PR";"Crescente";"Colisão frontal";1;0;0;0;0;0;0;0;0;2;3;0;0;0;0
"05/02/2026";"18:26:52";"320";"Com vítima";"66,714";"BR-277/PR";"Crescente";"Colisão frontal";1;0;1;0;0;0;0;0;0;0;1;3;2;0;0
"05/02/2026";"21:13:14";"345";"Sem vítima";"6,312";"BR-277/PR";"Decrescente";"Colisão traseira";1;0;0;0;0;0;0;0;0;0;1;0;0;0;0
"06/02/2026";"01:22:40";"8";"Sem vítima";"45,401";"BR-277/PR";"Decrescente";"Colisão frontal";1;0;1;0;0;0;0;0;0;0;2;0;0;0;0
"06/02/2026";"03:36:02";"21";"Sem vítima";"178,700";"151/PR";"Crescente";"Colisão frontal";0;0;2;0;0;0;0;0;0;0;1;0;0;0;0
"06/02/2026";"15:29:21";"265";"Com vítima";"273,200";"092/PR";"Crescente";"Colisão frontal";0;0;0;1;0;0;0;0;0;1;1;0;1;0;0
"06/02/2026";"17:08:19";"292";"Sem vítima";"67,461";"BR-277/PR";"Crescente";"Colisão frontal";2;0;0;0;0;0;0;0;0;1;5;0;0;0;0
"06/02/2026";"17:48:21";"298";"Sem vítima";"61,010";"BR-277/PR";"Crescente";"Colisão frontal";0;0;1;0;0;0;0;0;0;1;3;0;0;0;0
"06/02/2026";"18:30:34";"303";"Com vítima";"264,010";"092/PR";"Crescente";"Queda de moto";0;0;0;0;0;0;0;0;0;0;0;0;0;0;0
"06/02/2026";"20:26:05";"325";"Com vítima";"1,500";"BR-277/PR";"Decrescente";"Queda de moto";0;0;0;1;0;0;0;0;0;0;0;0;1;0;0
"07/02/2026";"03:24:04";"20";"Com vítima";"2,010";"407/PR";"Crescente";"Colisão traseira";1;0;0;1;0;0;0;0;0;0;0;0;1;1;0
"07/02/2026";"09:27:58";"131";"Sem vítima";"24,317";"BR-153/PR";"Crescente";"Colisão frontal";0;0;2;0;0;0;0;0;0;0;2;0;0;0;0
"07/02/2026";"09:33:22";"133";"Sem vítima";"70,900";"BR-277/PR";"Crescente";"Colisão traseira";1;0;0;0;0;0;0;0;0;0;1;0;0;0;0
"07/02/2026";"09:50:33";"135";"Sem vítima";"30,640";"508/PR";"Crescente";"Colisão frontal";2;0;0;0;0;0;0;0;0;0;3;0;0;0;0
"07/02/2026";"11:21:20";"158";"Sem vítima";"3,000";"407/PR";"Crescente";"Acidentes de outra natureza";1;0;0;0;0;0;0;0;0;0;1;0;0;0;0
"07/02/2026";"14:47:38";"200";"Sem vítima";"83,400";"BR-277/PR";"Crescente";"Colisão transversal";3;0;0;0;0;0;0;0;0;0;6;0;0;0;0
"07/02/2026";"19:38:31";"257";"Com vítima";"7,010";"BR-277/PR";"Decrescente";"Choque";1;0;0;0;0;0;0;0;0;0;2;3;0;0;0
"08/02/2026";"00:24:18";"8";"Com vítima";"208,900";"092/PR";"Crescente";"Capotamento";1;0;0;0;0;0;0;0;0;0;0;4;0;0;0
"08/02/2026";"03:31:39";"21";"Sem vítima";"276,200";"151/PR";"Crescente";"Colisão frontal";0;0;2;0;0;0;0;0;0;0;2;0;0;0;0
"08/02/2026";"04:06:40";"24";"Sem vítima";"234,900";"092/PR";"Decrescente";"Choque";1;0;0;0;0;0;0;0;0;0;2;0;0;0;0
"08/02/2026";"04:57:22";"26";"Com vítima";"71,530";"BR-277/PR";"Crescente";"Colisão frontal";1;0;0;1;0;0;0;0;0;0;0;1;0;0;0
"08/02/2026";"05:05:02";"27";"Com vítima";"71,409";"BR-277/PR";"Decrescente";"Atropelamento de pedestre";0;0;0;0;0;0;0;0;0;0;0;0;0;0;1
"08/02/2026";"11:29:36";"106";"Com vítima";"276,471";"151/PR";"Decrescente";"Queda de moto";0;0;0;1;0;0;0;0;0;0;0;2;0;0;0
"08/02/2026";"13:54:45";"140";"Sem vítima";"65,296";"BR-277/PR";"Crescente";"Capotamento";1;0;0;0;0;0;0;0;0;0;4;0;0;0;0
"08/02/2026";"15:41:16";"164";"Sem vítima";"44,200";"BR-369/PR";"Crescente";"Capotamento";1;0;0;0;0;0;0;0;0;0;1;0;0;0;0
"08/02/2026";"17:18:48";"185";"Com vítima";"24,020";"BR-277/PR";"Crescente";"Colisão frontal";2;0;0;0;0;0;0;0;0;0;4;3;0;0;0
"08/02/2026";"20:55:23";"235";"Sem vítima";"38,400";"BR-277/PR";"Crescente";"Colisão frontal";1;0;0;1;0;0;0;0;0;0;2;0;0;0;0
"09/02/2026";"06:05:58";"35";"Sem vítima";"302,492";"151/PR";"Crescente";"Queda de moto";1;0;0;0;0;0;0;0;0;0;1;0;0;0;0
"09/02/2026";"07:18:38";"83";"Com vítima";"9,300";"BR-153/PR";"Decrescente";"Colisão frontal";2;0;0;0;0;0;0;0;0;0;1;1;0;0;0
"09/02/2026";"07:48:46";"99";"Sem vítima";"69,819";"BR-277/PR";"Crescente";"Colisão frontal";1;0;1;0;0;0;0;0;0;0;2;0;0;0;0
"09/02/2026";"11:09:07";"223";"Sem vítima";"291,450";"151/PR";"Decrescente";"Choque";1;0;0;0;0;0;0;0;0;0;1;0;0;0;0
"09/02/2026";"12:40:13";"243";"Sem vítima";"315,135";"151/PR";"Crescente";"Colisão traseira";1;0;0;0;0;0;0;0;0;0;1;0;0;0;0
"09/02/2026";"12:59:12";"246";"Sem vítima";"24,420";"BR-277/PR";"Crescente";"Choque";1;0;0;0;0;0;0;0;0;0;1;0;0;0;0
"09/02/2026";"13:15:23";"254";"Sem vítima";"67,920";"BR-277/PR";"Crescente";"Acidentes de outra natureza";3;0;0;0;0;0;0;0;0;0;7;0;0;0;0
"09/02/2026";"14:38:01";"278";"Sem vítima";"68,470";"BR-277/PR";"Crescente";"Colisão frontal";0;0;2;0;0;0;0;0;0;0;2;0;0;0;0
"09/02/2026";"15:44:39";"291";"Sem vítima";"9,490";"BR-153/PR";"Crescente";"Colisão frontal";1;0;0;0;0;0;0;0;0;1;1;0;0;0;0
"09/02/2026";"15:55:49";"293";"Sem vítima";"38,079";"BR-277/PR";"Crescente";"Choque";1;0;0;0;0;0;0;0;0;0;1;0;0;0;0
"09/02/2026";"16:12:42";"297";"Sem vítima";"39,280";"BR-277/PR";"Crescente";"Colisão traseira";1;0;0;0;0;0;0;0;0;0;1;0;0;0;0
"09/02/2026";"17:32:41";"307";"Com vítima";"2,102";"BR-277/PR";"Decrescente";"Colisão frontal";0;0;1;1;0;0;0;0;0;0;1;1;0;0;0
"09/02/2026";"17:53:39";"309";"Com vítima";"27,596";"BR-277/PR";"Crescente";"Capotamento";1;0;0;0;0;0;0;0;0;0;0;2;1;0;1
"09/02/2026";"19:16:00";"323";"Sem vítima";"37,979";"BR-277/PR";"Crescente";"Choque";1;0;0;0;0;0;0;0;0;0;4;0;0;0;0
"09/02/2026";"19:32:10";"327";"Com vítima";"36,010";"BR-369/PR";"Crescente";"Queda de moto";1;0;0;1;0;0;0;0;0;0;1;1;0;0;0
"10/02/2026";"05:38:14";"24";"Com vítima";"23,668";"BR-369/PR";"Decrescente";"Colisão lateral no mesmo sentido";2;0;0;0;0;0;0;0;0;0;0;0;3;0;3
"10/02/2026";"07:22:43";"68";"Sem vítima";"77,100";"BR-277/PR";"Crescente";"Colisão frontal";1;0;0;2;0;0;0;0;0;0;3;0;0;0;0
"10/02/2026";"07:58:29";"92";"Com vítima";"32,120";"BR-277/PR";"Decrescente";"Colisão frontal";1;0;1;0;0;0;0;0;0;0;1;1;0;0;0
"10/02/2026";"11:31:55";"211";"Sem vítima";"301,960";"151/PR";"Crescente";"Colisão frontal";0;0;2;0;0;0;0;0;0;0;4;0;0;0;0
"10/02/2026";"16:44:15";"279";"Com vítima";"311,480";"151/PR";"Crescente";"Colisão frontal";0;0;1;0;1;0;0;0;0;0;1;1;0;0;0
"10/02/2026";"23:14:21";"368";"Sem vítima";"9,283";"BR-277/PR";"Decrescente";"Colisão frontal";1;0;0;0;0;0;0;0;0;0;1;0;0;0;0