data;horario;n_da_ocorrencia;tipo_de_ocorrencia;km;trecho;sentido;tipo_de_acidente;automovel;bicicleta;caminhao;moto;onibus;outros;tracao_animal;transporte_de_cargas_especiais;trator_maquinas;utilitarios;ilesos;levemente_feridos;moderadamente_feridos;gravemente_feridos;mortos
"11/02/2026";"00:04:11";"1";"Sem vítima";"7,153";"239/PR";"Crescente";"Choque";0;0;1;0;0;0;0;0;0;0;1;0;0;0;0
"11/02/2026";"02:24:14";"16";"Com vítima";"212,120";"151/PR";"Crescente";"Choque";0;0;0;1;0;0;0;0;0;0;0;0;1;0;0
"11/02/2026";"06:47:05";"49";"Sem vítima";"78,574";"BR-277/PR";"Crescente";"Colisão lateral em sentido contrário";2;0;0;0;0;0;0;0;0;0;5;0;0;0;0
"11/02/2026";"09:24:52";"171";"Sem vítima";"17,300";"BR-153/PR";"Crescente";"Colisão frontal";1;0;0;0;0;0;0;0;0;1;2;0;0;0;0
"11/02/2026";"14:57:33";"241";"Sem vítima";"19,100";"BR-369/PR";"Decrescente";"Colisão traseira";0;0;1;0;0;0;0;0;0;0;1;0;0;0;0
"11/02/2026";"15:07:56";"245";"Sem vítima";"35,730";"BR-369/PR";"Crescente";"Colisão frontal";2;0;0;0;0;0;0;0;0;0;3;0;0;0;0
"12/02/2026";"09:18:18";"148";"Sem vítima";"0,010";"BR-277/PR";"Decrescente";"Colisão frontal";0;0;2;0;0;0;0;0;0;0;2;0;0;0;0
"12/02/2026";"10:07:33";"180";"Sem vítima";"17,120";"408/PR";"Decrescente";"Colisão lateral em sentido contrário";1;0;1;0;0;0;0;0;0;0;5;0;0;0;0
"12/02/2026";"10:56:44";"205";"Com vítima";"2,880";"855/PR";"Decrescente";"Choque";1;0;0;0;0;0;0;0;0;0;0;1;0;0;0
"12/02/2026";"14:09:38";"260";"Sem vítima";"32,039";"BR-277/PR";"Crescente";"Choque";1;0;0;0;0;0;0;0;0;0;0;0;0;0;0
"12/02/2026";"17:11:03";"299";"Com vítima";"307,728";"151/PR";"Crescente";"Capotamento";1;0;0;0;0;0;0;0;0;0;0;2;0;0;0
"13/02/2026";"00:25:43";"10";"Com vítima";"77,010";"BR-277/PR";"Decrescente";"Colisão traseira";0;0;0;1;0;0;0;0;0;0;0;0;1;0;0
"13/02/2026";"02:08:19";"20";"Sem vítima";"177,970";"151/PR";"Decrescente";"Tombamento";0;0;1;0;0;0;0;0;0;0;1;0;0;0;0
"13/02/2026";"04:53:43";"33";"Com vítima";"15,540";"407/PR";"Crescente";"Colisão transversal";2;0;0;0;0;0;0;0;0;0;1;5;0;0;0
"13/02/2026";"11:50:42";"223";"Sem vítima";"0,010";"BR-277/PR";"Crescente";"Colisão frontal";1;0;0;0;0;0;0;0;0;1;3;0;0;0;0
"13/02/2026";"12:49:09";"233";"Sem vítima";"87,290";"BR-369/PR";"Decrescente";"Queda de moto";0;0;0;0;0;0;0;0;0;1;2;0;0;0;0
"13/02/2026";"13:00:45";"235";"Sem vítima";"0,010";"855/PR";"Crescente";"Tombamento";0;0;1;0;0;0;0;0;0;0;1;0;0;0;0
"13/02/2026";"15:08:30";"267";"Sem vítima";"49,469";"BR-277/PR";"Decrescente";"Colisão traseira";1;0;0;0;0;0;0;0;0;0;0;0;0;0;0
"13/02/2026";"15:23:06";"272";"Sem vítima";"36,800";"BR-277/PR";"Decrescente";"Acidentes de outra natureza";2;0;0;0;0;0;0;0;0;0;0;0;0;0;0
"13/02/2026";"16:29:42";"283";"Sem vítima";"66,500";"BR-277/PR";"Crescente";"Colisão frontal";0;0;2;0;0;0;0;0;0;0;2;0;0;0;0
"13/02/2026";"17:04:16";"288";"Com vítima";"32,100";"BR-277/PR";"Decrescente";"Choque";1;0;0;0;0;0;0;0;0;0;0;2;0;0;0
"13/02/2026";"17:09:51";"291";"Com vítima";"42,230";"BR-153/PR";"Decrescente";"Colisão frontal";1;0;0;1;0;0;0;0;0;0;1;1;0;0;0
"13/02/2026";"17:14:26";"293";"Com vítima";"22,900";"508/PR";"Decrescente";"Capotamento";1;0;0;0;0;0;0;0;0;0;0;4;0;0;0
"13/02/2026";"17:37:17";"298";"Sem vítima";"7,120";"239/PR";"Decrescente";"Colisão frontal";1;0;0;0;0;0;0;0;0;0;2;0;0;0;0
"13/02/2026";"20:08:45";"326";"Com vítima";"251,100";"092/PR";"Decrescente";"Colisão frontal";0;1;0;1;0;0;0;0;0;0;0;0;0;1;0
"14/02/2026";"00:36:28";"11";"Sem vítima";"215,100";"151/PR";"Decrescente";"Colisão frontal";1;0;0;0;0;0;0;0;0;0;2;0;0;0;0
"14/02/2026";"00:40:00";"12";"Com vítima";"70,936";"BR-277/PR";"Crescente";"Choque";1;0;0;0;0;0;0;0;0;0;0;3;0;0;0
"14/02/2026";"04:24:43";"41";"Sem vítima";"32,422";"BR-277/PR";"Decrescente";"Choque";1;0;0;0;0;0;0;0;0;0;3;0;0;0;0
"14/02/2026";"05:07:02";"45";"Sem vítima";"42,150";"BR-277/PR";"Crescente";"Choque";1;0;0;0;0;0;0;0;0;0;1;0;0;0;0
"14/02/2026";"07:58:47";"118";"Sem vítima";"219,306";"092/PR";"Crescente";"Colisão frontal";0;0;0;0;0;0;0;0;0;2;5;0;0;0;0
"14/02/2026";"09:47:51";"172";"Com vítima";"21,040";"BR-153/PR";"Decrescente";"Colisão traseira";2;0;0;0;0;0;0;0;0;1;4;2;0;0;0
"14/02/2026";"10:57:29";"199";"Sem vítima";"62,110";"BR-277/PR";"Decrescente";"Colisão frontal";2;0;0;0;0;0;0;0;0;1;13;0;0;0;0
"14/02/2026";"11:20:25";"204";"Com vítima";"10,356";"239/PR";"Crescente";"Colisão frontal";0;0;0;1;0;0;0;0;0;1;1;0;1;0;0
"14/02/2026";"11:41:46";"210";"Sem vítima";"5,910";"407/PR";"Crescente";"Colisão frontal";3;0;0;0;0;0;0;0;0;0;7;0;0;0;0
"14/02/2026";"14:36:52";"254";"Sem vítima";"12,760";"BR-277/PR";"Crescente";"Colisão frontal";1;0;0;0;0;0;0;0;0;1;7;0;0;0;0
"14/02/2026";"16:12:21";"283";"Com vítima";"39,229";"BR-277/PR";"Decrescente";"Colisão traseira";6;0;0;0;0;0;0;0;0;0;20;0;2;0;0
"14/02/2026";"17:01:11";"293";"Com vítima";"37,920";"BR-277/PR";"Crescente";"Choque";1;0;0;0;0;0;0;0;0;0;0;2;0;0;0
"14/02/2026";"18:23:50";"312";"Com vítima";"48,106";"BR-277/PR";"Decrescente";"Choque";1;0;0;0;0;0;0;0;0;0;0;1;0;0;0
"15/02/2026";"02:20:39";"18";"Com vítima";"201,603";"092/PR";"Crescente";"Capotamento";1;0;0;0;0;0;0;0;0;0;0;1;0;0;0
"15/02/2026";"05:00:11";"28";"Sem vítima";"40,200";"BR-277/PR";"Crescente";"Colisão frontal";1;0;1;0;0;0;0;0;0;0;1;0;0;0;0
"15/02/2026";"05:07:34";"29";"Sem vítima";"6,200";"BR-277/PR";"Decrescente";"Choque";1;0;0;0;0;0;0;0;0;0;3;0;0;0;0
"15/02/2026";"05:23:50";"30";"Com vítima";"38,680";"BR-277/PR";"Decrescente";"Colisão traseira";0;0;0;1;0;0;0;0;0;0;0;0;1;0;0
"15/02/2026";"06:19:08";"37";"Com vítima";"9,119";"508/PR";"Decrescente";"Choque";1;0;0;0;0;0;0;0;0;0;0;3;0;0;0
"15/02/2026";"11:42:23";"118";"Sem vítima";"16,163";"BR-369/PR";"Decrescente";"Colisão frontal";1;0;0;0;0;0;0;0;0;1;3;0;0;0;0
"15/02/2026";"14:33:53";"151";"Sem vítima";"267,470";"151/PR";"Decrescente";"Queda de moto";0;0;1;0;0;0;0;0;0;0;1;0;0;0;0
"15/02/2026";"17:22:35";"194";"Com vítima";"301,510";"092/PR";"Crescente";"Capotamento";0;0;0;0;0;0;0;0;0;1;0;1;0;0;0
"15/02/2026";"17:49:29";"205";"Com vítima";"39,120";"BR-277/PR";"Decrescente";"Colisão frontal";1;0;1;0;0;0;0;0;0;0;1;1;0;0;0
"15/02/2026";"19:43:40";"227";"Sem vítima";"34,604";"BR-277/PR";"Crescente";"Atropelamento de animal";1;0;0;0;0;0;0;0;0;0;2;0;0;0;0
"15/02/2026";"21:41:36";"250";"Sem vítima";"31,100";"BR-277/PR";"Crescente";"Colisão transversal";2;0;0;0;0;0;0;0;0;0;8;0;0;0;0
"16/02/2026";"05:26:14";"45";"Com vítima";"49,144";"BR-277/PR";"Decrescente";"Queda de moto";0;0;0;1;0;0;0;0;0;0;0;2;0;0;0
"16/02/2026";"14:55:47";"272";"Sem vítima";"40,370";"BR-277/PR";"Crescente";"Tombamento";0;0;0;0;0;0;0;0;0;1;3;0;0;0;0
"16/02/2026";"16:28:01";"286";"Sem vítima";"31,010";"BR-277/PR";"Crescente";"Colisão lateral no mesmo sentido";3;0;0;0;0;0;0;0;0;0;6;0;0;0;0
"16/02/2026";"16:54:01";"292";"Sem vítima";"42,650";"BR-277/PR";"Crescente";"Colisão frontal";1;0;1;0;0;0;0;0;0;0;3;0;0;0;0
"16/02/2026";"17:39:57";"300";"Sem vítima";"35,100";"BR-277/PR";"Crescente";"Colisão frontal";2;0;0;0;0;0;0;0;0;0;3;0;0;0;0
"16/02/2026";"19:10:05";"328";"Com vítima";"303,010";"151/PR";"Crescente";"Queda de moto";0;0;0;1;0;0;0;0;0;0;0;1;0;0;0
"17/02/2026";"00:22:42";"4";"Com vítima";"31,500";"BR-277/PR";"Crescente";"Queda de moto";0;0;0;1;0;0;0;0;0;0;0;0;1;0;0
"17/02/2026";"01:32:00";"18";"Sem vítima";"31,500";"BR-277/PR";"Crescente";"Choque";1;0;0;0;0;0;0;0;0;0;3;0;0;0;0
"17/02/2026";"06:11:19";"41";"Sem vítima";"278,930";"151/PR";"Decrescente";"Tombamento";0;0;1;0;0;0;0;0;0;0;1;0;0;0;0
"17/02/2026";"07:41:15";"111";"Sem vítima";"4,093";"508/PR";"Crescente";"Choque";1;0;0;0;0;0;0;0;0;0;3;0;0;0;0
"17/02/2026";"11:04:19";"211";"Sem vítima";"61,700";"BR-369/PR";"Crescente";"Choque";0;0;1;0;0;0;0;0;0;0;1;0;0;0;0
"17/02/2026";"15:26:26";"302";"Com vítima";"11,010";"BR-277/PR";"Decrescente";"Colisão frontal";2;0;0;0;0;0;0;0;0;0;0;1;3;3;0
"17/02/2026";"16:37:38";"321";"Sem vítima";"305,659";"151/PR";"Decrescente";"Colisão frontal";1;0;0;0;0;0;0;0;0;1;3;0;0;0;0
"17/02/2026";"17:08:25";"331";"Sem vítima";"8,500";"BR-277/PR";"Crescente";"Colisão frontal";3;0;0;0;0;0;0;0;0;0;14;0;0;0;0
"18/02/2026";"00:20:47";"7";"Sem vítima";"3,450";"BR-369/PR";"Crescente";"Choque";1;0;0;0;0;0;0;0;0;0;1;0;0;0;0
"18/02/2026";"01:38:05";"22";"Com vítima";"303,620";"092/PR";"Crescente";"Tombamento";0;0;1;0;0;0;0;0;0;0;0;0;1;0;0
"18/02/2026";"10:08:32";"209";"Com vítima";"13,300";"408/PR";"Decrescente";"Colisão frontal";1;0;0;1;0;0;0;0;0;0;1;0;0;1;0
"18/02/2026";"11:53:50";"234";"Sem vítima";"79,066";"BR-277/PR";"Crescente";"Colisão transversal";2;0;0;0;0;0;0;0;0;0;3;0;0;0;0
"18/02/2026";"12:19:36";"240";"Sem vítima";"81,220";"BR-277/PR";"Crescente";"Colisão traseira";2;0;0;0;0;0;0;0;0;0;5;0;0;0;0
"18/02/2026";"14:30:42";"274";"Sem vítima";"312,760";"151/PR";"Decrescente";"Choque";1;0;0;0;0;0;0;0;0;0;1;0;0;0;0
"18/02/2026";"17:07:47";"321";"Com vítima";"10,580";"BR-369/PR";"Decrescente";"Colisão lateral em sentido contrário";0;0;1;0;0;0;0;0;0;1;4;4;0;0;0
"18/02/2026";"19:40:08";"349";"Com vítima";"1,359";"BR-277/PR";"Decrescente";"Colisão frontal";0;1;1;0;0;0;0;0;0;0;1;0;0;0;0
"18/02/2026";"20:13:12";"356";"Com vítima";"32,161";"BR-277/PR";"Crescente";"Colisão frontal";2;0;0;0;0;0;0;0;0;0;0;7;0;0;0
"18/02/2026";"23:00:34";"383";"Com vítima";"249,630";"151/PR";"Decrescente";"Queda de moto";0;0;0;1;0;0;0;0;0;0;0;1;0;0;0
"18/02/2026";"23:06:04";"385";"Com vítima";"282,430";"151/PR";"Decrescente";"Tombamento";0;0;2;0;0;0;0;0;0;0;1;1;0;0;0
"19/02/2026";"00:31:01";"3";"Com vítima";"178,100";"151/PR";"Decrescente";"Tombamento";0;0;1;0;0;0;0;0;0;0;0;1;0;0;0
"19/02/2026";"02:54:41";"16";"Sem vítima";"44,316";"BR-277/PR";"Decrescente";"Choque";1;0;0;0;0;0;0;0;0;0;1;0;0;0;0
"19/02/2026";"07:07:08";"98";"Sem vítima";"75,203";"BR-277/PR";"Crescente";"Colisão traseira";4;0;0;0;0;0;0;0;0;0;12;0;0;0;0
"19/02/2026";"07:15:49";"108";"Sem vítima";"36,490";"BR-277/PR";"Crescente";"Choque";1;0;0;0;0;0;0;0;0;0;1;0;0;0;0
"19/02/2026";"07:41:42";"132";"Sem vítima";"298,666";"092/PR";"Decrescente";"Atropelamento de animal";1;0;0;0;0;0;0;0;0;0;1;0;0;0;0
"19/02/2026";"11:58:45";"233";"Sem vítima";"1,200";"BR-277/PR";"Decrescente";"Choque";0;0;1;0;0;0;0;0;0;0;2;0;0;0;0
"19/02/2026";"12:04:06";"235";"Com vítima";"6,277";"BR-277/PR";"Decrescente";"Colisão frontal";1;0;1;0;0;0;0;0;0;0;1;1;0;0;0
"19/02/2026";"13:05:20";"249";"Com vítima";"0,200";"BR-277/PR";"Decrescente";"Colisão frontal";0;0;1;1;0;0;0;0;0;0;1;0;1;0;0
"19/02/2026";"17:24:55";"310";"Com vítima";"299,230";"092/PR";"Decrescente";"Queda de moto";0;0;0;1;0;0;0;0;0;0;0;2;0;0;0
"19/02/2026";"17:43:38";"315";"Sem vítima";"249,120";"092/PR";"Decrescente";"Colisão frontal";0;0;2;0;0;0;0;0;0;0;2;0;0;0;0
"19/02/2026";"21:37:10";"368";"Com vítima";"41,900";"BR-277/PR";"Decrescente";"Colisão frontal";0;0;1;0;0;0;0;0;0;1;1;1;0;0;0
"20/02/2026";"01:32:28";"15";"Sem vítima";"312,500";"151/PR";"Crescente";"Atropelamento de animal";1;0;0;0;0;0;0;0;0;0;4;0;0;0;0
"20/02/2026";"05:38:55";"33";"Com vítima";"8,888";"BR-153/PR";"Decrescente";"Queda de moto";0;0;0;1;0;0;0;0;0;0;0;0;0;1;0
"20/02/2026";"07:00:47";"89";"Sem vítima";"272,133";"092/PR";"Decrescente";"Colisão frontal";0;0;2;0;0;0;0;0;0;0;2;0;0;0;0
"20/02/2026";"08:33:16";"160";"Com vítima";"28,500";"508/PR";"Decrescente";"Colisão frontal";0;0;0;1;0;0;0;0;0;1;1;1;0;0;0
"20/02/2026";"11:39:31";"216";"Com vítima";"2,340";"BR-277/PR";"Decrescente";"Colisão frontal";0;0;1;1;0;0;0;0;0;0;1;1;0;0;0
"20/02/2026";"12:11:24";"224";"Com vítima";"19,800";"BR-277/PR";"Crescente";"Colisão frontal";1;0;0;1;0;0;0;0;0;0;1;0;1;0;0
"20/02/2026";"12:12:16";"225";"Com vítima";"283,566";"151/PR";"Crescente";"Capotamento";1;0;0;0;0;0;0;0;0;0;0;1;0;0;0
"20/02/2026";"16:35:40";"282";"Sem vítima";"318,900";"151/PR";"Crescente";"Colisão traseira";1;0;1;0;0;0;0;0;0;0;2;0;0;0;0
"20/02/2026";"17:18:01";"295";"Sem vítima";"311,010";"151/PR";"Crescente";"Colisão traseira";0;0;0;0;0;0;0;0;0;2;2;0;0;0;0
"20/02/2026";"19:08:04";"317";"Com vítima";"81,050";"BR-277/PR";"Decrescente";"Colisão frontal";1;0;0;1;0;0;0;0;0;0;2;1;0;0;0
"20/02/2026";"19:26:04";"319";"Sem vítima";"28,010";"508/PR";"Decrescente";"Colisão frontal";1;0;0;1;0;0;0;0;0;0;3;0;0;0;0
"20/02/2026";"19:35:22";"323";"Sem vítima";"81,010";"BR-277/PR";"Decrescente";"Colisão frontal";3;0;0;0;0;0;0;0;0;0;6;0;0;0;0
"20/02/2026";"20:26:44";"336";"Sem vítima";"218,020";"151/PR";"Decrescente";"Choque";1;0;0;0;0;0;0;0;0;0;1;0;0;0;0
"21/02/2026";"00:56:50";"15";"Sem vítima";"240,508";"092/PR";"Crescente";"Colisão traseira";0;0;1;0;0;0;0;0;0;0;1;0;0;0;0
"21/02/2026";"07:26:20";"78";"Sem vítima";"32,000";"BR-277/PR";"Crescente";"Choque";0;0;1;0;0;0;0;0;0;0;1;0;0;0;0
"21/02/2026";"09:06:24";"125";"Sem vítima";"68,700";"BR-277/PR";"Crescente";"Queda de moto";1;0;0;0;0;0;0;0;0;0;1;0;0;0;0
"21/02/2026";"10:07:13";"147";"Sem vítima";"47,000";"BR-277/PR";"Decrescente";"Colisão frontal";1;0;2;0;0;0;0;0;0;0;4;0;0;0;0
"21/02/2026";"11:22:50";"164";"Com vítima";"34,500";"BR-277/PR";"Decrescente";"Colisão frontal";1;0;1;0;0;0;0;0;0;0;2;1;0;0;0
"21/02/2026";"13:19:51";"187";"Sem vítima";"81,500";"BR-277/PR";"Crescente";"Acidentes de outra natureza";0;0;0;1;0;0;0;0;0;0;2;0;0;0;0
"21/02/2026";"14:38:09";"198";"Sem vítima";"32,000";"BR-277/PR";"Crescente";"Acidentes de outra natureza";0;0;1;0;0;0;0;0;0;0;0;0;0;0;0
"21/02/2026";"14:55:50";"201";"Sem vítima";"20,010";"BR-277/PR";"Crescente";"Colisão frontal";1;0;0;0;0;0;0;0;0;0;2;0;0;0;0
"21/02/2026";"15:02:05";"203";"Sem vítima";"41,900";"BR-277/PR";"Decrescente";"Choque";0;0;1;0;0;0;0;0;0;0;1;0;0;0;0
"21/02/2026";"15:52:17";"209";"Sem vítima";"45,000";"BR-277/PR";"Crescente";"Choque";1;0;0;0;0;0;0;0;0;0;3;0;0;0;0
"21/02/2026";"17:03:06";"221";"Sem vítima";"32,700";"BR-277/PR";"Decrescente";"Choque";1;0;0;0;0;0;0;0;0;0;1;0;0;0;0
"21/02/2026";"17:06:56";"222";"Sem vítima";"32,700";"BR-277/PR";"Decrescente";"Choque";1;0;0;0;0;0;0;0;0;0;1;0;0;0;0
"21/02/2026";"17:58:05";"229";"Com vítima";"0,100";"508/PR";"Decrescente";"Choque";1;0;0;0;0;0;0;0;0;0;0;0;1;0;0
"21/02/2026";"19:04:15";"241";"Com vítima";"6,950";"239/PR";"Decrescente";"Tombamento";0;0;1;0;0;0;0;0;0;0;0;0;0;1;0
"21/02/2026";"20:21:54";"256";"Com vítima";"5,261";"BR-277/PR";"Decrescente";"Choque";0;0;0;0;0;0;0;0;0;1;0;1;0;0;0
"21/02/2026";"23:20:55";"270";"Com vítima";"275,850";"092/PR";"Decrescente";"Tombamento";0;0;1;0;0;0;0;0;0;0;0;1;0;0;0
"22/02/2026";"00:11:43";"2";"Sem vítima";"312,100";"151/PR";"Decrescente";"Colisão frontal";1;0;1;0;0;0;0;0;0;0;5;0;0;0;0
"22/02/2026";"02:09:01";"20";"Com vítima";"294,500";"151/PR";"Decrescente";"Queda de moto";1;0;0;0;0;0;0;0;0;0;1;1;0;0;0
"22/02/2026";"04:42:31";"23";"Sem vítima";"22,308";"BR-277/PR";"Decrescente";"Colisão frontal";0;0;2;0;0;0;0;0;0;0;2;0;0;0;0
"22/02/2026";"07:14:46";"49";"Sem vítima";"255,000";"151/PR";"Decrescente";"Choque";1;0;0;0;0;0;0;0;0;0;1;0;0;0;0
"22/02/2026";"14:46:42";"132";"Com vítima";"11,450";"BR-369/PR";"Decrescente";"Choque";1;0;0;0;0;0;0;0;0;0;1;1;0;0;0
"22/02/2026";"16:44:50";"161";"Sem vítima";"3,500";"508/PR";"Decrescente";"Colisão frontal";2;0;0;0;0;0;0;0;0;0;7;0;0;0;0
"22/02/2026";"19:12:40";"191";"Com vítima";"16,010";"BR-277/PR";"Crescente";"Queda de moto";1;0;0;0;0;0;0;0;0;0;3;1;0;0;0
"22/02/2026";"19:58:50";"200";"Sem vítima";"43,400";"BR-277/PR";"Crescente";"Choque";1;0;0;0;0;0;0;0;0;0;1;0;0;0;0
"23/02/2026";"01:22:36";"13";"Sem vítima";"12,500";"BR-277/PR";"Crescente";"Colisão traseira";1;0;0;0;0;0;0;0;0;0;1;0;0;0;0
"23/02/2026";"05:59:40";"25";"Sem vítima";"46,186";"BR-369/PR";"Crescente";"Atropelamento de animal";1;0;0;0;0;0;0;0;0;0;1;0;0;0;0
"23/02/2026";"07:11:53";"65";"Sem vítima";"1,180";"BR-277/PR";"Decrescente";"Colisão frontal";1;0;0;0;0;0;0;0;0;0;1;0;0;0;0
"23/02/2026";"07:32:50";"85";"Sem vítima";"76,120";"BR-277/PR";"Crescente";"Colisão frontal";2;0;1;0;0;0;0;0;0;0;3;0;0;0;0
"23/02/2026";"07:51:00";"109";"Com vítima";"5,270";"BR-277/PR";"Decrescente";"Queda de moto";0;0;0;1;0;0;0;0;0;0;0;1;0;0;0
"23/02/2026";"12:27:01";"231";"Com vítima";"67,120";"BR-277/PR";"Crescente";"Colisão frontal";1;0;0;1;0;0;0;0;0;0;1;0;0;0;1
"23/02/2026";"19:58:11";"321";"Sem vítima";"70,680";"BR-277/PR";"Crescente";"Colisão frontal";2;0;0;0;0;0;0;0;0;0;5;0;0;0;0
"23/02/2026";"23:44:28";"342";"Sem vítima";"211,010";"151/PR";"Decrescente";"Choque";0;0;1;0;0;0;0;0;0;0;2;0;0;0;0
"24/02/2026";"02:07:09";"18";"Sem vítima";"5,414";"BR-277/PR";"Crescente";"Acidentes de outra natureza";0;0;1;0;0;0;0;0;0;0;1;0;0;0;0
"24/02/2026";"10:01:41";"230";"Sem vítima";"42,765";"BR-277/PR";"Decrescente";"Queda de moto";0;0;0;1;0;0;0;0;0;0;1;0;0;0;0
"24/02/2026";"14:33:40";"285";"Com vítima";"78,781";"BR-277/PR";"Decrescente";"Queda de moto";0;0;0;1;0;0;0;0;0;0;0;0;1;0;0
"24/02/2026";"16:10:21";"308";"Com vítima";"73,730";"BR-277/PR";"Decrescente";"Colisão frontal";1;0;0;1;0;0;0;0;0;0;2;1;0;0;0
"24/02/2026";"19:22:11";"352";"Sem vítima";"298,640";"151/PR";"Decrescente";"Acidentes de outra natureza";1;0;0;0;0;0;0;0;0;0;1;0;0;0;0
"24/02/2026";"22:28:34";"379";"Sem vítima";"1,500";"BR-277/PR";"Crescente";"Choque";1;0;0;0;0;0;0;0;0;0;1;0;0;0;0
"24/02/2026";"22:52:43";"383";"Com vítima";"38,531";"BR-277/PR";"Decrescente";"Tombamento";0;0;1;0;0;0;0;0;0;0;0;0;1;0;0
"25/02/2026";"06:56:29";"61";"Sem vítima";"8,000";"BR-277/PR";"Crescente";"Acidentes de outra natureza";1;0;0;0;0;0;0;0;0;0;1;0;0;0;0
"25/02/2026";"07:28:46";"91";"Com vítima";"37,950";"BR-153/PR";"Decrescente";"Acidentes de outra natureza";0;0;0;1;0;0;0;0;0;0;0;1;0;0;0
"25/02/2026";"07:31:36";"95";"Com vítima";"258,600";"092/PR";"Crescente";"Colisão frontal";1;0;1;0;0;0;0;0;0;0;1;2;0;0;0
"25/02/2026";"08:54:08";"143";"Sem vítima";"60,250";"BR-277/PR";"Decrescente";"Colisão frontal";0;0;1;1;0;0;0;0;0;0;2;0;0;0;0
"25/02/2026";"09:44:22";"188";"Sem vítima";"69,300";"BR-277/PR";"Crescente";"Colisão frontal";1;0;1;0;0;0;0;0;0;0;2;0;0;0;0
"25/02/2026";"10:49:19";"212";"Com vítima";"68,010";"BR-277/PR";"Crescente";"Colisão frontal";1;0;1;0;0;0;0;0;0;0;1;1;0;0;0
"25/02/2026";"11:03:04";"215";"Com vítima";"37,590";"BR-277/PR";"Decrescente";"Colisão frontal";1;0;2;0;0;0;0;0;0;0;1;1;0;1;0
"26/02/2026";"00:17:20";"8";"Com vítima";"79,010";"BR-277/PR";"Crescente";"Colisão frontal";1;0;0;0;0;0;0;0;0;0;1;1;0;0;0
"26/02/2026";"01:53:14";"34";"Sem vítima";"23,010";"BR-277/PR";"Decrescente";"Tombamento";0;0;1;0;0;0;0;0;0;0;1;0;0;0;0
"26/02/2026";"06:28:02";"45";"Com vítima";"67,000";"BR-277/PR";"Decrescente";"Colisão frontal";0;0;1;0;0;0;0;0;0;1;1;1;0;0;0
"26/02/2026";"06:39:10";"49";"Sem vítima";"19,000";"BR-277/PR";"Crescente";"Acidentes de outra natureza";0;0;1;0;0;0;0;0;0;0;1;0;0;0;0
"26/02/2026";"07:26:22";"76";"Sem vítima";"67,980";"BR-277/PR";"Crescente";"Colisão frontal";1;0;1;0;0;0;0;0;0;0;2;0;0;0;0
"26/02/2026";"07:43:38";"89";"Com vítima";"76,800";"BR-277/PR";"Crescente";"Colisão frontal";0;0;1;1;0;0;0;0;0;0;1;0;1;0;0
"26/02/2026";"15:06:37";"279";"Sem vítima";"69,500";"BR-277/PR";"Crescente";"Colisão frontal";1;0;1;0;0;0;0;0;0;0;2;0;0;0;0
"26/02/2026";"17:45:33";"310";"Sem vítima";"42,010";"BR-153/PR";"Decrescente";"Colisão frontal";1;0;0;0;0;0;0;0;0;1;2;0;0;0;0
"27/02/2026";"10:26:38";"220";"Sem vítima";"4,500";"239/PR";"Decrescente";"Choque";0;0;0;0;0;0;0;0;0;1;1;0;0;0;0
"27/02/2026";"14:01:44";"267";"Com vítima";"6,820";"BR-277/PR";"Crescente";"Colisão frontal";1;0;0;1;0;0;0;0;0;0;0;2;0;0;0
"27/02/2026";"16:58:27";"304";"Com vítima";"21,500";"508/PR";"Crescente";"Queda de moto";0;0;0;1;0;0;0;0;0;0;0;0;1;0;0
"27/02/2026";"20:21:50";"333";"Com vítima";"227,678";"092/PR";"Decrescente";"Colisão frontal";3;0;0;0;0;0;0;0;0;0;1;1;0;2;1
"28/02/2026";"03:23:20";"29";"Sem vítima";"234,845";"151/PR";"Crescente";"Choque";1;0;0;0;0;0;0;0;0;0;2;0;0;0;0
"28/02/2026";"08:06:11";"139";"Com vítima";"254,353";"092/PR";"Crescente";"Colisão frontal";0;0;1;1;0;0;0;0;0;0;1;0;1;0;0
"28/02/2026";"09:20:42";"163";"Com vítima";"35,000";"BR-277/PR";"Decrescente";"Queda de moto";0;0;0;1;0;0;0;0;0;0;0;1;0;0;0
"28/02/2026";"10:37:09";"186";"Sem vítima";"5,700";"BR-277/PR";"Decrescente";"Colisão frontal";0;0;2;0;0;0;0;0;0;0;2;0;0;0;0
"28/02/2026";"11:25:46";"194";"Sem vítima";"18,900";"BR-277/PR";"Decrescente";"Colisão frontal";1;0;1;0;0;0;0;0;0;0;4;0;0;0;0
"28/02/2026";"12:28:07";"203";"Sem vítima";"65,909";"BR-277/PR";"Crescente";"Colisão traseira";1;0;0;0;0;0;0;0;0;0;3;0;0;0;0
"28/02/2026";"15:31:15";"244";"Com vítima";"24,329";"BR-369/PR";"Crescente";"Colisão frontal";1;0;1;0;0;0;0;0;0;0;4;2;0;0;0
"28/02/2026";"23:51:21";"319";"Sem vítima";"293,500";"151/PR";"Crescente";"Choque";1;0;0;0;0;0;0;0;0;0;2;0;0;0;0